week,symptom_id,symptom_name,hospitals_observed,total_cases,average_cases_per_hospital,average_growth_rate,median_growth_rate,average_incidence_proportion,hospitals_increasing,hospitals_orange_red,spread_proportion,increasing_hospital_proportion,cross_hospital_alert,potential_outbreak_signal
2026-06-01,S001,Fever,10,7534,753.4,,,0.8572487079514726,0,0,1.0,0.0,GREEN,False
2026-06-01,S002,Headache,10,3932,393.2,,,0.4471179529670444,0,0,1.0,0.0,GREEN,False
2026-06-01,S003,Fatigue,10,1822,182.2,,,0.20889113511053425,0,0,1.0,0.0,GREEN,False
2026-06-01,S004,Chills,10,1154,115.4,,,0.1325186705755282,0,0,1.0,0.0,GREEN,False
2026-06-01,S005,Sweating,10,1154,115.4,,,0.1325186705755282,0,0,1.0,0.0,GREEN,False
2026-06-01,S006,Dry Cough,10,3557,355.7,,,0.4042473658774662,0,0,1.0,0.0,GREEN,False
2026-06-01,S007,Persistent Cough,10,269,26.9,,,0.030772604926277793,0,0,1.0,0.0,GREEN,False
2026-06-01,S008,Sore Throat,10,2293,229.3,,,0.260892847391837,0,0,1.0,0.0,GREEN,False
2026-06-01,S009,Runny Nose,10,1348,134.8,,,0.1526335730968693,0,0,1.0,0.0,GREEN,False
2026-06-01,S010,Breathlessness,10,105,10.5,,,0.012154697594909999,0,0,1.0,0.0,GREEN,False
2026-06-01,S012,Loss of Taste,10,276,27.6,,,0.03193271799372361,0,0,1.0,0.0,GREEN,False
2026-06-01,S013,Loss of Smell,10,301,30.1,,,0.03522266728151348,0,0,1.0,0.0,GREEN,False
2026-06-01,S014,Muscle Pain,10,3532,353.2,,,0.399259036957466,0,0,1.0,0.0,GREEN,False
2026-06-01,S015,Joint Pain,10,1489,148.9,,,0.16898009908243689,0,0,1.0,0.0,GREEN,False
2026-06-01,S016,Retro-orbital Pain,10,1209,120.9,,,0.1372154052831646,0,0,1.0,0.0,GREEN,False
2026-06-01,S017,Rash,10,496,49.6,,,0.05631046149424347,0,0,1.0,0.0,GREEN,False
2026-06-01,S018,Nausea,10,1214,121.4,,,0.13725201374389268,0,0,1.0,0.0,GREEN,False
2026-06-01,S019,Vomiting,10,1622,162.2,,,0.18465765693132913,0,0,1.0,0.0,GREEN,False
2026-06-01,S020,Diarrhoea,10,1266,126.6,,,0.14394690766831714,0,0,1.0,0.0,GREEN,False
2026-06-01,S021,Abdominal Pain,10,872,87.2,,,0.09944541719888952,0,0,1.0,0.0,GREEN,False
2026-06-01,S022,Loss of Appetite,10,316,31.6,,,0.03591586474421308,0,0,1.0,0.0,GREEN,False
2026-06-01,S023,Weight Loss,10,40,4.0,,,0.00470312604196121,0,0,1.0,0.0,GREEN,False
2026-06-01,S024,Night Sweats,10,91,9.1,,,0.01037449198325718,0,0,1.0,0.0,GREEN,False
2026-06-01,S025,Bleeding,10,26,2.6,,,0.00288376662146797,0,0,1.0,0.0,GREEN,False
2026-06-01,S026,Anaemia,10,21,2.1,,,0.00247380756254925,0,0,1.0,0.0,GREEN,False
2026-06-01,S011,Chest Pain,9,20,2.2222222222222223,,,0.002651964881607267,0,0,0.9,0.0,GREEN,False
2026-06-01,S027,Dehydration,9,30,3.3333333333333335,,,0.0037674941478150112,0,0,0.9,0.0,GREEN,False
2026-06-08,S026,Anaemia,10,26,2.6,59.16666666666667,50.0,0.00299164765126504,6,6,1.0,0.6,RED,True
2026-06-08,S027,Dehydration,9,50,5.555555555555555,211.25,100.0,0.006061557495686089,6,5,0.9,0.6,RED,True
2026-06-08,S025,Bleeding,10,31,3.1,53.333333333333336,29.166666666666664,0.00348351946474986,5,4,1.0,0.5,ORANGE,True
2026-06-08,S023,Weight Loss,10,39,3.9,45.76190476190476,0.0,0.00430353626636769,3,3,1.0,0.3,ORANGE,True
2026-06-08,S007,Persistent Cough,10,275,27.5,7.66022153874051,3.7006578947368416,0.031662267949337256,4,0,1.0,0.4,ORANGE,False
2026-06-08,S012,Loss of Taste,10,266,26.6,7.454150372443546,-10.338680926916222,0.02986965232111751,3,2,1.0,0.3,ORANGE,False
2026-06-08,S013,Loss of Smell,10,282,28.2,4.863604626926266,-1.7801857585139325,0.0317692568229205,3,2,1.0,0.3,ORANGE,False
2026-06-08,S010,Breathlessness,10,99,9.9,13.274531024531026,-0.5555555555555554,0.01118047744206816,2,2,1.0,0.2,YELLOW,False
2026-06-08,S022,Loss of Appetite,10,336,33.6,9.025441585541737,4.612937433722163,0.03860013561010725,2,1,1.0,0.2,YELLOW,False
2026-06-08,S024,Night Sweats,10,93,9.3,7.425282234105765,4.545454545454546,0.01057666103453284,2,2,1.0,0.2,YELLOW,False
2026-06-08,S011,Chest Pain,8,19,2.375,23.809523809523814,0.0,0.0026517090870577876,2,2,0.8,0.2,YELLOW,False
2026-06-08,S009,Runny Nose,10,1442,144.2,7.433199562312143,7.246636414298225,0.16350840661328614,0,0,1.0,0.0,GREEN,False
2026-06-08,S015,Joint Pain,10,1535,153.5,4.963545979283408,3.497672450275074,0.1767308860070894,0,0,1.0,0.0,GREEN,False
2026-06-08,S006,Dry Cough,10,3657,365.7,2.8395203814515138,1.659809603892009,0.4153252494817369,0,0,1.0,0.0,GREEN,False
2026-06-08,S008,Sore Throat,10,2334,233.4,1.8332869201699793,4.80979308572163,0.2646050634543318,0,0,1.0,0.0,GREEN,False
2026-06-08,S014,Muscle Pain,10,3517,351.7,1.1722434440023082,-3.23778157740725,0.40307616598701745,0,0,1.0,0.0,GREEN,False
2026-06-08,S001,Fever,10,7528,752.8,-0.09816031554579961,0.2033365301897121,0.8584327642474161,0,0,1.0,0.0,GREEN,False
2026-06-08,S020,Diarrhoea,10,1259,125.9,-0.2434133087369287,-1.0309278350515465,0.14363540142335388,0,0,1.0,0.0,GREEN,False
2026-06-08,S021,Abdominal Pain,10,861,86.1,-0.8139916001347537,0.0,0.09828483584173567,0,0,1.0,0.0,GREEN,False
2026-06-08,S018,Nausea,10,1169,116.9,-0.8447562224660039,-8.294520547945206,0.13374253657639482,1,0,1.0,0.1,GREEN,False
2026-06-08,S017,Rash,10,475,47.5,-1.7410110098404528,1.5625,0.054699872176305786,0,0,1.0,0.0,GREEN,False
2026-06-08,S019,Vomiting,10,1576,157.6,-2.623033909442523,-3.570127504553734,0.17978698938682758,0,0,1.0,0.0,GREEN,False
2026-06-08,S016,Retro-orbital Pain,10,1153,115.3,-2.8405395202927735,-3.5525321239606953,0.13237490916378344,0,0,1.0,0.0,GREEN,False
2026-06-08,S002,Headache,10,3771,377.1,-3.622514244961122,-5.430560629537715,0.4310588116330882,0,0,1.0,0.0,GREEN,False
2026-06-08,S003,Fatigue,10,1719,171.9,-5.694691014139049,-7.385569716729475,0.1969987622750632,0,0,1.0,0.0,GREEN,False
2026-06-08,S004,Chills,10,1068,106.8,-7.8767744415798715,-4.910790873220106,0.12105435361982908,0,0,1.0,0.0,GREEN,False
2026-06-08,S005,Sweating,10,1068,106.8,-7.8767744415798715,-4.910790873220106,0.12105435361982908,0,0,1.0,0.0,GREEN,False
2026-06-15,S023,Weight Loss,10,52,5.2,75.38888888888889,100.0,0.00573673719368993,7,6,1.0,0.7,RED,True
2026-06-15,S011,Chest Pain,10,27,2.7,53.333333333333336,16.666666666666664,0.00300830125083703,5,4,1.0,0.5,ORANGE,True
2026-06-15,S024,Night Sweats,10,108,10.8,33.33050283050283,38.18181818181819,0.01222643722788584,6,3,1.0,0.6,ORANGE,True
2026-06-15,S021,Abdominal Pain,10,973,97.3,14.423737808133495,16.821946169772257,0.11144540683686048,3,0,1.0,0.3,ORANGE,False
2026-06-15,S027,Dehydration,10,47,4.7,13.05952380952381,-24.285714285714285,0.00533095941914576,3,2,1.0,0.3,ORANGE,False
2026-06-15,S010,Breathlessness,10,92,9.2,8.771561771561773,-6.25,0.01068359869814838,3,2,1.0,0.3,ORANGE,False
2026-06-15,S017,Rash,10,483,48.3,2.7240158527226073,0.25917065390749616,0.05487545670664473,3,0,1.0,0.3,ORANGE,False
2026-06-15,S026,Anaemia,8,23,2.875,26.25,33.33333333333333,0.0029962369627308375,4,4,0.8,0.4,ORANGE,True
2026-06-15,S025,Bleeding,7,27,3.857142857142857,70.47619047619047,66.66666666666666,0.0045399493751468,4,4,0.7,0.4,ORANGE,True
2026-06-15,S007,Persistent Cough,10,290,29.0,9.289577424491217,6.89655172413793,0.03336762442650127,2,1,1.0,0.2,YELLOW,False
2026-06-15,S004,Chills,10,1111,111.1,6.811105742532111,-0.6171025565677343,0.12758051152457509,2,0,1.0,0.2,YELLOW,False
2026-06-15,S005,Sweating,10,1111,111.1,6.811105742532111,-0.6171025565677343,0.12758051152457509,2,0,1.0,0.2,YELLOW,False
2026-06-15,S012,Loss of Taste,10,262,26.2,3.9890239265239273,10.476190476190476,0.0297394747609459,2,1,1.0,0.2,YELLOW,False
2026-06-15,S022,Loss of Appetite,10,343,34.3,3.5712889419461953,0.0657894736842104,0.03942162725672466,2,0,1.0,0.2,YELLOW,False
2026-06-15,S018,Nausea,10,1263,126.3,8.281300198742391,10.740469208211145,0.14354281040375336,0,0,1.0,0.0,GREEN,False
2026-06-15,S020,Diarrhoea,10,1346,134.6,7.1751697814208,10.191433686819998,0.15391959597857732,0,0,1.0,0.0,GREEN,False
2026-06-15,S019,Vomiting,10,1678,167.8,6.797697898567111,6.156383856120467,0.19194730684269884,0,0,1.0,0.0,GREEN,False
2026-06-15,S003,Fatigue,10,1737,173.7,0.9449992436733913,-0.6728553415365885,0.19797276681753084,1,0,1.0,0.1,GREEN,False
2026-06-15,S002,Headache,10,3759,375.9,-0.35601220394008887,-2.2597412404349577,0.4295982862557053,0,0,1.0,0.0,GREEN,False
2026-06-15,S008,Sore Throat,10,2314,231.4,-0.6977750130982194,-3.425684485006519,0.2634515352442789,0,0,1.0,0.0,GREEN,False
2026-06-15,S001,Fever,10,7416,741.6,-1.534280452465339,-1.0793923058074002,0.8465225333987005,0,0,1.0,0.0,GREEN,False
2026-06-15,S016,Retro-orbital Pain,10,1137,113.7,-1.6271815982616915,-1.3626298756600237,0.13010476767809417,0,0,1.0,0.0,GREEN,False
2026-06-15,S006,Dry Cough,10,3586,358.6,-2.1117877457589893,-1.0833681683226686,0.40747859344453874,0,0,1.0,0.0,GREEN,False
2026-06-15,S014,Muscle Pain,10,3384,338.4,-4.123955185728261,-3.678094844401958,0.38678558057458323,0,0,1.0,0.0,GREEN,False
2026-06-15,S009,Runny Nose,10,1371,137.1,-5.184409161991153,-4.229811647542759,0.15542451143577884,0,0,1.0,0.0,GREEN,False
2026-06-15,S013,Loss of Smell,10,256,25.6,-5.790842884889375,-1.4705882352941175,0.0289034972415953,1,0,1.0,0.1,GREEN,False
2026-06-15,S015,Joint Pain,10,1408,140.8,-8.480247785226624,-9.205449722691103,0.16191897124510965,0,0,1.0,0.0,GREEN,False
2026-06-22,S027,Dehydration,10,56,5.6,63.583333333333336,12.5,0.00622011793359311,4,4,1.0,0.4,ORANGE,True
2026-06-22,S012,Loss of Taste,10,321,32.1,31.930045529183463,16.666666666666664,0.035942988022348424,4,4,1.0,0.4,ORANGE,True
2026-06-22,S023,Weight Loss,10,46,4.6,28.611111111111114,-16.666666666666664,0.00543711682757138,4,4,1.0,0.4,ORANGE,True
2026-06-22,S013,Loss of Smell,10,307,30.7,28.398214814913104,18.26923076923077,0.03427842288175825,4,2,1.0,0.4,ORANGE,True
2026-06-22,S010,Breathlessness,10,99,9.9,21.729097699685934,11.11111111111111,0.01141652895465301,4,3,1.0,0.4,ORANGE,False
2026-06-22,S011,Chest Pain,9,26,2.888888888888889,30.555555555555557,0.0,0.003350715758256289,4,4,0.9,0.4,ORANGE,True
2026-06-22,S026,Anaemia,7,20,2.857142857142857,20.952380952380956,-60.0,0.0031706822246602854,3,3,0.7,0.3,ORANGE,False
2026-06-22,S025,Bleeding,10,35,3.5,13.5,-20.0,0.0038353638777567796,2,1,1.0,0.2,YELLOW,False
2026-06-22,S017,Rash,10,495,49.5,8.700569582922524,-0.26610644257703064,0.055997271890173284,2,2,1.0,0.2,YELLOW,False
2026-06-22,S024,Night Sweats,10,102,10.2,6.967338217338217,-4.166666666666666,0.01196207900275232,2,2,1.0,0.2,YELLOW,False
2026-06-22,S007,Persistent Cough,10,270,27.0,-2.720905839572061,-12.060606060606059,0.03138724422326056,2,1,1.0,0.2,YELLOW,False
2026-06-22,S022,Loss of Appetite,10,315,31.5,-6.157888859108373,-8.93939393939394,0.03495239089209879,2,0,1.0,0.2,YELLOW,False
2026-06-22,S016,Retro-orbital Pain,10,1226,122.6,8.86023964298835,9.441176470588236,0.13758404203209298,0,0,1.0,0.0,GREEN,False
2026-06-22,S015,Joint Pain,10,1529,152.9,8.420521603607645,8.031442241968557,0.1707639178403036,1,0,1.0,0.1,GREEN,False
2026-06-22,S003,Fatigue,10,1845,184.5,7.1991838873319125,8.211314089155394,0.20628252605095554,0,0,1.0,0.0,GREEN,False
2026-06-22,S014,Muscle Pain,10,3571,357.1,5.898234910941948,5.095481501150646,0.3997851895629371,0,0,1.0,0.0,GREEN,False
2026-06-22,S006,Dry Cough,10,3696,369.6,4.169950879100016,1.850693413630773,0.4125085367583304,0,0,1.0,0.0,GREEN,False
2026-06-22,S009,Runny Nose,10,1402,140.2,4.128915130987339,5.181260457334077,0.15646071539875744,1,0,1.0,0.1,GREEN,False
2026-06-22,S001,Fever,10,7712,771.2,4.111688761002605,2.7934999887698493,0.8606122828890739,0,0,1.0,0.0,GREEN,False
2026-06-22,S008,Sore Throat,10,2369,236.9,3.851611673578264,1.0104161666586664,0.26512752905613296,0,0,1.0,0.0,GREEN,False
2026-06-22,S002,Headache,10,3903,390.3,3.822581739162545,3.1599042625940275,0.434988688094594,0,0,1.0,0.0,GREEN,False
2026-06-22,S004,Chills,10,1118,111.8,0.003297346266454326,-2.0334836786178423,0.12434028787863191,0,0,1.0,0.0,GREEN,False
2026-06-22,S005,Sweating,10,1118,111.8,0.003297346266454326,-2.0334836786178423,0.12434028787863191,0,0,1.0,0.0,GREEN,False
2026-06-22,S019,Vomiting,10,1637,163.7,-1.4315353564185442,0.37498733150907065,0.18417858022019282,0,0,1.0,0.0,GREEN,False
2026-06-22,S020,Diarrhoea,10,1275,127.5,-4.940855159739665,-6.2912308930008045,0.14266862532284424,0,0,1.0,0.0,GREEN,False
2026-06-22,S018,Nausea,10,1177,117.7,-5.460264817743923,-9.382553284992309,0.131961406439854,0,0,1.0,0.0,GREEN,False
2026-06-22,S021,Abdominal Pain,10,906,90.6,-6.383756119033333,-10.733904636343661,0.10134378154476734,0,0,1.0,0.0,GREEN,False
2026-06-29,S023,Weight Loss,10,47,4.7,77.88888888888889,20.0,0.00539490257953208,5,4,1.0,0.5,ORANGE,True
2026-06-29,S025,Bleeding,10,39,3.9,64.80952380952381,-12.5,0.00457870754031828,3,3,1.0,0.3,ORANGE,True
2026-06-29,S026,Anaemia,10,24,2.4,49.166666666666664,-37.5,0.00271990355238662,4,4,1.0,0.4,ORANGE,True
2026-06-29,S027,Dehydration,10,49,4.9,13.787878787878787,0.0,0.00528194495074737,3,2,1.0,0.3,ORANGE,False
2026-06-29,S024,Night Sweats,10,109,10.9,13.01010101010101,4.545454545454546,0.01246708327787054,3,2,1.0,0.3,ORANGE,False
2026-06-29,S022,Loss of Appetite,10,335,33.5,8.744486803115228,-2.1538461538461537,0.03729269228503048,4,0,1.0,0.4,ORANGE,False
2026-06-29,S011,Chest Pain,10,25,2.5,7.333333333333334,0.0,0.00295773791198333,4,3,1.0,0.4,ORANGE,False
2026-06-29,S007,Persistent Cough,10,301,30.1,14.676406926406926,11.011904761904763,0.03492286134208397,2,1,1.0,0.2,YELLOW,False
2026-06-29,S010,Breathlessness,10,92,9.2,0.8799762329174101,-9.722222222222221,0.011077986815746569,2,1,1.0,0.2,YELLOW,False
2026-06-29,S013,Loss of Smell,10,289,28.9,-2.2282537664463566,-9.077380952380953,0.03325167205297289,2,0,1.0,0.2,YELLOW,False
2026-06-29,S004,Chills,10,1146,114.6,4.7237545664927945,1.9237849779086893,0.13128686524929284,1,0,1.0,0.1,GREEN,False
2026-06-29,S005,Sweating,10,1146,114.6,4.7237545664927945,1.9237849779086893,0.13128686524929284,1,0,1.0,0.1,GREEN,False
2026-06-29,S017,Rash,10,489,48.9,0.44234352464502036,-1.278825995807128,0.05534804531268771,1,1,1.0,0.1,GREEN,False
2026-06-29,S008,Sore Throat,10,2365,236.5,0.23950613492187295,2.2860034702139966,0.26952850866839484,0,0,1.0,0.0,GREEN,False
2026-06-29,S003,Fatigue,10,1815,181.5,-0.7477314992392323,-0.3105590062111801,0.2076758167455242,0,0,1.0,0.0,GREEN,False
2026-06-29,S001,Fever,10,7599,759.9,-1.3383591361274807,-0.115473441108545,0.8635372304854634,0,0,1.0,0.0,GREEN,False
2026-06-29,S015,Joint Pain,10,1493,149.3,-1.7453036013380536,-3.7928534879754396,0.1699772190628234,0,0,1.0,0.0,GREEN,False
2026-06-29,S006,Dry Cough,10,3614,361.4,-1.9105824852274558,-2.894784967539395,0.411017407653949,0,0,1.0,0.0,GREEN,False
2026-06-29,S009,Runny Nose,10,1359,135.9,-2.0432133605387106,-3.8259413259413257,0.15403930673188823,0,0,1.0,0.0,GREEN,False
2026-06-29,S002,Headache,10,3812,381.2,-2.2211620671276195,-3.230329576411517,0.4326002156286557,0,0,1.0,0.0,GREEN,False
2026-06-29,S018,Nausea,10,1137,113.7,-2.2782054279018906,-5.0003322479899,0.12939998949133086,1,0,1.0,0.1,GREEN,False
2026-06-29,S014,Muscle Pain,10,3459,345.9,-3.1269809885451343,-5.849354610315342,0.3922653224782952,0,0,1.0,0.0,GREEN,False
2026-06-29,S016,Retro-orbital Pain,10,1182,118.2,-3.89039686996025,-7.475840105424995,0.13401397630859269,0,0,1.0,0.0,GREEN,False
2026-06-29,S020,Diarrhoea,10,1220,122.0,-4.210656805606232,-8.039191316596238,0.13789008247602114,0,0,1.0,0.0,GREEN,False
2026-06-29,S019,Vomiting,10,1577,157.7,-4.387497635079162,-0.2380952380952381,0.17824570195629788,0,0,1.0,0.0,GREEN,False
2026-06-29,S021,Abdominal Pain,10,835,83.5,-8.197636098761919,-7.1647274954072255,0.09371776548810724,0,0,1.0,0.0,GREEN,False
2026-06-29,S012,Loss of Taste,10,279,27.9,-10.931509105505656,-18.83070301291248,0.03245611771803769,0,0,1.0,0.0,GREEN,False
2026-07-06,S025,Bleeding,10,40,4.0,29.416666666666664,41.666666666666664,0.00462475350257764,6,5,1.0,0.6,RED,True
2026-07-06,S010,Breathlessness,10,101,10.1,20.485209235209233,27.922077922077918,0.011334409148314059,6,4,1.0,0.6,ORANGE,False
2026-07-06,S012,Loss of Taste,10,304,30.4,12.146979344116545,-5.840336134453782,0.03459917085877662,4,2,1.0,0.4,ORANGE,False
2026-07-06,S022,Loss of Appetite,10,338,33.8,7.01510302013219,10.597826086956522,0.03865093827218042,3,0,1.0,0.3,ORANGE,False
2026-07-06,S013,Loss of Smell,10,304,30.4,6.314537346133347,-3.5252643948296116,0.03481979930843962,3,0,1.0,0.3,ORANGE,False
2026-07-06,S011,Chest Pain,8,22,2.75,39.58333333333333,16.666666666666664,0.0030209022534882874,4,2,0.8,0.4,ORANGE,True
2026-07-06,S021,Abdominal Pain,10,845,84.5,3.709037586938328,0.890985324947589,0.09650019067646208,2,0,1.0,0.2,YELLOW,False
2026-07-06,S017,Rash,10,459,45.9,-2.868339725790616,-5.6254367575122295,0.052395151673185224,2,0,1.0,0.2,YELLOW,False
2026-07-06,S023,Weight Loss,10,34,3.4,-11.714285714285714,-41.666666666666664,0.00393951414180792,2,2,1.0,0.2,YELLOW,False
2026-07-06,S027,Dehydration,10,33,3.3,-20.3030303030303,-33.33333333333333,0.0036286502236230604,2,2,1.0,0.2,YELLOW,False
2026-07-06,S026,Anaemia,8,13,1.625,9.79166666666667,-16.666666666666664,0.0019552245761506374,2,2,0.8,0.2,YELLOW,False
2026-07-06,S009,Runny Nose,10,1458,145.8,7.844598893201857,10.408834586466165,0.1664514368043531,0,0,1.0,0.0,GREEN,False
2026-07-06,S018,Nausea,10,1172,117.2,3.876163717754429,3.488372093023256,0.13460213772342972,0,0,1.0,0.0,GREEN,False
2026-07-06,S002,Headache,10,3914,391.4,2.9422200179048,2.340885001898781,0.447927415612949,0,0,1.0,0.0,GREEN,False
2026-07-06,S004,Chills,10,1182,118.2,2.7950551225603677,1.1769620128753255,0.1347178233634121,0,0,1.0,0.0,GREEN,False
2026-07-06,S005,Sweating,10,1182,118.2,2.7950551225603677,1.1769620128753255,0.1347178233634121,0,0,1.0,0.0,GREEN,False
2026-07-06,S020,Diarrhoea,10,1214,121.4,0.13714530476103057,2.582761481034613,0.13903151011400977,0,0,1.0,0.0,GREEN,False
2026-07-06,S006,Dry Cough,10,3599,359.9,0.010882395044413861,1.8305711903272879,0.4128020803240594,0,0,1.0,0.0,GREEN,False
2026-07-06,S019,Vomiting,10,1549,154.9,-0.34955018527302606,0.607628905501246,0.177923820988786,0,0,1.0,0.0,GREEN,False
2026-07-06,S014,Muscle Pain,10,3435,343.5,-0.719209272051457,-0.28735632183908044,0.3915854461117757,0,0,1.0,0.0,GREEN,False
2026-07-06,S001,Fever,10,7521,752.1,-1.0633481213952833,-1.0282228156059932,0.8600813646912693,0,0,1.0,0.0,GREEN,False
2026-07-06,S003,Fatigue,10,1758,175.8,-2.8401973311992967,-2.29269801980198,0.20244112860788852,0,0,1.0,0.0,GREEN,False
2026-07-06,S008,Sore Throat,10,2296,229.6,-2.846896931821991,-3.9264705882352944,0.26311913297833245,0,0,1.0,0.0,GREEN,False
2026-07-06,S015,Joint Pain,10,1447,144.7,-3.632339224184359,-1.6964285714285714,0.1643448077383439,0,0,1.0,0.0,GREEN,False
2026-07-06,S016,Retro-orbital Pain,10,1119,111.9,-4.4975014664150335,-2.1098212640501197,0.12784621406576818,0,0,1.0,0.0,GREEN,False
2026-07-06,S007,Persistent Cough,10,269,26.9,-11.261883363477473,-11.69415292353823,0.03113422357660065,1,0,1.0,0.1,GREEN,False
2026-07-06,S024,Night Sweats,10,88,8.8,-16.183455433455435,-13.392857142857142,0.010295289319590919,1,1,1.0,0.1,GREEN,False
2026-07-13,S027,Dehydration,10,46,4.6,80.47619047619048,25.0,0.00524118438747396,5,5,1.0,0.5,RED,True
2026-07-13,S024,Night Sweats,10,83,8.3,17.619047619047613,-3.571428571428571,0.009473670174192669,3,2,1.0,0.3,ORANGE,False
2026-07-13,S025,Bleeding,10,32,3.2,-4.5,-16.666666666666664,0.00368607389549451,3,2,1.0,0.3,ORANGE,False
2026-07-13,S026,Anaemia,9,25,2.7777777777777777,92.5925925925926,0.0,0.0033015037424027113,4,4,0.9,0.4,ORANGE,True
2026-07-13,S017,Rash,10,478,47.8,7.518764902757856,5.0,0.05478438334006086,2,1,1.0,0.2,YELLOW,False
2026-07-13,S022,Loss of Appetite,10,350,35.0,4.1326700092657545,3.846153846153846,0.03949928833526943,2,0,1.0,0.2,YELLOW,False
2026-07-13,S011,Chest Pain,8,15,1.875,0.0,-37.5,0.002158418859727875,2,2,0.8,0.2,YELLOW,False
2026-07-13,S015,Joint Pain,10,1538,153.8,8.746156151040692,10.555555555555555,0.17587666513288808,1,0,1.0,0.1,GREEN,False
2026-07-13,S016,Retro-orbital Pain,10,1211,121.1,8.626529230103,8.508771929824562,0.13770280904187154,1,0,1.0,0.1,GREEN,False
2026-07-13,S021,Abdominal Pain,10,901,90.1,6.741317858341131,5.201569264069264,0.10204981571446307,1,0,1.0,0.1,GREEN,False
2026-07-13,S019,Vomiting,10,1631,163.1,4.931052051055546,4.927336055729041,0.1852768437473215,0,0,1.0,0.0,GREEN,False
2026-07-13,S020,Diarrhoea,10,1274,127.4,4.8812979565775265,5.343137254901961,0.14428534420106015,0,0,1.0,0.0,GREEN,False
2026-07-13,S014,Muscle Pain,10,3586,358.6,4.808427280531648,5.319349962207105,0.406735247882989,0,0,1.0,0.0,GREEN,False
2026-07-13,S018,Nausea,10,1225,122.5,4.546115982291982,3.7732919254658386,0.13940768090398417,1,0,1.0,0.1,GREEN,False
2026-07-13,S001,Fever,10,7591,759.1,0.9842411181924847,1.3337468982630272,0.8619628623790584,0,0,1.0,0.0,GREEN,False
2026-07-13,S008,Sore Throat,10,2301,230.1,0.14324489576540228,4.5364156102411135,0.2609690176233681,0,0,1.0,0.0,GREEN,False
2026-07-13,S006,Dry Cough,10,3598,359.8,-0.19863033404671704,0.5333333333333334,0.4085189041113277,0,0,1.0,0.0,GREEN,False
2026-07-13,S002,Headache,10,3868,386.8,-1.2377531306432217,-3.1924302903253596,0.4389002207000532,0,0,1.0,0.0,GREEN,False
2026-07-13,S003,Fatigue,10,1739,173.9,-1.3073287803678786,-1.7647058823529411,0.19809467695907995,0,0,1.0,0.0,GREEN,False
2026-07-13,S009,Runny Nose,10,1407,140.7,-4.015356021894741,-6.611323459149546,0.1587340583941557,0,0,1.0,0.0,GREEN,False
2026-07-13,S007,Persistent Cough,10,242,24.2,-5.284995470479342,-9.722222222222221,0.02760636859673235,1,0,1.0,0.1,GREEN,False
2026-07-13,S004,Chills,10,1097,109.7,-7.274443276939179,-11.421770866391622,0.12403980213015661,0,0,1.0,0.0,GREEN,False
2026-07-13,S005,Sweating,10,1097,109.7,-7.274443276939179,-11.421770866391622,0.12403980213015661,0,0,1.0,0.0,GREEN,False
2026-07-13,S012,Loss of Taste,10,244,24.4,-15.334283192467552,-22.5,0.0281570388934262,1,0,1.0,0.1,GREEN,False
2026-07-13,S013,Loss of Smell,10,251,25.1,-16.848974035159166,-21.320346320346317,0.028800479368875732,0,0,1.0,0.0,GREEN,False
2026-07-13,S010,Breathlessness,10,76,7.6,-20.92085692085692,-34.52380952380952,0.008575020506205549,1,1,1.0,0.1,GREEN,False
2026-07-13,S023,Weight Loss,8,20,2.5,-25.625,-26.666666666666664,0.002838241976705375,1,0,0.8,0.1,GREEN,False
2026-07-20,S023,Weight Loss,10,41,4.1,80.83333333333333,37.5,0.00445896856382187,5,5,1.0,0.5,RED,True
2026-07-20,S024,Night Sweats,10,106,10.6,41.781274281274285,30.0,0.01190952014817425,5,5,1.0,0.5,RED,True
2026-07-20,S025,Bleeding,10,34,3.4,63.16666666666667,-33.33333333333333,0.00391410702022208,4,4,1.0,0.4,ORANGE,True
2026-07-20,S027,Dehydration,10,52,5.2,37.45238095238095,10.0,0.00581401559550027,4,3,1.0,0.4,ORANGE,True
2026-07-20,S007,Persistent Cough,10,320,32.0,33.06101918515712,30.128205128205124,0.03598751730555618,6,4,1.0,0.6,ORANGE,True
2026-07-20,S011,Chest Pain,10,23,2.3,30.0,16.666666666666664,0.00259819703124036,5,4,1.0,0.5,ORANGE,True
2026-07-20,S012,Loss of Taste,10,288,28.8,24.024245710429923,11.607142857142858,0.03223016734244963,4,2,1.0,0.4,ORANGE,False
2026-07-20,S013,Loss of Smell,10,294,29.4,22.504639274716006,7.983682983682983,0.03280393652943055,3,3,1.0,0.3,ORANGE,False
2026-07-20,S010,Breathlessness,10,82,8.2,21.085858585858585,-17.424242424242422,0.00927782195484864,4,4,1.0,0.4,ORANGE,False
2026-07-20,S026,Anaemia,9,28,3.111111111111111,39.074074074074076,-20.0,0.003500581123092411,3,3,0.9,0.3,ORANGE,True
2026-07-20,S022,Loss of Appetite,10,346,34.6,4.445579086694953,-3.7804878048780486,0.03894615577575344,2,1,1.0,0.2,YELLOW,False
2026-07-20,S003,Fatigue,10,1840,184.0,6.273943421409574,5.920649509803921,0.2066262770164812,1,0,1.0,0.1,GREEN,False
2026-07-20,S004,Chills,10,1153,115.3,5.581709500993723,3.4994011976047905,0.1285124053165323,0,0,1.0,0.0,GREEN,False
2026-07-20,S005,Sweating,10,1153,115.3,5.581709500993723,3.4994011976047905,0.1285124053165323,0,0,1.0,0.0,GREEN,False
2026-07-20,S017,Rash,10,493,49.3,4.508147542701808,7.834290401968826,0.056121391388775456,0,0,1.0,0.0,GREEN,False
2026-07-20,S019,Vomiting,10,1709,170.9,4.413739514868982,4.145189003436426,0.1904539858455883,0,0,1.0,0.0,GREEN,False
2026-07-20,S008,Sore Throat,10,2357,235.7,3.5889605491449155,0.14773673979450175,0.26531912019184395,0,0,1.0,0.0,GREEN,False
2026-07-20,S020,Diarrhoea,10,1315,131.5,3.266861865148693,2.6862794401139887,0.14635991331287448,0,0,1.0,0.0,GREEN,False
2026-07-20,S021,Abdominal Pain,10,915,91.5,2.892393479500514,3.360148514851485,0.10268750095773338,0,0,1.0,0.0,GREEN,False
2026-07-20,S018,Nausea,10,1249,124.9,2.459290950522077,1.36986301369863,0.13962367137818912,0,0,1.0,0.0,GREEN,False
2026-07-20,S009,Runny Nose,10,1398,139.8,1.6548229065224915,1.430440222955295,0.157495599909912,1,0,1.0,0.1,GREEN,False
2026-07-20,S006,Dry Cough,10,3632,363.2,1.492730385151195,0.801826426303067,0.4088789778807193,0,0,1.0,0.0,GREEN,False
2026-07-20,S002,Headache,10,3870,387.0,0.3731489035302195,-1.3190917059932517,0.4342152121532104,0,0,1.0,0.0,GREEN,False
2026-07-20,S001,Fever,10,7591,759.1,0.18061207579302602,-0.22189349112426035,0.8520820649534265,0,0,1.0,0.0,GREEN,False
2026-07-20,S016,Retro-orbital Pain,10,1169,116.9,-2.242294658366652,1.027322404371585,0.13178672855954934,0,0,1.0,0.0,GREEN,False
2026-07-20,S014,Muscle Pain,10,3489,348.9,-2.359525238514125,-3.591935760194975,0.3912018436284427,0,0,1.0,0.0,GREEN,False
2026-07-20,S015,Joint Pain,10,1493,149.3,-3.638274373992053,-6.453488372093023,0.1664811322018767,1,0,1.0,0.1,GREEN,False
2026-07-27,S025,Bleeding,9,41,4.555555555555555,79.62962962962963,50.0,0.005041216496442189,5,5,0.9,0.5,RED,True
2026-07-27,S010,Breathlessness,10,87,8.7,28.88023088023088,6.111111111111111,0.00990811490814766,4,2,1.0,0.4,ORANGE,True
2026-07-27,S023,Weight Loss,10,38,3.8,16.666666666666668,-10.0,0.0043140032901599,3,3,1.0,0.3,ORANGE,False
2026-07-27,S024,Night Sweats,10,103,10.3,4.517732267732268,0.8333333333333339,0.01181663434774743,3,2,1.0,0.3,ORANGE,False
2026-07-27,S027,Dehydration,10,42,4.2,0.0,-8.333333333333332,0.00501159548182601,3,3,1.0,0.3,ORANGE,False
2026-07-27,S026,Anaemia,9,21,2.3333333333333335,33.73015873015873,0.0,0.002564535913951089,4,3,0.9,0.4,ORANGE,True
2026-07-27,S011,Chest Pain,9,24,2.6666666666666665,24.074074074074073,0.0,0.0029424315913987114,3,3,0.9,0.3,ORANGE,False
2026-07-27,S021,Abdominal Pain,10,914,91.4,1.4920839651182844,-5.128205128205128,0.10446890789549049,2,0,1.0,0.2,YELLOW,False
2026-07-27,S012,Loss of Taste,10,290,29.0,4.762633857370699,0.0,0.03284952972216444,1,1,1.0,0.1,GREEN,False
2026-07-27,S009,Runny Nose,10,1443,144.3,2.8461775076769595,3.9836853279696056,0.16264693640733757,0,0,1.0,0.0,GREEN,False
2026-07-27,S004,Chills,10,1145,114.5,0.5738549347654287,3.9607247889194577,0.1287375853894906,0,0,1.0,0.0,GREEN,False
2026-07-27,S005,Sweating,10,1145,114.5,0.5738549347654287,3.9607247889194577,0.1287375853894906,0,0,1.0,0.0,GREEN,False
2026-07-27,S006,Dry Cough,10,3646,364.6,-0.12939900231069307,0.455596355229158,0.4100107107178389,0,0,1.0,0.0,GREEN,False
2026-07-27,S001,Fever,10,7590,759.0,-0.3784024202025909,0.23227969348659006,0.8534123328830467,0,0,1.0,0.0,GREEN,False
2026-07-27,S014,Muscle Pain,10,3477,347.7,-0.5754527881292586,1.2280701754385965,0.39012596179279785,0,0,1.0,0.0,GREEN,False
2026-07-27,S020,Diarrhoea,10,1279,127.9,-0.6542251520291008,-0.6454918032786885,0.14591708215431962,0,0,1.0,0.0,GREEN,False
2026-07-27,S003,Fatigue,10,1824,182.4,-0.7213859317385196,-0.3571428571428572,0.2055649734186161,0,0,1.0,0.0,GREEN,False
2026-07-27,S013,Loss of Smell,10,267,26.7,-1.1600859100859093,-9.880952380952381,0.0306538638283032,1,1,1.0,0.1,GREEN,False
2026-07-27,S002,Headache,10,3843,384.3,-1.234752507463385,-1.5713293191292266,0.43113747428372706,0,0,1.0,0.0,GREEN,False
2026-07-27,S018,Nausea,10,1210,121.0,-1.3160960952817125,-8.541233541233542,0.1379133154801562,1,0,1.0,0.1,GREEN,False
2026-07-27,S022,Loss of Appetite,10,339,33.9,-1.4877747810569997,-9.27750410509031,0.03808049693933921,1,0,1.0,0.1,GREEN,False
2026-07-27,S019,Vomiting,10,1652,165.2,-1.5204235026614403,-2.592905934699505,0.18827163901088864,0,0,1.0,0.0,GREEN,False
2026-07-27,S016,Retro-orbital Pain,10,1144,114.4,-1.58670730512482,-4.130162703379224,0.12864388806919966,0,0,1.0,0.0,GREEN,False
2026-07-27,S015,Joint Pain,10,1452,145.2,-1.9838242708803313,1.0725117176730081,0.16346370704296667,0,0,1.0,0.0,GREEN,False
2026-07-27,S008,Sore Throat,10,2308,230.8,-2.358913904344395,-1.8979570703708633,0.25920340115474294,0,0,1.0,0.0,GREEN,False
2026-07-27,S007,Persistent Cough,10,294,29.4,-2.5431035467800163,-8.854166666666666,0.03336192197667342,1,1,1.0,0.1,GREEN,False
2026-07-27,S017,Rash,10,462,46.2,-5.146909442415102,-0.2470799640610961,0.0526124890655099,0,0,1.0,0.0,GREEN,False
2026-08-03,S023,Weight Loss,10,42,4.2,25.214285714285715,25.0,0.00480054479802143,5,5,1.0,0.5,RED,True
2026-08-03,S027,Dehydration,10,45,4.5,17.333333333333336,0.0,0.00529310865757946,4,2,1.0,0.4,ORANGE,False
2026-08-03,S017,Rash,10,476,47.6,3.899336056897817,6.318560772268539,0.05244261541499715,3,1,1.0,0.3,ORANGE,False
2026-08-03,S010,Breathlessness,10,80,8.0,-5.062049062049063,-17.045454545454547,0.00879030170468775,3,2,1.0,0.3,ORANGE,False
2026-08-03,S011,Chest Pain,10,25,2.5,10.666666666666666,0.0,0.0028428995299940698,2,2,1.0,0.2,YELLOW,False
2026-08-03,S020,Diarrhoea,10,1359,135.9,6.016735591150235,-0.47846889952153115,0.1522631914224207,2,0,1.0,0.2,YELLOW,False
2026-08-03,S024,Night Sweats,10,93,9.3,-3.4081359816653944,-11.25,0.01063163409963878,2,1,1.0,0.2,YELLOW,False
2026-08-03,S025,Bleeding,10,30,3.0,-21.357142857142854,-41.666666666666664,0.00327446615747759,2,1,1.0,0.2,YELLOW,False
2026-08-03,S019,Vomiting,10,1752,175.2,5.675714099376995,3.6809815950920246,0.1967244371901229,0,0,1.0,0.0,GREEN,False
2026-08-03,S007,Persistent Cough,10,304,30.4,4.639772727272726,-1.5151515151515151,0.03424988377238583,1,0,1.0,0.1,GREEN,False
2026-08-03,S022,Loss of Appetite,10,347,34.7,3.663065190409842,14.550264550264547,0.03904032698714058,1,0,1.0,0.1,GREEN,False
2026-08-03,S021,Abdominal Pain,10,924,92.4,2.6121522750177055,2.6160776160776162,0.10394968205591967,1,0,1.0,0.1,GREEN,False
2026-08-03,S018,Nausea,10,1246,124.6,2.4401437158733517,0.6244616709732989,0.13941641340288433,0,0,1.0,0.0,GREEN,False
2026-08-03,S015,Joint Pain,10,1463,146.3,1.5701306914782893,-1.4610389610389611,0.16373328702565468,0,0,1.0,0.0,GREEN,False
2026-08-03,S014,Muscle Pain,10,3487,348.7,0.8875691143939404,-1.4508694741252879,0.3904928106638952,0,0,1.0,0.0,GREEN,False
2026-08-03,S004,Chills,10,1135,113.5,0.41655102622971346,0.9854368932038834,0.12761716515679858,0,0,1.0,0.0,GREEN,False
2026-08-03,S005,Sweating,10,1135,113.5,0.41655102622971346,0.9854368932038834,0.12761716515679858,0,0,1.0,0.0,GREEN,False
2026-08-03,S001,Fever,10,7575,757.5,0.24295134564666973,-0.7179346834519248,0.84917895931718,0,0,1.0,0.0,GREEN,False
2026-08-03,S002,Headache,10,3803,380.3,0.19344338946239198,1.2920966577483333,0.4277488413626461,0,0,1.0,0.0,GREEN,False
2026-08-03,S003,Fatigue,10,1791,179.1,-0.5238282419735131,-5.281190281190281,0.2019446867355572,0,0,1.0,0.0,GREEN,False
2026-08-03,S016,Retro-orbital Pain,10,1137,113.7,-0.6515855757558328,-3.235669952537422,0.12647173446307725,0,0,1.0,0.0,GREEN,False
2026-08-03,S008,Sore Throat,10,2274,227.4,-0.9912451900480026,-0.5262610774708283,0.2544906354657091,0,0,1.0,0.0,GREEN,False
2026-08-03,S006,Dry Cough,10,3572,357.2,-1.5231423987458232,-1.693703772764,0.40043449053826324,0,0,1.0,0.0,GREEN,False
2026-08-03,S012,Loss of Taste,10,275,27.5,-2.186644839879199,5.772357723577236,0.03099667850477441,1,0,1.0,0.1,GREEN,False
2026-08-03,S013,Loss of Smell,10,262,26.2,-2.3836904783196347,-4.124579124579125,0.02919120230086484,1,1,1.0,0.1,GREEN,False
2026-08-03,S009,Runny Nose,10,1366,136.6,-4.388412249373422,-4.363445704520739,0.15352150574085877,0,0,1.0,0.0,GREEN,False
2026-08-03,S026,Anaemia,7,15,2.142857142857143,-11.904761904761903,0.0,0.0024635117914739144,0,0,0.7,0.0,GREEN,False
2026-08-10,S010,Breathlessness,10,97,9.7,53.23565323565324,40.38461538461539,0.01059224089016681,6,5,1.0,0.6,RED,True
2026-08-10,S025,Bleeding,9,33,3.6666666666666665,69.44444444444444,100.0,0.004197416530968489,7,7,0.9,0.7,RED,True
2026-08-10,S027,Dehydration,10,53,5.3,36.904761904761905,16.666666666666664,0.00595051500324085,5,3,1.0,0.5,ORANGE,True
2026-08-10,S026,Anaemia,10,22,2.2,35.833333333333336,0.0,0.00259840881345169,3,3,1.0,0.3,ORANGE,True
2026-08-10,S013,Loss of Smell,10,280,28.0,19.193988008846496,6.5476190476190474,0.031751125400362665,3,2,1.0,0.3,ORANGE,False
2026-08-10,S012,Loss of Taste,10,268,26.8,4.946565997244705,-3.464755077658303,0.030228420583411453,3,2,1.0,0.3,ORANGE,False
2026-08-10,S011,Chest Pain,8,13,1.625,1.4583333333333357,-33.33333333333333,0.0017995934846223,3,3,0.8,0.3,ORANGE,False
2026-08-10,S017,Rash,10,461,46.1,1.5172275521451593,4.375,0.051585813410428796,2,0,1.0,0.2,YELLOW,False
2026-08-10,S022,Loss of Appetite,10,325,32.5,-1.0167520233496248,-13.594470046082948,0.03641161138162202,2,1,1.0,0.2,YELLOW,False
2026-08-10,S023,Weight Loss,9,24,2.6666666666666665,-18.121693121693124,-33.33333333333333,0.003010958565980078,2,1,0.9,0.2,YELLOW,False
2026-08-10,S004,Chills,10,1161,116.1,2.965346912918765,4.580510682647212,0.13138555669278235,0,0,1.0,0.0,GREEN,False
2026-08-10,S005,Sweating,10,1161,116.1,2.965346912918765,4.580510682647212,0.13138555669278235,0,0,1.0,0.0,GREEN,False
2026-08-10,S006,Dry Cough,10,3656,365.6,2.385549940812112,1.535674547343835,0.409710368885465,0,0,1.0,0.0,GREEN,False
2026-08-10,S016,Retro-orbital Pain,10,1135,113.5,1.7138359330537933,-4.054054054054054,0.1272267058126095,1,0,1.0,0.1,GREEN,False
2026-08-10,S015,Joint Pain,10,1472,147.2,1.6646368543744585,4.994871794871795,0.16448238056834702,0,0,1.0,0.0,GREEN,False
2026-08-10,S008,Sore Throat,10,2290,229.0,1.4744593835843658,-0.453416298868871,0.25744884895932296,0,0,1.0,0.0,GREEN,False
2026-08-10,S009,Runny Nose,10,1388,138.8,1.3419002603286658,-4.193384223918575,0.15507487569228925,1,0,1.0,0.1,GREEN,False
2026-08-10,S002,Headache,10,3831,383.1,0.6271272070716177,0.5092442227437908,0.42999921562882604,0,0,1.0,0.0,GREEN,False
2026-08-10,S003,Fatigue,10,1778,177.8,0.43152963362780455,-1.5527950310559007,0.20119618135388082,0,0,1.0,0.0,GREEN,False
2026-08-10,S001,Fever,10,7592,759.2,0.33157975613746854,0.32674521508268406,0.8523369975348627,0,0,1.0,0.0,GREEN,False
2026-08-10,S014,Muscle Pain,10,3476,347.6,-0.24087780364408692,-1.1498148824112218,0.38897244788091456,0,0,1.0,0.0,GREEN,False
2026-08-10,S021,Abdominal Pain,10,890,89.0,-0.8000508258831026,-8.608058608058608,0.10032955114204316,1,0,1.0,0.1,GREEN,False
2026-08-10,S020,Diarrhoea,10,1316,131.6,-1.4697981339823087,-2.28283621140764,0.14808336264282684,1,0,1.0,0.1,GREEN,False
2026-08-10,S024,Night Sweats,10,90,9.0,-1.5900488400488393,0.0,0.01001865262163924,1,1,1.0,0.1,GREEN,False
2026-08-10,S018,Nausea,10,1190,119.0,-3.429764699943189,-4.479385045422781,0.13373790720858839,0,0,1.0,0.0,GREEN,False
2026-08-10,S019,Vomiting,10,1649,164.9,-4.750262312418575,-3.7702020202020208,0.18596116111663824,0,0,1.0,0.0,GREEN,False
2026-08-10,S007,Persistent Cough,10,285,28.5,-5.775613512999824,-4.426840633737186,0.03214758463248509,1,0,1.0,0.1,GREEN,False
2026-08-17,S023,Weight Loss,10,38,3.8,83.33333333333334,91.66666666666666,0.00418549941528951,6,5,1.0,0.6,RED,True
2026-08-17,S024,Night Sweats,10,115,11.5,89.27489177489177,22.727272727272727,0.01324562232320598,5,2,1.0,0.5,ORANGE,True
2026-08-17,S010,Breathlessness,10,92,9.2,22.445952740070386,2.6143790849673203,0.01051676136812069,4,4,1.0,0.4,ORANGE,False
2026-08-17,S011,Chest Pain,9,18,2.0,41.666666666666664,0.0,0.0021378307495468333,3,3,0.9,0.3,ORANGE,True
2026-08-17,S027,Dehydration,10,45,4.5,49.16666666666667,-22.916666666666664,0.00503480668611236,2,2,1.0,0.2,YELLOW,True
2026-08-17,S012,Loss of Taste,10,293,29.3,18.36355096053372,1.6591251885369531,0.0337463337968877,2,2,1.0,0.2,YELLOW,False
2026-08-17,S025,Bleeding,10,30,3.0,9.833333333333332,-10.0,0.00354710769135988,2,2,1.0,0.2,YELLOW,False
2026-08-17,S007,Persistent Cough,10,292,29.2,7.85107835107835,4.684684684684685,0.03324034280210452,2,1,1.0,0.2,YELLOW,False
2026-08-17,S026,Anaemia,9,18,2.0,-4.629629629629629,0.0,0.0023515927410093333,2,2,0.9,0.2,YELLOW,False
2026-08-17,S013,Loss of Smell,10,300,30.0,10.095966448290287,4.304029304029304,0.03425340894829773,1,1,1.0,0.1,GREEN,False
2026-08-17,S017,Rash,10,480,48.0,6.8993775647993205,7.164115646258503,0.054545598862777524,1,0,1.0,0.1,GREEN,False
2026-08-17,S009,Runny Nose,10,1447,144.7,4.588207848137383,0.7874015748031495,0.1634711141619573,1,0,1.0,0.1,GREEN,False
2026-08-17,S016,Retro-orbital Pain,10,1169,116.9,4.18967402959816,5.10092317321233,0.13297384907401377,0,0,1.0,0.0,GREEN,False
2026-08-17,S015,Joint Pain,10,1514,151.4,3.1957854446118454,5.088459665638695,0.17074045066295798,0,0,1.0,0.0,GREEN,False
2026-08-17,S008,Sore Throat,10,2360,236.0,2.8855229881580735,3.2455284552845525,0.2673728790853888,0,0,1.0,0.0,GREEN,False
2026-08-17,S018,Nausea,10,1228,122.8,2.809780014273794,4.388888888888889,0.1385450587487049,0,0,1.0,0.0,GREEN,False
2026-08-17,S003,Fatigue,10,1819,181.9,2.647444569047149,-1.2262443438914028,0.20856528056696771,0,0,1.0,0.0,GREEN,False
2026-08-17,S014,Muscle Pain,10,3547,354.7,2.0841386365214363,4.8032050029314055,0.3995613876559537,0,0,1.0,0.0,GREEN,False
2026-08-17,S006,Dry Cough,10,3710,371.0,1.185351989334663,-1.1249581799933086,0.4190193574041923,0,0,1.0,0.0,GREEN,False
2026-08-17,S002,Headache,10,3852,385.2,0.7704397517578954,-1.2269938650306749,0.43617011266050393,0,0,1.0,0.0,GREEN,False
2026-08-17,S021,Abdominal Pain,10,889,88.9,0.4420651123318124,2.665903890160183,0.10128088546273117,0,0,1.0,0.0,GREEN,False
2026-08-17,S022,Loss of Appetite,10,317,31.7,0.010743267655710653,6.25,0.036018274185759244,1,0,1.0,0.1,GREEN,False
2026-08-17,S001,Fever,10,7568,756.8,-0.5471224002025623,-0.9546400135647856,0.8559182497996991,0,0,1.0,0.0,GREEN,False
2026-08-17,S019,Vomiting,10,1610,161.0,-2.7904842290173124,-2.2758502232909654,0.18242190579050044,0,0,1.0,0.0,GREEN,False
2026-08-17,S020,Diarrhoea,10,1270,127.0,-3.9965168853653936,-3.5659715052653316,0.14316087315561396,0,0,1.0,0.0,GREEN,False
2026-08-17,S004,Chills,10,1042,104.2,-9.856081545972517,-13.51010101010101,0.11874460465745315,0,0,1.0,0.0,GREEN,False
2026-08-17,S005,Sweating,10,1042,104.2,-9.856081545972517,-13.51010101010101,0.11874460465745315,0,0,1.0,0.0,GREEN,False
2026-08-24,S011,Chest Pain,10,17,1.7,25.833333333333336,0.0,0.00229160071949962,3,3,1.0,0.3,ORANGE,True
2026-08-24,S023,Weight Loss,10,34,3.4,4.916666666666666,0.0,0.00442797357963578,4,2,1.0,0.4,ORANGE,False
2026-08-24,S025,Bleeding,7,14,2.0,5.952380952380953,0.0,0.002594370491515343,3,2,0.7,0.3,ORANGE,False
2026-08-24,S027,Dehydration,10,37,3.7,0.48809523809523725,-7.142857142857142,0.00504710086244394,2,2,1.0,0.2,YELLOW,False
2026-08-24,S022,Loss of Appetite,10,292,29.2,-6.015473695620754,-11.526232114467408,0.0384127658338039,2,0,1.0,0.2,YELLOW,False
2026-08-24,S026,Anaemia,7,12,1.7142857142857142,-4.761904761904761,-33.33333333333333,0.002079491964374986,2,2,0.7,0.2,YELLOW,False
2026-08-24,S004,Chills,10,945,94.5,-8.994021856281957,-13.789592760180994,0.12513285242596556,0,0,1.0,0.0,GREEN,False
2026-08-24,S005,Sweating,10,945,94.5,-8.994021856281957,-13.789592760180994,0.12513285242596556,0,0,1.0,0.0,GREEN,False
2026-08-24,S020,Diarrhoea,10,1135,113.5,-10.591337337385136,-9.222222222222221,0.14994836933346445,0,0,1.0,0.0,GREEN,False
2026-08-24,S021,Abdominal Pain,10,800,80.0,-10.74967036410114,-7.6027594136246055,0.10528148615800052,1,0,1.0,0.1,GREEN,False
2026-08-24,S017,Rash,10,426,42.6,-10.964938796835348,-12.5,0.05576864105647007,0,0,1.0,0.0,GREEN,False
2026-08-24,S019,Vomiting,10,1431,143.1,-11.31876659023928,-12.038461538461538,0.188766276524887,0,0,1.0,0.0,GREEN,False
2026-08-24,S018,Nausea,10,1080,108.0,-12.27571307421103,-10.660377358490566,0.14244790869184837,0,0,1.0,0.0,GREEN,False
2026-08-24,S009,Runny Nose,10,1210,121.0,-14.60439927310981,-18.355855855855857,0.16048011134384632,0,0,1.0,0.0,GREEN,False
2026-08-24,S002,Headache,10,3292,329.2,-14.604616771749445,-14.993978321959052,0.4364839063730189,0,0,1.0,0.0,GREEN,False
2026-08-24,S016,Retro-orbital Pain,10,985,98.5,-14.76977150438366,-18.25699745547074,0.13050158842471035,0,0,1.0,0.0,GREEN,False
2026-08-24,S001,Fever,10,6436,643.6,-14.888557132105223,-14.707563986143342,0.8546915268715081,0,0,1.0,0.0,GREEN,False
2026-08-24,S006,Dry Cough,10,3131,313.1,-14.935223720312033,-16.2525641025641,0.41729469015966086,0,0,1.0,0.0,GREEN,False
2026-08-24,S003,Fatigue,10,1522,152.2,-16.417958087332657,-16.057258934806068,0.2034297680695119,0,0,1.0,0.0,GREEN,False
2026-08-24,S008,Sore Throat,10,1957,195.7,-16.879272539543468,-15.977961432506884,0.2602500276418454,0,0,1.0,0.0,GREEN,False
2026-08-24,S015,Joint Pain,10,1242,124.2,-17.323309643922187,-15.050133419584377,0.16461745116694534,0,0,1.0,0.0,GREEN,False
2026-08-24,S014,Muscle Pain,10,2909,290.9,-17.41754240456397,-17.12389818758047,0.3865824697733367,0,0,1.0,0.0,GREEN,False
2026-08-24,S007,Persistent Cough,10,232,23.2,-17.773843261386627,-25.062034739454095,0.03056795854442974,0,0,1.0,0.0,GREEN,False
2026-08-24,S010,Breathlessness,10,65,6.5,-22.388888888888893,-21.25,0.008807397345904749,1,0,1.0,0.1,GREEN,False
2026-08-24,S012,Loss of Taste,10,224,22.4,-22.80911486174644,-23.987854251012145,0.03019891690098609,0,0,1.0,0.0,GREEN,False
2026-08-24,S013,Loss of Smell,10,220,22.0,-26.008157427275073,-22.5,0.02972188150409834,0,0,1.0,0.0,GREEN,False
2026-08-24,S024,Night Sweats,10,77,7.7,-29.6541514041514,-33.51648351648352,0.01005235663299422,1,0,1.0,0.1,GREEN,False
