week,disease_id,total_cases,severe_cases,hospitals_observed,severe_hospitals,average_severe_proportion,maximum_severe_proportion,average_severity_score,maximum_severity_score,previous_severe_cases,previous_total_cases,previous_severe_proportion,severe_case_growth,severe_proportion_change,previous_severe_growth,severe_growth_acceleration,severity_burden_score,severity_alert,severity_signal
2026-06-01,D001,1830,137,10,10,0.0752802376543604,0.11811023622047244,76.93723698806893,83.23176202603375,0.0,0.0,0.0,1.0,0.0752802376543604,0.0,1.0,78.17404158951307,RED,True
2026-06-08,D001,1765,147,10,10,0.08272120964754807,0.11794871794871795,36.52365180478315,50.68325684541399,137.0,1830.0,0.0752802376543604,0.072992700729927,0.0074409719931876755,1.0,-0.927007299270073,36.30102920656908,YELLOW,True
2026-06-15,D001,1691,146,10,10,0.08761598510566584,0.12138728323699421,42.41726588324566,58.005636636044166,147.0,1765.0,0.08272120964754807,-0.006802721088435374,0.00489477545811777,0.072992700729927,-0.07979542181836237,35.33279739349152,YELLOW,True
2026-06-22,D001,1834,144,10,10,0.07755896876248967,0.09142857142857143,43.43022532400394,62.75247798017615,146.0,1691.0,0.08761598510566584,-0.0136986301369863,-0.01005701634317617,-0.006802721088435374,-0.006895909048550927,33.57281953343569,GREEN,False
2026-06-29,D001,1796,137,10,10,0.07628401511538177,0.1256544502617801,43.06543332522034,73.51962616500164,144.0,1834.0,0.07755896876248967,-0.04861111111111111,-0.0012749536471079043,-0.0136986301369863,-0.03491248097412481,33.34970264519181,GREEN,False
2026-07-06,D001,1723,133,10,10,0.07735525283510251,0.10638297872340426,42.5365860678544,65.4472585489931,137.0,1796.0,0.07628401511538177,-0.029197080291970802,0.001071237719720744,-0.04861111111111111,0.01941403081914031,34.31373047890855,GREEN,False
2026-07-13,D001,1817,139,10,10,0.07762457734952981,0.11515151515151516,44.88637110483793,81.89338951612935,133.0,1723.0,0.07735525283510251,0.045112781954887216,0.00026932451442729377,-0.029197080291970802,0.07430986224685801,37.684515074914216,YELLOW,True
2026-07-20,D001,1731,134,10,10,0.07927104613694072,0.1144578313253012,43.61218914704329,68.55527622498232,139.0,1817.0,0.07762457734952981,-0.03597122302158273,0.0016464687874109124,0.045112781954887216,-0.08108400497646995,33.87243307396462,GREEN,False
2026-07-27,D001,1753,149,10,10,0.08680011693625986,0.12931034482758622,44.46297931847853,85.38266888333962,134.0,1731.0,0.07927104613694072,0.11194029850746269,0.0075290707993191375,-0.03597122302158273,0.1479115215290454,43.90498878769385,YELLOW,True
2026-08-03,D001,1760,130,10,10,0.07253183050597607,0.11,46.015315371232674,80.20498735855793,149.0,1753.0,0.08680011693625986,-0.12751677852348994,-0.014268286430283786,0.11194029850746269,-0.23945707703095265,32.69307033854581,GREEN,False
2026-08-10,D001,1734,131,10,10,0.07648750604069587,0.11864406779661017,49.565263108247066,83.06128827346575,130.0,1760.0,0.07253183050597607,0.007692307692307693,0.003955675534719802,-0.12751677852348994,0.13520908621579764,38.98598469806137,YELLOW,True
2026-08-17,D001,1779,142,10,10,0.08140696540372286,0.125,46.52481026090122,67.2407899990632,131.0,1734.0,0.07648750604069587,0.08396946564885496,0.0049194593630269845,0.007692307692307693,0.07627715795654727,39.39654190513477,YELLOW,True
2026-08-24,D001,1460,106,10,10,0.07093322718221508,0.12658227848101267,33.8041638039334,71.21365481174038,142.0,1779.0,0.08140696540372286,-0.2535211267605634,-0.01047373822150778,0.08396946564885496,-0.33749059240941837,32.41331475688764,GREEN,False
2026-06-01,D002,1154,101,10,10,0.08804365256383756,0.12686567164179105,77.57383721134161,84.95668774927083,0.0,0.0,0.0,1.0,0.08804365256383756,0.0,1.0,80.40763919867157,RED,True
2026-06-08,D002,1068,99,10,10,0.0952736729436805,0.14457831325301204,37.4874287015209,69.09047996817912,101.0,1154.0,0.08804365256383756,-0.019801980198019802,0.0072300203798429385,1.0,-1.0198019801980198,36.672892765144084,YELLOW,True
2026-06-15,D002,1111,98,10,10,0.08587846656205797,0.13333333333333333,46.68494535010469,85.69223801835018,99.0,1068.0,0.0952736729436805,-0.010101010101010102,-0.009395206381622528,-0.019801980198019802,0.0097009700970097,35.416770452240534,YELLOW,True
2026-06-22,D002,1118,89,10,10,0.0818110789406107,0.1111111111111111,48.349867802370014,79.49799074797394,98.0,1111.0,0.08587846656205797,-0.09183673469387756,-0.004067387621447274,-0.010101010101010102,-0.08173572459286746,34.31693881460687,GREEN,False
2026-06-29,D002,1146,99,10,10,0.08508241335678349,0.12121212121212122,45.27391469662166,82.46512557416737,89.0,1118.0,0.0818110789406107,0.11235955056179775,0.0032713344161727914,-0.09183673469387756,0.2041962852556753,45.86626251170907,YELLOW,True
2026-07-06,D002,1182,95,10,10,0.08340941570492848,0.14432989690721648,43.386726351426475,72.85832965618985,99.0,1146.0,0.08508241335678349,-0.04040404040404041,-0.00167299765185501,0.11235955056179775,-0.15276359096583816,34.59664774836248,GREEN,False
2026-07-13,D002,1097,103,10,10,0.09313314876067785,0.13333333333333333,48.14675243628304,82.40904088479978,95.0,1182.0,0.08340941570492848,0.08421052631578947,0.009723733055749376,-0.04040404040404041,0.12461456671982987,43.388146859806554,YELLOW,True
2026-07-20,D002,1153,109,10,10,0.09531787209909194,0.13829787234042554,48.55564773399922,85.68539859415993,103.0,1097.0,0.09313314876067785,0.05825242718446602,0.002184723338414088,0.08421052631578947,-0.02595809913132345,38.136938296952735,YELLOW,True
2026-07-27,D002,1145,87,10,10,0.07580744024102079,0.11403508771929824,38.97039523736483,72.75595725958414,109.0,1153.0,0.09531787209909194,-0.2018348623853211,-0.01951043185807115,0.05825242718446602,-0.2600872895697871,33.26630204217864,GREEN,False
2026-08-03,D002,1135,84,10,10,0.07687556494141898,0.14018691588785046,44.40725668621113,86.4802122451989,87.0,1145.0,0.07580744024102079,-0.034482758620689655,0.0010681247003981875,-0.2018348623853211,0.16735210376463144,40.14730801533358,YELLOW,True
2026-08-10,D002,1161,97,10,10,0.08397349455398692,0.12121212121212122,53.32762396307938,82.88105400991536,84.0,1135.0,0.07687556494141898,0.15476190476190477,0.007097929612567944,-0.034482758620689655,0.18924466338259444,46.134195701299106,YELLOW,True
2026-08-17,D002,1042,74,10,10,0.06901983091036451,0.08695652173913043,31.13923888172829,39.64576926971641,97.0,1161.0,0.08397349455398692,-0.23711340206185566,-0.014953663643622411,0.15476190476190477,-0.3918753068237604,32.07847040931379,GREEN,False
2026-08-24,D002,945,68,10,10,0.07182577116466651,0.1095890410958904,43.058283677515625,71.56419602064199,74.0,1042.0,0.06901983091036451,-0.08108108108108109,0.002805940254302003,-0.23711340206185566,0.15603232098077457,38.810802793047614,YELLOW,True
2026-06-01,D003,303,15,10,8,0.04631536852467085,0.11428571428571428,56.43834087456522,77.97095089916444,0.0,0.0,0.0,1.0,0.04631536852467085,0.0,1.0,73.1051894918174,ORANGE,True
2026-06-08,D003,330,20,10,9,0.06034069034069034,0.11428571428571428,41.800026732859244,74.92970392586398,15.0,303.0,0.04631536852467085,0.3333333333333333,0.014025321816019488,1.0,-0.6666666666666667,38.89295414295414,YELLOW,True
2026-06-15,D003,300,11,10,6,0.0340975991633425,0.14285714285714285,28.52592838352617,74.6376175658311,20.0,330.0,0.06034069034069034,-0.45,-0.02624309117734784,0.3333333333333333,-0.7833333333333333,25.967079853584934,GREEN,False
2026-06-22,D003,321,21,10,8,0.06622677860100461,0.2,55.08459330230122,91.01999228393323,11.0,300.0,0.0340975991633425,0.9090909090909091,0.03212917943766211,-0.45,1.3590909090909091,74.31695898244854,ORANGE,True
2026-06-29,D003,311,15,10,10,0.05031272659735657,0.10714285714285714,37.64297748537631,75.93830697530319,21.0,321.0,0.06622677860100461,-0.2857142857142857,-0.015914052003648038,0.9090909090909091,-1.1948051948051948,28.804727154537396,GREEN,False
2026-07-06,D003,312,15,10,6,0.042218438538205984,0.125,37.29710822741943,80.31669286251426,15.0,311.0,0.05031272659735657,0.0,-0.008094288059150585,-0.2857142857142857,0.2857142857142857,38.81679817275747,YELLOW,True
2026-07-13,D003,332,16,10,9,0.04694103672247689,0.08823529411764706,37.67455587290648,73.31015970383632,15.0,312.0,0.042218438538205984,0.06666666666666667,0.0047225981842709056,0.0,0.06666666666666667,32.54801475976679,GREEN,False
2026-07-20,D003,333,18,10,8,0.056089085471648516,0.13333333333333333,42.97544164672936,76.68172713731568,16.0,332.0,0.04694103672247689,0.125,0.009148048749171626,0.06666666666666667,0.058333333333333334,35.27392329087183,YELLOW,True
2026-07-27,D003,300,15,10,9,0.051344792368425284,0.09090909090909091,38.08167861797875,72.97095089916444,18.0,333.0,0.056089085471648516,-0.16666666666666666,-0.004744293103223232,0.125,-0.29166666666666663,28.985338664474426,GREEN,False
2026-08-03,D003,333,13,10,9,0.04191853919293391,0.08333333333333333,35.56055883828207,71.23441736328431,15.0,300.0,0.051344792368425284,-0.13333333333333333,-0.009426253175491374,-0.16666666666666666,0.033333333333333326,28.669077692096767,GREEN,False
2026-08-10,D003,321,14,10,8,0.04482452228368744,0.07692307692307693,44.24069517385798,70.39119165852037,13.0,333.0,0.04191853919293391,0.07692307692307693,0.0029059830907535306,-0.13333333333333333,0.21025641025641026,38.177624732978636,YELLOW,True
2026-08-17,D003,311,11,10,5,0.03346296296296296,0.08,26.01949101898141,67.79234679815104,14.0,321.0,0.04482452228368744,-0.21428571428571427,-0.011361559320724482,0.07692307692307693,-0.2912087912087912,25.856018518518518,GREEN,False
2026-08-24,D003,267,14,10,6,0.05686974789915966,0.2,47.12697436976459,91.01999228393323,11.0,311.0,0.03346296296296296,0.2727272727272727,0.023406784936196703,-0.21428571428571427,0.487012987012987,56.250907181054245,ORANGE,True
2026-06-01,D004,2182,75,10,10,0.03488124110594211,0.04743083003952569,70.44114144174638,73.300395256917,0.0,0.0,0.0,1.0,0.03488124110594211,0.0,1.0,71.10421719353987,ORANGE,True
2026-06-08,D004,2260,73,10,10,0.03320098387389884,0.050359712230215826,28.559254988691446,39.19834953995337,75.0,2182.0,0.03488124110594211,-0.02666666666666667,-0.001680257232043271,1.0,-1.0266666666666666,25.810172177932294,GREEN,False
2026-06-15,D004,2204,63,10,10,0.029353494206958913,0.04419889502762431,31.17984463349117,71.57129567210453,73.0,2260.0,0.03320098387389884,-0.136986301369863,-0.003847489666939926,-0.02666666666666667,-0.11031963470319633,25.13686148621781,GREEN,False
2026-06-22,D004,2243,89,10,10,0.039872455034285145,0.07111111111111111,49.14963622563868,77.06468212987849,63.0,2204.0,0.029353494206958913,0.4126984126984127,0.010518960827326233,-0.136986301369863,0.5496847140682757,57.29513994846022,ORANGE,True
2026-06-29,D004,2176,71,10,10,0.032562962953404745,0.05454545454545454,31.228096041444747,68.048870807144,89.0,2243.0,0.039872455034285145,-0.20224719101123595,-0.0073094920808804,0.4126984126984127,-0.6149456037096486,25.69851851684583,GREEN,False
2026-07-06,D004,2228,61,10,10,0.027743282721403816,0.043824701195219126,40.10197391988372,68.50265604249668,71.0,2176.0,0.032562962953404745,-0.14084507042253522,-0.004819680232000929,-0.20224719101123595,0.06140212058870073,27.311159299793697,GREEN,False
2026-07-13,D004,2215,65,10,10,0.029545354304894206,0.05179282868525897,42.3257532286342,69.38871473354232,61.0,2228.0,0.027743282721403816,0.06557377049180328,0.0018020715834903903,-0.14084507042253522,0.2064188409143385,35.06653490222511,YELLOW,True
2026-07-20,D004,2236,63,10,10,0.029344222889201077,0.05732484076433121,38.362460356916316,73.35648074767651,65.0,2215.0,0.029545354304894206,-0.03076923076923077,-0.00020113141569312945,0.06557377049180328,-0.09634300126103405,25.135239005610188,GREEN,False
2026-07-27,D004,2245,72,10,10,0.031282924056359886,0.04954954954954955,45.20891869405757,71.23145400593472,63.0,2236.0,0.029344222889201077,0.14285714285714285,0.0019387011671588086,-0.03076923076923077,0.17362637362637362,35.9909952263465,YELLOW,True
2026-08-03,D004,2172,72,10,10,0.03315036912274947,0.06302521008403361,36.76039745131291,60.93727570533781,72.0,2245.0,0.031282924056359886,0.0,0.0018674450663895836,0.14285714285714285,-0.14285714285714285,25.801314596481156,GREEN,False
2026-08-10,D004,2245,64,10,10,0.02804747992781632,0.043478260869565216,38.65419179213048,69.93877255206334,72.0,2172.0,0.03315036912274947,-0.1111111111111111,-0.005102889194933149,0.0,-0.1111111111111111,24.908308987367857,GREEN,False
2026-08-17,D004,2281,73,10,10,0.033286376506025867,0.050724637681159424,42.90190572703613,71.73769643925976,64.0,2245.0,0.02804747992781632,0.140625,0.005238896578209546,-0.1111111111111111,0.2517361111111111,39.41018533299897,YELLOW,True
2026-08-24,D004,1915,62,10,10,0.03181981245772127,0.04285714285714286,30.829299578324786,69.54775087406261,73.0,2281.0,0.033286376506025867,-0.1506849315068493,-0.0014665640483046,0.140625,-0.2913099315068493,25.56846718010122,GREEN,False
2026-06-01,D005,1375,112,10,10,0.0801264184701891,0.11510791366906475,76.78456161911737,83.03071689317758,0.0,0.0,0.0,1.0,0.0801264184701891,0.0,1.0,79.02212323228309,RED,True
2026-06-08,D005,1397,104,10,10,0.07566358924297786,0.11888111888111888,40.07416996469644,83.79299547120341,112.0,1375.0,0.0801264184701891,-0.07142857142857142,-0.004462829227211237,1.0,-1.0714285714285714,33.24112811752113,GREEN,False
2026-06-15,D005,1382,95,10,10,0.06843870320353637,0.1,43.32515483500397,77.75230817695072,104.0,1397.0,0.07566358924297786,-0.08653846153846154,-0.0072248860394414915,-0.07142857142857142,-0.015109890109890112,31.97677306061886,GREEN,False
2026-06-22,D005,1453,106,10,10,0.0752726302697065,0.1232876712328767,47.28652876807053,75.04973487206884,95.0,1382.0,0.06843870320353637,0.11578947368421053,0.0068339270661701285,-0.08653846153846154,0.20232793522267206,44.16056454821078,YELLOW,True
2026-06-29,D005,1438,99,10,10,0.07092261919764922,0.10687022900763359,38.39309241259347,81.3761422523481,106.0,1453.0,0.0752726302697065,-0.0660377358490566,-0.004350011072057278,0.11578947368421053,-0.18182720953326714,32.41145835958861,GREEN,False
2026-07-06,D005,1371,107,10,10,0.0766148835415054,0.1171875,50.99984912954553,83.09845152234699,99.0,1438.0,0.07092261919764922,0.08080808080808081,0.005692264343856182,-0.0660377358490566,0.14684581665713742,41.30163930625096,YELLOW,True
2026-07-13,D005,1383,77,10,10,0.05492081961956143,0.08227848101265822,31.913628653766096,63.52813902234699,107.0,1371.0,0.0766148835415054,-0.2803738317757009,-0.021694063921943972,0.08080808080808081,-0.36118191258378174,29.61114343342325,GREEN,False
2026-07-20,D005,1396,88,10,10,0.062472708999551686,0.09142857142857143,48.139151859701535,79.71514987819475,77.0,1383.0,0.05492081961956143,0.14285714285714285,0.007551889379990254,-0.2803738317757009,0.42323097463284376,51.433391631663866,YELLOW,True
2026-07-27,D005,1401,94,10,10,0.0675990319206665,0.08870967741935484,44.22706618040381,78.00081959331357,88.0,1396.0,0.062472708999551686,0.06818181818181818,0.005126322921114819,0.14285714285714285,-0.07467532467532467,33.53437604066209,GREEN,False
2026-08-03,D005,1400,89,10,10,0.06037084739867068,0.11616161616161616,43.34518218877655,84.48799654962069,94.0,1401.0,0.0675990319206665,-0.05319148936170213,-0.007228184521995827,0.06818181818181818,-0.1213733075435203,30.564898294767367,GREEN,False
2026-08-10,D005,1411,101,10,10,0.06888347906536349,0.10273972602739725,51.297177104535784,80.0443788368485,89.0,1400.0,0.06037084739867068,0.1348314606741573,0.008512631666692812,-0.05319148936170213,0.18802295003585942,42.946313354726925,YELLOW,True
2026-08-17,D005,1429,98,10,10,0.06927760634812594,0.09900990099009901,41.11300317071404,62.95877444713442,101.0,1411.0,0.06888347906536349,-0.0297029702970297,0.00039412728276244646,0.1348314606741573,-0.164534430971187,32.12358111092204,GREEN,False
2026-08-24,D005,1216,70,10,10,0.05864490918534517,0.08849557522123894,32.449452831151895,63.52770795619247,98.0,1429.0,0.06927760634812594,-0.2857142857142857,-0.010632697162780765,-0.0297029702970297,-0.25601131541725597,30.262859107435403,GREEN,False
2026-06-01,D006,269,40,10,10,0.1542862136956384,0.3157894736842105,81.18186764643835,91.18837672643001,0.0,0.0,0.0,1.0,0.1542862136956384,0.0,1.0,92.00008739673672,RED,True
2026-06-08,D006,275,39,10,10,0.13976251771649434,0.2727272727272727,43.869633581940214,91.4155896615434,40.0,269.0,0.1542862136956384,-0.025,-0.014523695979144075,1.0,-1.025,44.45844060038651,YELLOW,True
2026-06-15,D006,290,52,10,10,0.17085645415497094,0.2647058823529412,65.47921710116518,93.52891666785482,39.0,275.0,0.13976251771649434,0.3333333333333333,0.031093936438476605,-0.025,0.35833333333333334,72.56654614378658,ORANGE,True
2026-06-22,D006,270,46,10,10,0.16680717271234513,0.3,48.86591499881142,92.42970392586398,52.0,290.0,0.17085645415497094,-0.11538461538461539,-0.004049281442625813,0.3333333333333333,-0.4487179487179487,49.191255224660395,YELLOW,True
2026-06-29,D006,301,47,10,10,0.15971537939387945,0.30434782608695654,52.203687076382586,75.60208739956212,46.0,270.0,0.16680717271234513,0.021739130434782608,-0.007091793318465683,-0.11538461538461539,0.137123745819398,53.97861948757439,YELLOW,True
2026-07-06,D006,269,34,10,10,0.1273317184607507,0.19230769230769232,41.937193958360204,90.58349935082806,47.0,301.0,0.15971537939387945,-0.2765957446808511,-0.03238366093312875,0.021739130434782608,-0.29833487511563367,42.28305073063137,YELLOW,True
2026-07-13,D006,242,20,10,8,0.08037323053702364,0.16,32.245362401181616,67.18606345339217,34.0,269.0,0.1273317184607507,-0.4117647058823529,-0.04695848792372706,-0.2765957446808511,-0.13516896120150185,33.94807067228232,GREEN,False
2026-07-20,D006,320,41,10,10,0.12265562868504046,0.19607843137254902,66.80059398404737,93.61569769811533,20.0,242.0,0.08037323053702364,1.05,0.04228239814801682,-0.4117647058823529,1.461764705882353,86.46473501988208,RED,True
2026-07-27,D006,294,38,10,10,0.1305794894760412,0.2413793103448276,43.66967773846702,82.26999228393322,41.0,320.0,0.12265562868504046,-0.07317073170731707,0.007923860791000742,1.05,-1.1231707317073172,42.8514106583072,YELLOW,True
2026-08-03,D006,304,42,10,10,0.14219515852819195,0.2413793103448276,57.549915578368335,91.4155896615434,38.0,294.0,0.1305794894760412,0.10526315789473684,0.011615669052150751,-0.07317073170731707,0.17843388960205392,54.65308727388416,YELLOW,True
2026-08-10,D006,285,24,10,9,0.07919575919575919,0.14285714285714285,32.63009215425183,67.97095089916444,42.0,304.0,0.14219515852819195,-0.42857142857142855,-0.06299939933243276,0.10526315789473684,-0.5338345864661653,33.85925785925785,GREEN,False
2026-08-17,D006,292,38,10,10,0.12610644040268681,0.20512820512820512,65.04290396305831,93.35231516674024,24.0,285.0,0.07919575919575919,0.5833333333333334,0.046910681206927624,-0.42857142857142855,1.0119047619047619,76.65196040380353,RED,True
2026-08-24,D006,232,34,10,10,0.15405820105820106,0.2222222222222222,48.97723679347687,88.67945234250843,38.0,292.0,0.12610644040268681,-0.10526315789473684,0.027951760655514246,0.5833333333333334,-0.6885964912280702,46.69083356320657,YELLOW,True
2026-06-01,D007,482,27,10,9,0.05946166896734436,0.15384615384615385,64.94834424649241,85.27539208981716,0.0,0.0,0.0,1.0,0.05946166896734436,0.0,1.0,75.40579206928527,RED,True
2026-06-08,D007,490,34,10,9,0.06911759022532873,0.10526315789473684,42.19856534449468,77.01715127101542,27.0,482.0,0.05946166896734436,0.25925925925925924,0.009655921257984375,1.0,-0.7407407407407407,38.577059770914005,YELLOW,True
2026-06-15,D007,504,38,10,10,0.07567872425242878,0.13953488372093023,40.57524534539957,70.33167444932707,34.0,490.0,0.06911759022532873,0.11764705882352941,0.006561134027100041,0.25925925925925924,-0.14161220043572983,36.18495321476327,YELLOW,True
2026-06-22,D007,497,36,10,10,0.07496262820055245,0.1076923076923077,40.938103598512065,70.18246136730441,38.0,504.0,0.07567872425242878,-0.05263157894736842,-0.0007160960518763221,0.11764705882352941,-0.17027863777089783,33.11845993509668,GREEN,False
2026-06-29,D007,486,39,10,10,0.08108691409637742,0.1111111111111111,43.47787936543024,78.13153080557547,36.0,497.0,0.07496262820055245,0.08333333333333333,0.006124285895824963,-0.05263157894736842,0.13596491228070173,41.712139791427454,YELLOW,True
2026-07-06,D007,503,33,10,9,0.06456716584455488,0.17073170731707318,33.792448928186005,88.40696544834262,39.0,486.0,0.08108691409637742,-0.15384615384615385,-0.016519748251822536,0.08333333333333333,-0.23717948717948717,31.2992540227971,GREEN,False
2026-07-13,D007,521,38,10,10,0.07483701937280411,0.15151515151515152,47.788676912006586,84.27921108985947,33.0,503.0,0.06456716584455488,0.15151515151515152,0.010269853528249231,-0.15384615384615385,0.30536130536130535,49.098809392571724,YELLOW,True
2026-07-20,D007,514,45,10,10,0.09163440932870491,0.21951219512195122,49.69416077960527,93.52891666785482,38.0,521.0,0.07483701937280411,0.18421052631578946,0.0167973899559008,0.15151515151515152,0.032695374800637944,41.94909978244362,YELLOW,True
2026-07-27,D007,526,50,10,10,0.09235056599353944,0.16666666666666666,44.313549139122344,82.19153261098636,45.0,514.0,0.09163440932870491,0.1111111111111111,0.0007161566648345302,0.18421052631578946,-0.07309941520467836,38.939126826647176,YELLOW,True
2026-08-03,D007,534,35,10,9,0.06583356601863935,0.1111111111111111,37.723447018301506,78.30264372209747,50.0,526.0,0.09235056599353944,-0.3,-0.02651699997490009,0.1111111111111111,-0.4111111111111111,31.520874053261885,GREEN,False
2026-08-10,D007,504,31,10,10,0.061911911425935454,0.14893617021276595,38.035546122628986,85.07607838858101,35.0,534.0,0.06583356601863935,-0.11428571428571428,-0.0039216545927038965,-0.3,0.18571428571428572,38.26315592811013,YELLOW,True
2026-08-17,D007,498,28,10,9,0.053181036835078785,0.12903225806451613,39.59391477085145,82.57718851088418,31.0,504.0,0.061911911425935454,-0.0967741935483871,-0.008730874590856669,-0.11428571428571428,0.017511520737327188,30.007142275631875,GREEN,False
2026-08-24,D007,430,38,10,10,0.09182872088609348,0.16666666666666666,53.714894172735306,87.78075462335302,28.0,498.0,0.053181036835078785,0.35714285714285715,0.038647684051014694,-0.0967741935483871,0.4539170506912442,63.155279611287554,ORANGE,True
2026-06-01,D008,1197,31,10,9,0.026841345399759676,0.06741573033707865,62.46335910553596,73.08532133920711,0.0,0.0,0.0,1.0,0.026841345399759676,0.0,1.0,69.69723544495794,ORANGE,True
2026-06-08,D008,1183,51,10,9,0.041188564558737636,0.08333333333333333,46.0875320008259,76.14201559485382,31.0,1197.0,0.026841345399759676,0.6451612903225806,0.01434721915897796,1.0,-0.3548387096774194,43.337031055843596,YELLOW,True
2026-06-15,D008,1270,49,10,10,0.03838248008059418,0.08823529411764706,38.546736868820844,78.2496022413856,51.0,1183.0,0.041188564558737636,-0.0392156862745098,-0.0028060844781434557,0.6451612903225806,-0.6843769765970904,26.71693401410398,GREEN,False
2026-06-22,D008,1212,57,10,10,0.0455784951924471,0.07964601769911504,45.51223009250536,76.08125746653734,49.0,1270.0,0.03838248008059418,0.16326530612244897,0.007196015111852916,-0.0392156862745098,0.20248099239695877,40.15710900761782,YELLOW,True
2026-06-29,D008,1141,53,10,10,0.043048473436711476,0.087248322147651,38.51600227011792,70.59101610747979,57.0,1212.0,0.0455784951924471,-0.07017543859649122,-0.0025300217557356203,0.16326530612244897,-0.2334407447189402,27.53348285142451,GREEN,False
2026-07-06,D008,1149,40,10,10,0.033397122884300176,0.06756756756756757,34.796559887994064,58.22324954791531,53.0,1141.0,0.043048473436711476,-0.24528301886792453,-0.0096513505524113,-0.07017543859649122,-0.1751075802714333,25.84449650475253,GREEN,False
2026-07-13,D008,1201,51,10,10,0.04224259818735138,0.06666666666666667,45.21355105697524,74.02557135168351,40.0,1149.0,0.033397122884300176,0.275,0.0088454753030512,-0.24528301886792453,0.5202830188679246,54.26745468278649,YELLOW,True
2026-07-20,D008,1236,56,10,10,0.045406903827956334,0.0851063829787234,39.80220463250687,76.37688795586206,51.0,1201.0,0.04224259818735138,0.09803921568627451,0.003164305640604957,0.275,-0.17696078431372553,30.397188562049223,GREEN,False
2026-07-27,D008,1208,45,10,10,0.03860832357757628,0.056,38.052303090934494,72.30546773351546,56.0,1236.0,0.045406903827956334,-0.19642857142857142,-0.0067985802503800555,0.09803921568627451,-0.29446778711484595,26.75645662607585,GREEN,False
2026-08-03,D008,1284,49,10,10,0.040382117422137,0.08433734939759036,39.35486518094442,69.78730163916656,45.0,1208.0,0.03860832357757628,0.08888888888888889,0.0017737938445607226,-0.19642857142857142,0.2853174603174603,40.70179118379461,YELLOW,True
2026-08-10,D008,1243,55,10,10,0.042506299586784826,0.07407407407407407,42.05063938294596,74.94382565027162,49.0,1284.0,0.040382117422137,0.12244897959183673,0.0021241821646478254,0.08888888888888889,0.03356009070294784,31.842230545601176,GREEN,False
2026-08-17,D008,1212,50,10,10,0.04097500339208786,0.09574468085106383,30.714564371642275,61.34847407553812,55.0,1243.0,0.042506299586784826,-0.09090909090909091,-0.0015312961946969683,0.12244897959183673,-0.21335807050092764,27.170625593615373,GREEN,False
2026-08-24,D008,1076,38,10,10,0.035953204026190067,0.08433734939759036,37.829448616071055,75.7968771963547,50.0,1212.0,0.04097500339208786,-0.24,-0.005021799365897792,-0.09090909090909091,-0.14909090909090908,26.291810704583263,GREEN,False
