week,symptom_id,symptom_name,hospitals_observed,hospitals_increasing,average_growth_rate,spread_proportion,cross_hospital_alert,average_z_score,maximum_z_score,baseline_anomalous_hospitals,baseline_strong_hospitals,anomaly_score,anomaly_alert,potential_outbreak,persistent_hospitals,strong_anomaly_hospitals,max_hospital_consecutive_weeks,cross_hospital_consecutive_weeks,persistence_score,cross_hospital_persistence_alert,persistent_outbreak_signal,outbreak_risk_score,outbreak_risk_level,risk_interpretation,final_outbreak_signal
2026-06-01,S001,Fever,10,0,,1.0,GREEN,,,0,0,30.0,GREEN,False,0,0,0,0,0.0,GREEN,False,32.5,GREEN,No significant persistent outbreak signal.,False
2026-06-01,S002,Headache,10,0,,1.0,GREEN,,,0,0,30.0,GREEN,False,0,0,0,0,0.0,GREEN,False,32.5,GREEN,No significant persistent outbreak signal.,False
2026-06-01,S003,Fatigue,10,0,,1.0,GREEN,,,0,0,30.0,GREEN,False,0,0,0,0,0.0,GREEN,False,32.5,GREEN,No significant persistent outbreak signal.,False
2026-06-01,S004,Chills,10,0,,1.0,GREEN,,,0,0,30.0,GREEN,False,0,0,0,0,0.0,GREEN,False,32.5,GREEN,No significant persistent outbreak signal.,False
2026-06-01,S005,Sweating,10,0,,1.0,GREEN,,,0,0,30.0,GREEN,False,0,0,0,0,0.0,GREEN,False,32.5,GREEN,No significant persistent outbreak signal.,False
2026-06-01,S006,Dry Cough,10,0,,1.0,GREEN,,,0,0,30.0,GREEN,False,0,0,0,0,0.0,GREEN,False,32.5,GREEN,No significant persistent outbreak signal.,False
2026-06-01,S007,Persistent Cough,10,0,,1.0,GREEN,,,0,0,30.0,GREEN,False,0,0,0,0,0.0,GREEN,False,32.5,GREEN,No significant persistent outbreak signal.,False
2026-06-01,S008,Sore Throat,10,0,,1.0,GREEN,,,0,0,30.0,GREEN,False,0,0,0,0,0.0,GREEN,False,32.5,GREEN,No significant persistent outbreak signal.,False
2026-06-01,S009,Runny Nose,10,0,,1.0,GREEN,,,0,0,30.0,GREEN,False,0,0,0,0,0.0,GREEN,False,32.5,GREEN,No significant persistent outbreak signal.,False
2026-06-01,S010,Breathlessness,10,0,,1.0,GREEN,,,0,0,30.0,GREEN,False,0,0,0,0,0.0,GREEN,False,32.5,GREEN,No significant persistent outbreak signal.,False
2026-06-01,S012,Loss of Taste,10,0,,1.0,GREEN,,,0,0,30.0,GREEN,False,0,0,0,0,0.0,GREEN,False,32.5,GREEN,No significant persistent outbreak signal.,False
2026-06-01,S013,Loss of Smell,10,0,,1.0,GREEN,,,0,0,30.0,GREEN,False,0,0,0,0,0.0,GREEN,False,32.5,GREEN,No significant persistent outbreak signal.,False
2026-06-01,S014,Muscle Pain,10,0,,1.0,GREEN,,,0,0,30.0,GREEN,False,0,0,0,0,0.0,GREEN,False,32.5,GREEN,No significant persistent outbreak signal.,False
2026-06-01,S015,Joint Pain,10,0,,1.0,GREEN,,,0,0,30.0,GREEN,False,0,0,0,0,0.0,GREEN,False,32.5,GREEN,No significant persistent outbreak signal.,False
2026-06-01,S016,Retro-orbital Pain,10,0,,1.0,GREEN,,,0,0,30.0,GREEN,False,0,0,0,0,0.0,GREEN,False,32.5,GREEN,No significant persistent outbreak signal.,False
2026-06-01,S017,Rash,10,0,,1.0,GREEN,,,0,0,30.0,GREEN,False,0,0,0,0,0.0,GREEN,False,32.5,GREEN,No significant persistent outbreak signal.,False
2026-06-01,S018,Nausea,10,0,,1.0,GREEN,,,0,0,30.0,GREEN,False,0,0,0,0,0.0,GREEN,False,32.5,GREEN,No significant persistent outbreak signal.,False
2026-06-01,S019,Vomiting,10,0,,1.0,GREEN,,,0,0,30.0,GREEN,False,0,0,0,0,0.0,GREEN,False,32.5,GREEN,No significant persistent outbreak signal.,False
2026-06-01,S020,Diarrhoea,10,0,,1.0,GREEN,,,0,0,30.0,GREEN,False,0,0,0,0,0.0,GREEN,False,32.5,GREEN,No significant persistent outbreak signal.,False
2026-06-01,S021,Abdominal Pain,10,0,,1.0,GREEN,,,0,0,30.0,GREEN,False,0,0,0,0,0.0,GREEN,False,32.5,GREEN,No significant persistent outbreak signal.,False
2026-06-01,S022,Loss of Appetite,10,0,,1.0,GREEN,,,0,0,30.0,GREEN,False,0,0,0,0,0.0,GREEN,False,32.5,GREEN,No significant persistent outbreak signal.,False
2026-06-01,S023,Weight Loss,10,0,,1.0,GREEN,,,0,0,30.0,GREEN,False,0,0,0,0,0.0,GREEN,False,32.5,GREEN,No significant persistent outbreak signal.,False
2026-06-01,S024,Night Sweats,10,0,,1.0,GREEN,,,0,0,30.0,GREEN,False,0,0,0,0,0.0,GREEN,False,32.5,GREEN,No significant persistent outbreak signal.,False
2026-06-01,S025,Bleeding,10,0,,1.0,GREEN,,,0,0,30.0,GREEN,False,0,0,0,0,0.0,GREEN,False,32.5,GREEN,No significant persistent outbreak signal.,False
2026-06-01,S026,Anaemia,10,0,,1.0,GREEN,,,0,0,30.0,GREEN,False,0,0,0,0,0.0,GREEN,False,32.5,GREEN,No significant persistent outbreak signal.,False
2026-06-01,S011,Chest Pain,9,0,,0.9,GREEN,,,0,0,27.0,GREEN,False,0,0,0,0,0.0,GREEN,False,29.25,GREEN,No significant persistent outbreak signal.,False
2026-06-01,S027,Dehydration,9,0,,0.9,GREEN,,,0,0,27.0,GREEN,False,0,0,0,0,0.0,GREEN,False,29.25,GREEN,No significant persistent outbreak signal.,False
2026-06-08,S027,Dehydration,9,6,211.25,0.9,RED,,inf,0,0,54.5,YELLOW,True,0,0,0,0,2.5,GREEN,False,66.62,ORANGE,Significant cross-hospital signal requiring public-health investigation.,True
2026-06-08,S026,Anaemia,10,6,59.16666666666667,1.0,RED,,inf,0,0,50.83,YELLOW,True,0,0,0,0,2.5,GREEN,False,60.04,ORANGE,Significant cross-hospital signal requiring public-health investigation.,True
2026-06-08,S025,Bleeding,10,5,53.333333333333336,1.0,ORANGE,,inf,0,0,46.67,YELLOW,True,0,0,0,0,2.5,GREEN,False,57.83,ORANGE,Significant cross-hospital signal requiring public-health investigation.,True
2026-06-08,S023,Weight Loss,10,3,45.76190476190476,1.0,ORANGE,,inf,0,0,43.65,YELLOW,True,0,0,0,0,2.5,GREEN,False,51.56,YELLOW,Early warning signal; monitor trend and investigate contributing hospitals.,False
2026-06-08,S007,Persistent Cough,10,4,7.66022153874051,1.0,ORANGE,,inf,0,0,31.53,GREEN,False,0,0,0,0,1.88,GREEN,False,42.79,YELLOW,Early warning signal; monitor trend and investigate contributing hospitals.,False
2026-06-08,S012,Loss of Taste,10,3,7.454150372443546,1.0,ORANGE,,inf,0,0,34.49,GREEN,False,0,0,0,0,2.5,GREEN,False,41.61,YELLOW,Early warning signal; monitor trend and investigate contributing hospitals.,False
2026-06-08,S010,Breathlessness,10,2,13.274531024531026,1.0,YELLOW,,inf,0,0,35.65,YELLOW,True,0,0,0,0,2.5,GREEN,False,41.07,YELLOW,Early warning signal; monitor trend and investigate contributing hospitals.,False
2026-06-08,S013,Loss of Smell,10,3,4.863604626926266,1.0,ORANGE,,inf,0,0,33.97,GREEN,False,0,0,0,0,2.5,GREEN,False,40.97,YELLOW,Early warning signal; monitor trend and investigate contributing hospitals.,False
2026-06-08,S024,Night Sweats,10,2,7.425282234105765,1.0,YELLOW,,inf,0,0,34.49,GREEN,False,0,0,0,0,2.33,GREEN,False,39.57,YELLOW,Early warning signal; monitor trend and investigate contributing hospitals.,False
2026-06-08,S022,Loss of Appetite,10,2,9.025441585541737,1.0,YELLOW,,inf,0,0,33.31,GREEN,False,0,0,0,0,2.05,GREEN,False,39.54,YELLOW,Early warning signal; monitor trend and investigate contributing hospitals.,False
2026-06-08,S011,Chest Pain,8,2,23.809523809523814,0.8,YELLOW,,inf,0,0,31.76,GREEN,False,0,0,0,0,2.5,GREEN,False,37.2,YELLOW,Early warning signal; monitor trend and investigate contributing hospitals.,False
2026-06-08,S018,Nausea,10,1,-0.8447562224660039,1.0,GREEN,,inf,0,0,30.0,GREEN,False,0,0,0,0,1.86,GREEN,False,34.87,GREEN,No significant persistent outbreak signal.,False
2026-06-08,S009,Runny Nose,10,0,7.433199562312143,1.0,GREEN,,inf,0,0,31.49,GREEN,False,0,0,0,0,1.73,GREEN,False,34.71,GREEN,No significant persistent outbreak signal.,False
2026-06-08,S015,Joint Pain,10,0,4.963545979283408,1.0,GREEN,,inf,0,0,30.99,GREEN,False,0,0,0,0,1.72,GREEN,False,34.08,GREEN,No significant persistent outbreak signal.,False
2026-06-08,S006,Dry Cough,10,0,2.8395203814515138,1.0,GREEN,,inf,0,0,30.57,GREEN,False,0,0,0,0,1.67,GREEN,False,33.54,GREEN,No significant persistent outbreak signal.,False
2026-06-08,S008,Sore Throat,10,0,1.8332869201699795,1.0,GREEN,,inf,0,0,30.37,GREEN,False,0,0,0,0,1.63,GREEN,False,33.29,GREEN,No significant persistent outbreak signal.,False
2026-06-08,S014,Muscle Pain,10,0,1.1722434440023082,1.0,GREEN,,inf,0,0,30.23,GREEN,False,0,0,0,0,1.66,GREEN,False,33.12,GREEN,No significant persistent outbreak signal.,False
2026-06-08,S016,Retro-orbital Pain,10,0,-2.840539520292773,1.0,GREEN,,inf,0,0,30.0,GREEN,False,0,0,0,0,1.73,GREEN,False,32.85,GREEN,No significant persistent outbreak signal.,False
2026-06-08,S021,Abdominal Pain,10,0,-0.8139916001347537,1.0,GREEN,,inf,0,0,30.0,GREEN,False,0,0,0,0,1.71,GREEN,False,32.84,GREEN,No significant persistent outbreak signal.,False
2026-06-08,S017,Rash,10,0,-1.7410110098404528,1.0,GREEN,,inf,0,0,30.0,GREEN,False,0,0,0,0,1.72,GREEN,False,32.84,GREEN,No significant persistent outbreak signal.,False
2026-06-08,S020,Diarrhoea,10,0,-0.2434133087369287,1.0,GREEN,,inf,0,0,30.0,GREEN,False,0,0,0,0,1.58,GREEN,False,32.82,GREEN,No significant persistent outbreak signal.,False
2026-06-08,S002,Headache,10,0,-3.622514244961122,1.0,GREEN,,inf,0,0,30.0,GREEN,False,0,0,0,0,1.58,GREEN,False,32.82,GREEN,No significant persistent outbreak signal.,False
2026-06-08,S004,Chills,10,0,-7.876774441579871,1.0,GREEN,,inf,0,0,30.0,GREEN,False,0,0,0,0,1.58,GREEN,False,32.82,GREEN,No significant persistent outbreak signal.,False
2026-06-08,S005,Sweating,10,0,-7.876774441579871,1.0,GREEN,,inf,0,0,30.0,GREEN,False,0,0,0,0,1.58,GREEN,False,32.82,GREEN,No significant persistent outbreak signal.,False
2026-06-08,S001,Fever,10,0,-0.0981603155457996,1.0,GREEN,,inf,0,0,30.0,GREEN,False,0,0,0,0,1.53,GREEN,False,32.81,GREEN,No significant persistent outbreak signal.,False
2026-06-08,S019,Vomiting,10,0,-2.623033909442523,1.0,GREEN,,inf,0,0,30.0,GREEN,False,0,0,0,0,1.55,GREEN,False,32.81,GREEN,No significant persistent outbreak signal.,False
2026-06-08,S003,Fatigue,10,0,-5.694691014139049,1.0,GREEN,,inf,0,0,30.0,GREEN,False,0,0,0,0,1.57,GREEN,False,32.81,GREEN,No significant persistent outbreak signal.,False
2026-06-15,S023,Weight Loss,10,7,75.38888888888889,1.0,RED,inf,inf,0,0,54.08,YELLOW,True,0,0,0,0,2.5,GREEN,False,64.1,ORANGE,Significant cross-hospital signal requiring public-health investigation.,True
2026-06-15,S011,Chest Pain,10,5,53.333333333333336,1.0,ORANGE,,inf,0,0,46.67,YELLOW,True,0,0,0,0,2.5,GREEN,False,57.83,ORANGE,Significant cross-hospital signal requiring public-health investigation.,True
2026-06-15,S024,Night Sweats,10,6,33.33050283050283,1.0,ORANGE,inf,inf,0,0,41.17,YELLOW,True,0,0,0,0,2.12,GREEN,False,52.38,YELLOW,Early warning signal; monitor trend and investigate contributing hospitals.,False
2026-06-15,S025,Bleeding,7,4,70.47619047619047,0.7,ORANGE,inf,inf,0,0,41.1,YELLOW,True,0,0,0,0,2.5,GREEN,False,50.37,YELLOW,Early warning signal; monitor trend and investigate contributing hospitals.,False
2026-06-15,S027,Dehydration,10,3,13.05952380952381,1.0,ORANGE,1.077496047522358,12.020815280171307,0,0,35.61,YELLOW,True,0,0,0,0,2.5,GREEN,False,43.01,YELLOW,Early warning signal; monitor trend and investigate contributing hospitals.,False
2026-06-15,S026,Anaemia,8,4,26.25,0.8,ORANGE,,inf,0,0,35.25,YELLOW,True,0,0,0,0,2.5,GREEN,False,42.56,YELLOW,Early warning signal; monitor trend and investigate contributing hospitals.,False
2026-06-15,S021,Abdominal Pain,10,3,14.423737808133495,1.0,ORANGE,,inf,0,0,32.88,GREEN,False,0,0,0,0,1.87,GREEN,False,42.48,YELLOW,Early warning signal; monitor trend and investigate contributing hospitals.,False
2026-06-15,S010,Breathlessness,10,3,8.771561771561773,1.0,ORANGE,-0.8673843182554982,0.7071067811865475,0,0,34.75,GREEN,False,0,0,0,0,1.04,GREEN,False,41.65,YELLOW,Early warning signal; monitor trend and investigate contributing hospitals.,False
2026-06-15,S007,Persistent Cough,10,2,9.289577424491217,1.0,YELLOW,0.8903117199485167,6.010407640085654,0,0,33.36,GREEN,False,0,0,0,0,2.36,GREEN,False,39.67,YELLOW,Early warning signal; monitor trend and investigate contributing hospitals.,False
2026-06-15,S017,Rash,10,3,2.7240158527226077,1.0,ORANGE,inf,inf,0,0,30.54,GREEN,False,0,0,0,0,1.8,GREEN,False,39.54,YELLOW,Early warning signal; monitor trend and investigate contributing hospitals.,False
2026-06-15,S004,Chills,10,2,6.811105742532111,1.0,YELLOW,0.5606571100608002,12.020815280171307,0,0,31.36,GREEN,False,0,0,0,0,1.6,GREEN,False,38.52,YELLOW,Early warning signal; monitor trend and investigate contributing hospitals.,False
2026-06-15,S005,Sweating,10,2,6.811105742532111,1.0,YELLOW,0.5606571100608002,12.020815280171307,0,0,31.36,GREEN,False,0,0,0,0,1.6,GREEN,False,38.52,YELLOW,Early warning signal; monitor trend and investigate contributing hospitals.,False
2026-06-15,S012,Loss of Taste,10,2,3.9890239265239273,1.0,YELLOW,-1.338901078218147,4.00693842672377,0,0,32.3,GREEN,False,0,0,0,0,1.39,GREEN,False,38.15,YELLOW,Early warning signal; monitor trend and investigate contributing hospitals.,False
2026-06-15,S022,Loss of Appetite,10,2,3.5712889419461957,1.0,YELLOW,inf,inf,0,0,30.71,GREEN,False,0,0,0,0,1.65,GREEN,False,37.72,YELLOW,Early warning signal; monitor trend and investigate contributing hospitals.,False
2026-06-15,S003,Fatigue,10,1,0.9449992436733912,1.0,GREEN,-4.422832626514468,3.792663644546028,0,0,30.19,GREEN,False,0,0,0,0,1.27,GREEN,False,34.99,GREEN,No significant persistent outbreak signal.,False
2026-06-15,S018,Nausea,10,0,8.281300198742391,1.0,GREEN,0.7538228782504979,2.45803785841038,0,0,31.66,GREEN,False,0,0,0,0,0.97,GREEN,False,34.77,GREEN,No significant persistent outbreak signal.,False
2026-06-15,S013,Loss of Smell,10,1,-5.790842884889375,1.0,GREEN,-0.798412052108041,3.5355339059327373,0,0,30.0,GREEN,False,0,0,0,0,1.16,GREEN,False,34.73,GREEN,No significant persistent outbreak signal.,False
2026-06-15,S020,Diarrhoea,10,0,7.1751697814208,1.0,GREEN,,inf,0,0,31.44,GREEN,False,0,0,0,0,1.69,GREEN,False,34.63,GREEN,No significant persistent outbreak signal.,False
2026-06-15,S019,Vomiting,10,0,6.797697898567111,1.0,GREEN,inf,inf,0,0,31.36,GREEN,False,0,0,0,0,1.71,GREEN,False,34.54,GREEN,No significant persistent outbreak signal.,False
2026-06-15,S016,Retro-orbital Pain,10,0,-1.6271815982616915,1.0,GREEN,-inf,7.424621202458749,0,0,30.0,GREEN,False,0,0,0,0,1.65,GREEN,False,32.83,GREEN,No significant persistent outbreak signal.,False
2026-06-15,S006,Dry Cough,10,0,-2.1117877457589893,1.0,GREEN,-8.771559251107274,6.363961030678928,0,0,30.0,GREEN,False,0,0,0,0,1.54,GREEN,False,32.81,GREEN,No significant persistent outbreak signal.,False
2026-06-15,S008,Sore Throat,10,0,-0.6977750130982194,1.0,GREEN,0.08463814963514385,4.00693842672377,0,0,30.0,GREEN,False,0,0,0,0,1.31,GREEN,False,32.76,GREEN,No significant persistent outbreak signal.,False
2026-06-15,S002,Headache,10,0,-0.3560122039400888,1.0,GREEN,-1.0751325433252148,1.4404027024170412,0,0,30.0,GREEN,False,0,0,0,0,0.52,GREEN,False,32.6,GREEN,No significant persistent outbreak signal.,False
2026-06-15,S009,Runny Nose,10,0,-5.184409161991153,1.0,GREEN,-inf,1.414213562373095,0,0,30.0,GREEN,False,0,0,0,0,0.49,GREEN,False,32.6,GREEN,No significant persistent outbreak signal.,False
2026-06-15,S014,Muscle Pain,10,0,-4.123955185728261,1.0,GREEN,-0.8666065270729224,0.6527139518645054,0,0,30.0,GREEN,False,0,0,0,0,0.2,GREEN,False,32.54,GREEN,No significant persistent outbreak signal.,False
2026-06-15,S015,Joint Pain,10,0,-8.480247785226624,1.0,GREEN,-4.93318147622673,0.6023502210107626,0,0,30.0,GREEN,False,0,0,0,0,0.18,GREEN,False,32.54,GREEN,No significant persistent outbreak signal.,False
2026-06-15,S001,Fever,10,0,-1.534280452465339,1.0,GREEN,-inf,0.4714045207910317,0,0,30.0,GREEN,False,0,0,0,0,0.14,GREEN,False,32.53,GREEN,No significant persistent outbreak signal.,False
2026-06-22,S027,Dehydration,10,4,63.583333333333336,1.0,ORANGE,0.7496734226936045,4.618802153517005,0,0,48.72,YELLOW,True,0,0,0,0,2.39,GREEN,False,58.37,ORANGE,Significant cross-hospital signal requiring public-health investigation.,True
2026-06-22,S012,Loss of Taste,10,4,31.930045529183463,1.0,ORANGE,1.071310068187497,2.8368325730679014,0,0,42.39,YELLOW,True,0,0,0,0,1.46,GREEN,False,50.28,YELLOW,Early warning signal; monitor trend and investigate contributing hospitals.,False
2026-06-22,S023,Weight Loss,10,4,28.611111111111114,1.0,ORANGE,0.36842069762508234,3.7097041340118704,0,0,41.72,YELLOW,True,0,0,0,0,2.11,GREEN,False,49.57,YELLOW,Early warning signal; monitor trend and investigate contributing hospitals.,False
2026-06-22,S013,Loss of Smell,10,4,28.398214814913104,1.0,ORANGE,0.41918856406053245,2.155263624321299,0,0,38.68,YELLOW,True,0,0,0,0,1.17,GREEN,False,48.58,YELLOW,Early warning signal; monitor trend and investigate contributing hospitals.,False
2026-06-22,S010,Breathlessness,10,4,21.729097699685934,1.0,ORANGE,0.16777037514148174,4.041451884327381,0,0,38.85,YELLOW,True,0,0,0,0,1.43,GREEN,False,47.34,YELLOW,Early warning signal; monitor trend and investigate contributing hospitals.,False
2026-06-22,S011,Chest Pain,9,4,30.55555555555556,0.9,ORANGE,-inf,6.350852961085884,0,0,39.11,YELLOW,True,0,0,0,0,2.5,GREEN,False,46.89,YELLOW,Early warning signal; monitor trend and investigate contributing hospitals.,False
2026-06-22,S025,Bleeding,10,2,13.5,1.0,YELLOW,0.32755976150148614,2.400396792595916,0,0,34.2,GREEN,False,0,0,0,0,1.34,GREEN,False,40.52,YELLOW,Early warning signal; monitor trend and investigate contributing hospitals.,False
2026-06-22,S017,Rash,10,2,8.700569582922524,1.0,YELLOW,0.482491454142695,4.138119259730432,0,0,34.74,GREEN,False,0,0,0,0,2.01,GREEN,False,39.83,YELLOW,Early warning signal; monitor trend and investigate contributing hospitals.,False
2026-06-22,S024,Night Sweats,10,2,6.967338217338217,1.0,YELLOW,0.39899874611880015,5.484827557301445,0,0,34.39,GREEN,False,0,0,0,0,2.33,GREEN,False,39.46,YELLOW,Early warning signal; monitor trend and investigate contributing hospitals.,False
2026-06-22,S007,Persistent Cough,10,2,-2.720905839572061,1.0,YELLOW,-1.4009453247325403,3.042434922296655,0,0,31.5,GREEN,False,0,0,0,0,1.36,GREEN,False,37.15,YELLOW,Early warning signal; monitor trend and investigate contributing hospitals.,False
2026-06-22,S022,Loss of Appetite,10,2,-6.157888859108373,1.0,YELLOW,-0.06545012177514539,5.455447255899807,0,0,30.0,GREEN,False,0,0,0,0,1.98,GREEN,False,36.9,YELLOW,Early warning signal; monitor trend and investigate contributing hospitals.,False
2026-06-22,S015,Joint Pain,10,1,8.420521603607645,1.0,GREEN,0.46967517200814723,2.2994340472328445,0,0,31.68,GREEN,False,0,0,0,0,0.8,GREEN,False,36.76,GREEN,No significant persistent outbreak signal.,False
2026-06-22,S009,Runny Nose,10,1,4.128915130987339,1.0,GREEN,-0.09645402033341685,3.1641594084218894,0,0,30.83,GREEN,False,0,0,0,0,1.03,GREEN,False,35.74,GREEN,No significant persistent outbreak signal.,False
2026-06-22,S026,Anaemia,7,3,20.95238095238096,0.7,ORANGE,-0.2140727018032543,6.350852961085883,0,0,29.69,GREEN,False,0,0,0,0,2.5,GREEN,False,35.61,YELLOW,Early warning signal; monitor trend and investigate contributing hospitals.,False
2026-06-22,S016,Retro-orbital Pain,10,0,8.86023964298835,1.0,GREEN,2.400470662779204,9.23760430703397,0,0,31.77,GREEN,False,0,0,0,0,1.65,GREEN,False,35.04,GREEN,No significant persistent outbreak signal.,False
2026-06-22,S003,Fatigue,10,0,7.1991838873319125,1.0,GREEN,0.8901895903901369,5.2915026221291805,0,0,31.44,GREEN,False,0,0,0,0,1.57,GREEN,False,34.61,GREEN,No significant persistent outbreak signal.,False
2026-06-22,S014,Muscle Pain,10,0,5.898234910941948,1.0,GREEN,0.8200021047922468,3.412500738508723,0,0,31.18,GREEN,False,0,0,0,0,1.13,GREEN,False,34.2,GREEN,No significant persistent outbreak signal.,False
2026-06-22,S006,Dry Cough,10,0,4.169950879100016,1.0,GREEN,0.8475586494287126,6.992342750670703,0,0,30.83,GREEN,False,0,0,0,0,1.59,GREEN,False,33.86,GREEN,No significant persistent outbreak signal.,False
2026-06-22,S001,Fever,10,0,4.111688761002605,1.0,GREEN,4.440453260937323,19.19689645055521,0,0,30.82,GREEN,False,0,0,0,0,1.62,GREEN,False,33.85,GREEN,No significant persistent outbreak signal.,False
2026-06-22,S002,Headache,10,0,3.822581739162545,1.0,GREEN,0.7233444615201535,4.444444444444445,0,0,30.76,GREEN,False,0,0,0,0,1.45,GREEN,False,33.74,GREEN,No significant persistent outbreak signal.,False
2026-06-22,S008,Sore Throat,10,0,3.851611673578264,1.0,GREEN,0.5672021273554381,3.4837455331342047,0,0,30.77,GREEN,False,0,0,0,0,1.26,GREEN,False,33.71,GREEN,No significant persistent outbreak signal.,False
2026-06-22,S018,Nausea,10,0,-5.460264817743923,1.0,GREEN,0.3512720781528901,6.379052256590136,0,0,30.0,GREEN,False,0,0,0,0,1.72,GREEN,False,32.84,GREEN,No significant persistent outbreak signal.,False
2026-06-22,S021,Abdominal Pain,10,0,-6.383756119033333,1.0,GREEN,0.8926777646637802,12.701705922171769,0,0,30.0,GREEN,False,0,0,0,0,1.69,GREEN,False,32.84,GREEN,No significant persistent outbreak signal.,False
2026-06-22,S004,Chills,10,0,0.0032973462664543,1.0,GREEN,-0.36417428071783275,5.405899027195886,0,0,30.0,GREEN,False,0,0,0,0,1.67,GREEN,False,32.83,GREEN,No significant persistent outbreak signal.,False
2026-06-22,S005,Sweating,10,0,0.0032973462664543,1.0,GREEN,-0.36417428071783275,5.405899027195886,0,0,30.0,GREEN,False,0,0,0,0,1.67,GREEN,False,32.83,GREEN,No significant persistent outbreak signal.,False
2026-06-22,S019,Vomiting,10,0,-1.4315353564185442,1.0,GREEN,0.43945409255089257,5.220368976638746,0,0,30.0,GREEN,False,0,0,0,0,1.63,GREEN,False,32.83,GREEN,No significant persistent outbreak signal.,False
2026-06-22,S020,Diarrhoea,10,0,-4.940855159739665,1.0,GREEN,0.404782393294996,11.547005383792532,0,0,30.0,GREEN,False,0,0,0,0,1.61,GREEN,False,32.82,GREEN,No significant persistent outbreak signal.,False
2026-06-29,S023,Weight Loss,10,5,77.88888888888889,1.0,ORANGE,0.17362933667567276,3.6742346141747673,1,1,77.3,RED,True,1,1,1,0,17.94,GREEN,False,73.49,ORANGE,Significant cross-hospital signal requiring public-health investigation.,True
2026-06-29,S025,Bleeding,10,3,64.80952380952381,1.0,ORANGE,1.185201979406902,9.5,2,2,82.46,RED,True,2,2,1,1,35.5,GREEN,False,71.68,ORANGE,Significant cross-hospital signal requiring public-health investigation.,True
2026-06-29,S026,Anaemia,10,4,49.16666666666666,1.0,ORANGE,0.22187477506488285,2.449489742783178,1,1,62.98,ORANGE,True,1,1,1,0,17.9,GREEN,False,62.16,ORANGE,Significant cross-hospital signal requiring public-health investigation.,True
2026-06-29,S022,Loss of Appetite,10,4,8.744486803115228,1.0,ORANGE,0.6630296506148856,7.1030549646267325,3,1,66.75,ORANGE,True,3,1,1,1,37.64,GREEN,False,58.96,ORANGE,Significant cross-hospital signal requiring public-health investigation.,True
2026-06-29,S011,Chest Pain,10,4,7.333333333333334,1.0,ORANGE,0.3257083658230587,2.8722813232690143,3,2,56.07,ORANGE,True,3,2,1,1,40.86,GREEN,False,56.66,ORANGE,Significant cross-hospital signal requiring public-health investigation.,True
2026-06-29,S024,Night Sweats,10,3,13.01010101010101,1.0,ORANGE,0.5471975218473031,2.598076211353316,2,1,53.79,YELLOW,True,2,1,1,1,30.63,GREEN,False,53.18,YELLOW,Early warning signal; monitor trend and investigate contributing hospitals.,False
2026-06-29,S010,Breathlessness,10,2,0.8799762329174101,1.0,YELLOW,0.481216776052902,4.438980226870294,2,2,62.75,ORANGE,True,2,2,1,1,35.27,GREEN,False,51.92,YELLOW,Early warning signal; monitor trend and investigate contributing hospitals.,False
2026-06-29,S027,Dehydration,10,3,13.787878787878787,1.0,ORANGE,0.09124595952001666,1.891624771144944,1,0,49.0,YELLOW,True,1,0,1,0,13.28,GREEN,False,48.66,YELLOW,Early warning signal; monitor trend and investigate contributing hospitals.,False
2026-06-29,S007,Persistent Cough,10,2,14.676406926406926,1.0,YELLOW,0.45962557136110566,1.1825341841884291,0,0,42.71,YELLOW,True,0,0,0,0,1.05,GREEN,False,42.82,YELLOW,Early warning signal; monitor trend and investigate contributing hospitals.,False
2026-06-29,S015,Joint Pain,10,0,-1.7453036013380536,1.0,GREEN,-0.013878959207546027,3.517169590410852,1,1,54.62,YELLOW,False,1,1,1,0,17.38,GREEN,False,42.13,YELLOW,Early warning signal; monitor trend and investigate contributing hospitals.,False
2026-06-29,S003,Fatigue,10,0,-0.7477314992392323,1.0,GREEN,0.058174918289798115,1.8655370462689176,2,0,43.06,YELLOW,False,2,0,1,1,26.56,GREEN,False,41.08,YELLOW,Early warning signal; monitor trend and investigate contributing hospitals.,False
2026-06-29,S014,Muscle Pain,10,0,-3.1269809885451343,1.0,GREEN,-0.31661301163588007,2.274004575698253,1,1,45.92,YELLOW,False,1,1,1,0,16.94,GREEN,False,39.87,YELLOW,Early warning signal; monitor trend and investigate contributing hospitals.,False
2026-06-29,S006,Dry Cough,10,0,-1.910582485227456,1.0,GREEN,0.12423365468421199,2.251940297371412,1,1,45.76,YELLOW,False,1,1,1,0,16.95,GREEN,False,39.83,YELLOW,Early warning signal; monitor trend and investigate contributing hospitals.,False
2026-06-29,S012,Loss of Taste,10,0,-10.931509105505656,1.0,GREEN,0.02353425314170393,2.110674535892834,1,1,44.77,YELLOW,False,1,1,1,0,16.97,GREEN,False,39.59,YELLOW,Early warning signal; monitor trend and investigate contributing hospitals.,False
2026-06-29,S002,Headache,10,0,-2.2211620671276195,1.0,GREEN,-0.37330141754080726,2.089373536621037,1,1,44.63,YELLOW,False,1,1,1,0,16.86,GREEN,False,39.53,YELLOW,Early warning signal; monitor trend and investigate contributing hospitals.,False
2026-06-29,S008,Sore Throat,10,0,0.2395061349218729,1.0,GREEN,0.3548736410774063,1.837551562455011,1,0,42.91,YELLOW,False,1,0,1,0,12.92,GREEN,False,38.36,YELLOW,Early warning signal; monitor trend and investigate contributing hospitals.,False
2026-06-29,S013,Loss of Smell,10,2,-2.2282537664463566,1.0,YELLOW,-0.16093856672738643,0.8751577343945898,0,0,36.13,YELLOW,True,0,0,0,0,0.7,GREEN,False,38.17,YELLOW,Early warning signal; monitor trend and investigate contributing hospitals.,False
2026-06-29,S001,Fever,10,0,-1.3383591361274807,1.0,GREEN,0.412529516089699,1.727754361920448,1,0,42.09,YELLOW,False,1,0,1,0,12.86,GREEN,False,38.09,YELLOW,Early warning signal; monitor trend and investigate contributing hospitals.,False
2026-06-29,S009,Runny Nose,10,0,-2.0432133605387106,1.0,GREEN,-0.33133063183276923,1.656472891122698,1,0,41.6,YELLOW,False,1,0,1,0,12.89,GREEN,False,37.98,YELLOW,Early warning signal; monitor trend and investigate contributing hospitals.,False
2026-06-29,S017,Rash,10,1,0.4423435246450203,1.0,GREEN,-2.7813532064768975,1.2997603954770751,0,0,40.69,YELLOW,False,0,0,0,0,0.92,GREEN,False,37.44,YELLOW,Early warning signal; monitor trend and investigate contributing hospitals.,False
2026-06-29,S004,Chills,10,1,4.7237545664927945,1.0,GREEN,0.24993381715935353,0.8521325328823184,0,0,36.91,YELLOW,False,0,0,0,0,0.55,GREEN,False,37.28,YELLOW,Early warning signal; monitor trend and investigate contributing hospitals.,False
2026-06-29,S005,Sweating,10,1,4.7237545664927945,1.0,GREEN,0.24993381715935353,0.8521325328823184,0,0,36.91,YELLOW,False,0,0,0,0,0.55,GREEN,False,37.28,YELLOW,Early warning signal; monitor trend and investigate contributing hospitals.,False
2026-06-29,S018,Nausea,10,1,-2.27820542790189,1.0,GREEN,-0.6538290632619695,0.7444638346102761,0,0,35.21,YELLOW,False,0,0,0,0,0.53,GREEN,False,35.91,YELLOW,Early warning signal; monitor trend and investigate contributing hospitals.,False
2026-06-29,S016,Retro-orbital Pain,10,0,-3.89039686996025,1.0,GREEN,-0.2688321660271135,1.252012597789534,0,0,38.76,YELLOW,False,0,0,0,0,0.48,GREEN,False,34.79,GREEN,No significant persistent outbreak signal.,False
2026-06-29,S019,Vomiting,10,0,-4.387497635079162,1.0,GREEN,-0.5483952119360507,1.1650513434043848,0,0,38.16,YELLOW,False,0,0,0,0,0.45,GREEN,False,34.63,GREEN,No significant persistent outbreak signal.,False
2026-06-29,S020,Diarrhoea,10,0,-4.210656805606232,1.0,GREEN,-1.0538472595338266,0.813733471206735,0,0,35.7,YELLOW,False,0,0,0,0,0.36,GREEN,False,34.0,GREEN,No significant persistent outbreak signal.,False
2026-06-29,S021,Abdominal Pain,10,0,-8.197636098761919,1.0,GREEN,-0.7782052466043325,0.7262040090592468,0,0,35.08,YELLOW,False,0,0,0,0,0.34,GREEN,False,33.84,GREEN,No significant persistent outbreak signal.,False
2026-07-06,S025,Bleeding,10,6,29.416666666666664,1.0,RED,0.5202170618806423,2.7701415506299165,2,1,62.77,ORANGE,True,2,1,1,2,39.0,GREEN,False,64.38,ORANGE,Significant cross-hospital signal requiring public-health investigation.,True
2026-07-06,S010,Breathlessness,10,6,20.485209235209236,1.0,ORANGE,-0.0632362029229531,1.7143892308290465,2,0,52.1,YELLOW,True,2,0,1,2,34.82,GREEN,False,59.09,ORANGE,Significant cross-hospital signal requiring public-health investigation.,True
2026-07-06,S011,Chest Pain,8,4,39.58333333333333,0.8,ORANGE,-0.22652048227546634,2.0083160441856096,2,2,48.97,YELLOW,True,2,2,2,2,47.77,GREEN,False,57.71,ORANGE,Significant cross-hospital signal requiring public-health investigation.,True
2026-07-06,S013,Loss of Smell,10,3,6.314537346133347,1.0,ORANGE,0.7378862667937497,6.857556923316182,1,1,66.26,ORANGE,True,1,1,1,0,18.07,GREEN,False,52.44,YELLOW,Early warning signal; monitor trend and investigate contributing hospitals.,False
2026-07-06,S012,Loss of Taste,10,4,12.146979344116543,1.0,ORANGE,0.3151884270668213,2.3845875802994514,1,1,52.12,YELLOW,True,1,1,1,0,17.57,GREEN,False,51.97,YELLOW,Early warning signal; monitor trend and investigate contributing hospitals.,False
2026-07-06,S024,Night Sweats,10,1,-16.183455433455435,1.0,GREEN,-0.4517248414755424,4.034466888812334,2,1,59.74,ORANGE,False,2,1,1,2,38.93,GREEN,False,49.72,YELLOW,Early warning signal; monitor trend and investigate contributing hospitals.,False
2026-07-06,S009,Runny Nose,10,0,7.844598893201857,1.0,GREEN,0.8282954654102801,3.3993463423951917,3,1,55.36,ORANGE,False,3,1,1,1,36.9,GREEN,False,47.79,YELLOW,Early warning signal; monitor trend and investigate contributing hospitals.,False
2026-07-06,S004,Chills,10,0,2.795055122560368,1.0,GREEN,0.8576489550567563,3.653728591496754,2,1,56.14,ORANGE,False,2,1,1,1,30.92,GREEN,False,45.78,YELLOW,Early warning signal; monitor trend and investigate contributing hospitals.,False
2026-07-06,S005,Sweating,10,0,2.795055122560368,1.0,GREEN,0.8576489550567563,3.653728591496754,2,1,56.14,ORANGE,False,2,1,1,1,30.92,GREEN,False,45.78,YELLOW,Early warning signal; monitor trend and investigate contributing hospitals.,False
2026-07-06,S007,Persistent Cough,10,1,-11.261883363477471,1.0,GREEN,-0.2875259995469266,3.17710705148408,1,1,52.24,YELLOW,False,1,1,1,0,17.44,GREEN,False,43.55,YELLOW,Early warning signal; monitor trend and investigate contributing hospitals.,False
2026-07-06,S022,Loss of Appetite,10,3,7.01510302013219,1.0,ORANGE,0.22072043552395293,1.3372491518477951,0,0,40.76,YELLOW,True,0,0,0,0,0.83,GREEN,False,42.76,YELLOW,Early warning signal; monitor trend and investigate contributing hospitals.,False
2026-07-06,S023,Weight Loss,10,2,-11.714285714285714,1.0,YELLOW,-0.49407892561166644,1.1293678311839803,0,0,40.91,YELLOW,True,0,0,0,0,1.07,GREEN,False,39.44,YELLOW,Early warning signal; monitor trend and investigate contributing hospitals.,False
2026-07-06,S001,Fever,10,0,-1.0633481213952831,1.0,GREEN,-0.33756147284354476,1.6976993213033236,1,0,41.88,YELLOW,False,1,0,2,0,19.18,GREEN,False,39.31,YELLOW,Early warning signal; monitor trend and investigate contributing hospitals.,False
2026-07-06,S018,Nausea,10,0,3.876163717754429,1.0,GREEN,-0.20024252616784163,1.5284204639008356,1,0,41.47,YELLOW,False,1,0,1,0,12.99,GREEN,False,38.74,YELLOW,Early warning signal; monitor trend and investigate contributing hospitals.,False
2026-07-06,S027,Dehydration,10,2,-20.3030303030303,1.0,YELLOW,-0.470536693660803,0.7302967433402213,0,0,38.11,YELLOW,True,0,0,0,0,0.72,GREEN,False,38.67,YELLOW,Early warning signal; monitor trend and investigate contributing hospitals.,False
2026-07-06,S014,Muscle Pain,10,0,-0.719209272051457,1.0,GREEN,-0.301490327955865,1.7979158631475616,1,0,42.59,YELLOW,False,1,0,1,0,12.97,GREEN,False,38.24,YELLOW,Early warning signal; monitor trend and investigate contributing hospitals.,False
2026-07-06,S017,Rash,10,2,-2.868339725790616,1.0,YELLOW,-0.4474145195100358,0.8959840715358683,0,0,36.27,YELLOW,True,0,0,0,0,0.52,GREEN,False,38.17,YELLOW,Early warning signal; monitor trend and investigate contributing hospitals.,False
2026-07-06,S021,Abdominal Pain,10,2,3.709037586938328,1.0,YELLOW,-0.49866186015057556,0.3288326927328338,0,0,33.04,GREEN,False,0,0,0,0,0.36,GREEN,False,38.07,YELLOW,Early warning signal; monitor trend and investigate contributing hospitals.,False
2026-07-06,S008,Sore Throat,10,0,-2.846896931821991,1.0,GREEN,-0.5922541300738132,1.590990257669732,1,0,41.14,YELLOW,False,1,0,1,0,12.91,GREEN,False,37.87,YELLOW,Early warning signal; monitor trend and investigate contributing hospitals.,False
2026-07-06,S002,Headache,10,0,2.9422200179048,1.0,GREEN,0.4123674908569461,1.1570396111137384,0,0,38.69,YELLOW,False,0,0,0,0,1.18,GREEN,False,35.5,YELLOW,Early warning signal; monitor trend and investigate contributing hospitals.,False
2026-07-06,S015,Joint Pain,10,0,-3.632339224184359,1.0,GREEN,-0.5778279136200669,1.4075157116241714,0,0,39.85,YELLOW,False,0,0,0,0,0.83,GREEN,False,35.13,YELLOW,Early warning signal; monitor trend and investigate contributing hospitals.,False
2026-07-06,S026,Anaemia,8,2,9.79166666666667,0.8,YELLOW,-0.6272464990735612,0.9203579866168444,0,0,35.4,YELLOW,True,0,0,0,0,1.28,GREEN,False,35.06,YELLOW,Early warning signal; monitor trend and investigate contributing hospitals.,False
2026-07-06,S006,Dry Cough,10,0,0.0108823950444138,1.0,GREEN,-0.2566079926599056,1.1151821580359371,0,0,37.81,YELLOW,False,0,0,0,0,0.88,GREEN,False,34.63,GREEN,No significant persistent outbreak signal.,False
2026-07-06,S003,Fatigue,10,0,-2.8401973311992967,1.0,GREEN,-0.2722711581819372,0.8059682475959332,0,0,35.64,YELLOW,False,0,0,0,0,0.33,GREEN,False,33.98,GREEN,No significant persistent outbreak signal.,False
2026-07-06,S019,Vomiting,10,0,-0.349550185273026,1.0,GREEN,-0.8182856646456692,0.5934424260562089,0,0,34.15,GREEN,False,0,0,0,0,0.27,GREEN,False,33.59,GREEN,No significant persistent outbreak signal.,False
2026-07-06,S016,Retro-orbital Pain,10,0,-4.4975014664150335,1.0,GREEN,-0.4914602615658919,0.562955455224223,0,0,33.94,GREEN,False,0,0,0,0,0.26,GREEN,False,33.54,GREEN,No significant persistent outbreak signal.,False
2026-07-06,S020,Diarrhoea,10,0,0.1371453047610305,1.0,GREEN,-0.7180885750558696,0.4985415622798052,0,0,33.52,GREEN,False,0,0,0,0,0.23,GREEN,False,33.45,GREEN,No significant persistent outbreak signal.,False
2026-07-13,S027,Dehydration,10,5,80.47619047619048,1.0,RED,0.34471924103206997,3.134811641096994,1,1,75.54,RED,True,1,1,1,0,18.11,GREEN,False,73.6,ORANGE,Significant cross-hospital signal requiring public-health investigation.,True
2026-07-13,S026,Anaemia,9,4,92.5925925925926,0.9,ORANGE,0.34997449479276366,2.3836564731139807,1,1,68.2,ORANGE,True,1,1,1,0,18.72,GREEN,False,69.81,ORANGE,Significant cross-hospital signal requiring public-health investigation.,True
2026-07-13,S022,Loss of Appetite,10,2,4.1326700092657545,1.0,YELLOW,0.7910810633130473,4.265283190204454,3,2,60.68,ORANGE,True,3,2,1,1,40.76,GREEN,False,53.15,YELLOW,Early warning signal; monitor trend and investigate contributing hospitals.,False
2026-07-13,S016,Retro-orbital Pain,10,1,8.626529230103,1.0,GREEN,0.6317167861563477,3.5594305366675543,3,2,56.64,ORANGE,False,3,2,1,1,40.21,GREEN,False,50.93,YELLOW,Early warning signal; monitor trend and investigate contributing hospitals.,False
2026-07-13,S018,Nausea,10,1,4.546115982291982,1.0,GREEN,0.5464211539786723,2.930188889603249,2,2,51.42,YELLOW,False,2,2,2,1,40.03,GREEN,False,48.77,YELLOW,Early warning signal; monitor trend and investigate contributing hospitals.,False
2026-07-13,S015,Joint Pain,10,1,8.746156151040692,1.0,GREEN,0.5637115833983318,1.905586732340784,3,0,45.09,YELLOW,False,3,0,1,1,32.51,GREEN,False,46.52,YELLOW,Early warning signal; monitor trend and investigate contributing hospitals.,False
2026-07-13,S024,Night Sweats,10,3,17.619047619047613,1.0,ORANGE,-0.6734664280277636,1.3258610570414522,0,0,45.8,YELLOW,True,0,0,0,0,1.23,GREEN,False,46.22,YELLOW,Early warning signal; monitor trend and investigate contributing hospitals.,False
2026-07-13,S025,Bleeding,10,3,-4.5,1.0,ORANGE,0.07724738104854631,1.5498260496951666,1,0,43.85,YELLOW,True,1,0,1,0,13.05,GREEN,False,44.57,YELLOW,Early warning signal; monitor trend and investigate contributing hospitals.,False
2026-07-13,S017,Rash,10,2,7.518764902757856,1.0,YELLOW,0.02158813198769245,1.5191698526848267,1,0,43.64,YELLOW,True,1,0,1,0,13.35,GREEN,False,44.08,YELLOW,Early warning signal; monitor trend and investigate contributing hospitals.,False
2026-07-13,S001,Fever,10,0,0.9842411181924848,1.0,GREEN,0.2829361937797708,2.065372093412048,2,1,44.65,YELLOW,False,2,1,1,1,30.33,GREEN,False,42.43,YELLOW,Early warning signal; monitor trend and investigate contributing hospitals.,False
2026-07-13,S021,Abdominal Pain,10,1,6.741317858341131,1.0,GREEN,0.1450908012565426,1.9827405196096828,1,0,45.23,YELLOW,False,1,0,1,0,13.24,GREEN,False,42.3,YELLOW,Early warning signal; monitor trend and investigate contributing hospitals.,False
2026-07-13,S014,Muscle Pain,10,0,4.808427280531648,1.0,GREEN,0.6503677864713022,2.8178526450152326,1,1,50.69,YELLOW,False,1,1,1,0,17.11,GREEN,False,42.06,YELLOW,Early warning signal; monitor trend and investigate contributing hospitals.,False
2026-07-13,S002,Headache,10,0,-1.2377531306432217,1.0,GREEN,0.14494593613880064,2.8876915027377343,1,1,50.21,YELLOW,False,1,1,1,0,17.1,GREEN,False,40.97,YELLOW,Early warning signal; monitor trend and investigate contributing hospitals.,False
2026-07-13,S019,Vomiting,10,0,4.931052051055546,1.0,GREEN,0.2781841006494469,2.1269248984883125,1,1,45.87,YELLOW,False,1,1,1,0,16.89,GREEN,False,40.83,YELLOW,Early warning signal; monitor trend and investigate contributing hospitals.,False
2026-07-13,S004,Chills,10,0,-7.274443276939179,1.0,GREEN,-0.32846538836722694,2.290919806822869,1,1,46.04,YELLOW,False,1,1,1,0,16.95,GREEN,False,39.9,YELLOW,Early warning signal; monitor trend and investigate contributing hospitals.,False
2026-07-13,S005,Sweating,10,0,-7.274443276939179,1.0,GREEN,-0.32846538836722694,2.290919806822869,1,1,46.04,YELLOW,False,1,1,1,0,16.95,GREEN,False,39.9,YELLOW,Early warning signal; monitor trend and investigate contributing hospitals.,False
2026-07-13,S009,Runny Nose,10,0,-4.015356021894741,1.0,GREEN,-0.017044060404215678,1.8132963018384136,1,0,42.69,YELLOW,False,1,0,2,0,19.25,GREEN,False,39.52,YELLOW,Early warning signal; monitor trend and investigate contributing hospitals.,False
2026-07-13,S010,Breathlessness,10,1,-20.92085692085692,1.0,GREEN,-0.724365505582999,1.4301938838683883,0,0,41.51,YELLOW,False,0,0,0,0,0.83,GREEN,False,37.54,YELLOW,Early warning signal; monitor trend and investigate contributing hospitals.,False
2026-07-13,S012,Loss of Taste,10,1,-15.334283192467552,1.0,GREEN,-0.7031339423693773,1.0878756313824398,0,0,37.62,YELLOW,False,0,0,0,0,1.33,GREEN,False,36.67,YELLOW,Early warning signal; monitor trend and investigate contributing hospitals.,False
2026-07-13,S020,Diarrhoea,10,0,4.881297956577527,1.0,GREEN,0.02237595486945876,1.3801225083369355,0,0,40.64,YELLOW,False,0,0,0,0,0.6,GREEN,False,36.26,YELLOW,Early warning signal; monitor trend and investigate contributing hospitals.,False
2026-07-13,S006,Dry Cough,10,0,-0.198630334046717,1.0,GREEN,-0.12568796698931795,1.3627281872955432,0,0,39.54,YELLOW,False,0,0,0,0,1.2,GREEN,False,35.12,YELLOW,Early warning signal; monitor trend and investigate contributing hospitals.,False
2026-07-13,S008,Sore Throat,10,0,0.1432448957654022,1.0,GREEN,-0.18638824835804577,1.1943320206981691,0,0,38.39,YELLOW,False,0,0,0,0,0.56,GREEN,False,34.74,GREEN,No significant persistent outbreak signal.,False
2026-07-13,S003,Fatigue,10,0,-1.3073287803678786,1.0,GREEN,-0.3132623417083462,1.21379425806881,0,0,38.5,YELLOW,False,0,0,0,0,0.6,GREEN,False,34.74,GREEN,No significant persistent outbreak signal.,False
2026-07-13,S013,Loss of Smell,10,0,-16.848974035159166,1.0,GREEN,-0.7641752171990588,1.1785113019775793,0,0,38.25,YELLOW,False,0,0,0,0,0.83,GREEN,False,34.73,GREEN,No significant persistent outbreak signal.,False
2026-07-13,S007,Persistent Cough,10,1,-5.284995470479342,1.0,GREEN,-0.6843547428908258,0.0,0,0,30.0,GREEN,False,0,0,0,0,0.83,GREEN,False,34.67,GREEN,No significant persistent outbreak signal.,False
2026-07-13,S011,Chest Pain,8,2,0.0,0.8,YELLOW,-0.7661212946528058,0.4428074427700475,0,0,30.1,GREEN,False,0,0,0,0,1.17,GREEN,False,31.76,GREEN,No significant persistent outbreak signal.,False
2026-07-13,S023,Weight Loss,8,1,-25.625,0.8,GREEN,-1.111641680936659,0.0719443078836192,0,0,24.5,GREEN,False,0,0,0,0,0.83,GREEN,False,28.29,GREEN,No significant persistent outbreak signal.,False
2026-07-20,S023,Weight Loss,10,5,80.83333333333333,1.0,RED,0.008831725851127334,2.8382174867477024,1,1,73.53,ORANGE,True,1,1,1,0,18.02,GREEN,False,73.15,ORANGE,Significant cross-hospital signal requiring public-health investigation.,True
2026-07-20,S025,Bleeding,10,4,63.16666666666667,1.0,ORANGE,-0.1170702059668542,2.471630805313042,2,1,65.93,ORANGE,True,2,1,1,1,31.41,GREEN,False,68.4,ORANGE,Significant cross-hospital signal requiring public-health investigation.,True
2026-07-20,S024,Night Sweats,10,5,41.781274281274285,1.0,RED,0.3762690269779224,3.970775864300728,1,1,73.65,ORANGE,True,1,1,1,0,18.69,GREEN,False,65.51,ORANGE,Significant cross-hospital signal requiring public-health investigation.,True
2026-07-20,S007,Persistent Cough,10,6,33.06101918515712,1.0,ORANGE,0.8151751479166066,2.7424137786507226,3,2,61.81,ORANGE,True,3,2,1,1,41.48,GREEN,False,65.36,ORANGE,Significant cross-hospital signal requiring public-health investigation.,True
2026-07-20,S027,Dehydration,10,4,37.45238095238095,1.0,ORANGE,0.48280923168749973,2.4721664876899254,2,1,59.3,ORANGE,True,2,1,1,1,31.41,GREEN,False,61.6,ORANGE,Significant cross-hospital signal requiring public-health investigation.,True
2026-07-20,S026,Anaemia,9,3,39.07407407407408,0.9,ORANGE,0.2752993838061511,3.2732683535398857,1,1,62.23,ORANGE,True,1,1,1,0,18.15,GREEN,False,55.5,ORANGE,Significant cross-hospital signal requiring public-health investigation.,True
2026-07-20,S011,Chest Pain,10,5,30.0,1.0,ORANGE,0.047909323062377704,1.1246369913751453,0,0,49.87,YELLOW,True,0,0,0,0,2.17,GREEN,False,53.9,YELLOW,Early warning signal; monitor trend and investigate contributing hospitals.,False
2026-07-20,S012,Loss of Taste,10,4,24.024245710429923,1.0,ORANGE,-0.012323561838144459,1.8170118179839216,1,0,50.52,YELLOW,True,1,0,1,0,13.88,GREEN,False,53.21,YELLOW,Early warning signal; monitor trend and investigate contributing hospitals.,False
2026-07-20,S013,Loss of Smell,10,3,22.50463927471601,1.0,ORANGE,0.007469932887659047,1.7155626498179213,1,0,51.01,YELLOW,True,1,0,1,0,13.85,GREEN,False,51.02,YELLOW,Early warning signal; monitor trend and investigate contributing hospitals.,False
2026-07-20,S003,Fatigue,10,1,6.273943421409574,1.0,GREEN,0.4757211675195213,3.9605901719066976,2,2,58.98,ORANGE,False,2,2,1,1,34.68,GREEN,False,49.94,YELLOW,Early warning signal; monitor trend and investigate contributing hospitals.,False
2026-07-20,S010,Breathlessness,10,4,21.085858585858585,1.0,ORANGE,-0.37797576420030904,0.977107123592882,0,0,47.06,YELLOW,True,0,0,0,0,2.13,GREEN,False,49.41,YELLOW,Early warning signal; monitor trend and investigate contributing hospitals.,False
2026-07-20,S004,Chills,10,0,5.581709500993723,1.0,GREEN,0.28230873730280115,2.112542923129787,3,1,45.9,YELLOW,False,3,1,2,1,42.51,GREEN,False,46.09,YELLOW,Early warning signal; monitor trend and investigate contributing hospitals.,False
2026-07-20,S005,Sweating,10,0,5.581709500993723,1.0,GREEN,0.28230873730280115,2.112542923129787,3,1,45.9,YELLOW,False,3,1,2,1,42.51,GREEN,False,46.09,YELLOW,Early warning signal; monitor trend and investigate contributing hospitals.,False
2026-07-20,S020,Diarrhoea,10,0,3.266861865148693,1.0,GREEN,0.5275424972598735,2.405629210707969,3,2,47.49,YELLOW,False,3,2,1,1,39.82,GREEN,False,45.49,YELLOW,Early warning signal; monitor trend and investigate contributing hospitals.,False
2026-07-20,S019,Vomiting,10,0,4.413739514868982,1.0,GREEN,1.1824896301599916,4.329759524372772,1,1,61.19,ORANGE,False,1,1,1,0,17.64,GREEN,False,44.71,YELLOW,Early warning signal; monitor trend and investigate contributing hospitals.,False
2026-07-20,S022,Loss of Appetite,10,2,4.445579086694953,1.0,YELLOW,0.275373545133413,1.9577572563356456,1,0,46.09,YELLOW,True,1,0,1,0,13.62,GREEN,False,44.14,YELLOW,Early warning signal; monitor trend and investigate contributing hospitals.,False
2026-07-20,S001,Fever,10,0,0.180612075793026,1.0,GREEN,0.329206182203424,1.7091208884514633,2,0,42.0,YELLOW,False,2,0,2,2,40.17,GREEN,False,43.57,YELLOW,Early warning signal; monitor trend and investigate contributing hospitals.,False
2026-07-20,S008,Sore Throat,10,0,3.5889605491449155,1.0,GREEN,0.16271454997710338,2.264762121159259,2,1,46.57,YELLOW,False,2,1,1,1,30.52,GREEN,False,43.46,YELLOW,Early warning signal; monitor trend and investigate contributing hospitals.,False
2026-07-20,S009,Runny Nose,10,1,1.6548229065224915,1.0,GREEN,0.07858673734301483,2.335827470871493,1,1,46.68,YELLOW,False,1,1,1,0,17.48,GREEN,False,42.5,YELLOW,Early warning signal; monitor trend and investigate contributing hospitals.,False
2026-07-20,S017,Rash,10,0,4.508147542701808,1.0,GREEN,0.18494090010153047,2.025376305345594,1,1,45.08,YELLOW,False,1,1,2,0,23.22,GREEN,False,41.82,YELLOW,Early warning signal; monitor trend and investigate contributing hospitals.,False
2026-07-20,S006,Dry Cough,10,0,1.492730385151195,1.0,GREEN,0.10730391833237107,1.7965111864717795,2,0,42.87,YELLOW,False,2,0,1,1,26.4,GREEN,False,41.3,YELLOW,Early warning signal; monitor trend and investigate contributing hospitals.,False
2026-07-20,S015,Joint Pain,10,1,-3.638274373992053,1.0,GREEN,-0.223160414366166,1.8368217173760648,1,0,42.86,YELLOW,False,1,0,1,0,13.19,GREEN,False,40.35,YELLOW,Early warning signal; monitor trend and investigate contributing hospitals.,False
2026-07-20,S018,Nausea,10,0,2.459290950522077,1.0,GREEN,0.45184061507363654,1.657496115248032,1,0,42.09,YELLOW,False,1,0,1,0,12.91,GREEN,False,38.6,YELLOW,Early warning signal; monitor trend and investigate contributing hospitals.,False
2026-07-20,S002,Headache,10,0,0.3731489035302195,1.0,GREEN,0.2608259635465461,1.805026434284948,1,0,42.71,YELLOW,False,1,0,1,0,12.94,GREEN,False,38.34,YELLOW,Early warning signal; monitor trend and investigate contributing hospitals.,False
2026-07-20,S016,Retro-orbital Pain,10,0,-2.242294658366652,1.0,GREEN,-0.10641369039881292,1.7591864148251213,1,0,42.31,YELLOW,False,1,0,1,0,13.02,GREEN,False,38.18,YELLOW,Early warning signal; monitor trend and investigate contributing hospitals.,False
2026-07-20,S021,Abdominal Pain,10,0,2.892393479500514,1.0,GREEN,0.3711213676783701,1.1329947516235546,0,0,38.51,YELLOW,False,0,0,0,0,0.52,GREEN,False,35.31,YELLOW,Early warning signal; monitor trend and investigate contributing hospitals.,False
2026-07-20,S014,Muscle Pain,10,0,-2.359525238514125,1.0,GREEN,-0.08703551841026894,1.3733059145465365,0,0,39.61,YELLOW,False,0,0,0,0,1.0,GREEN,False,35.1,YELLOW,Early warning signal; monitor trend and investigate contributing hospitals.,False
2026-07-27,S025,Bleeding,9,5,79.62962962962963,0.9,RED,0.5141517986280592,2.173706511928416,2,1,65.64,ORANGE,True,2,1,2,2,44.15,GREEN,False,73.67,ORANGE,Significant cross-hospital signal requiring public-health investigation.,True
2026-07-27,S026,Anaemia,9,4,33.73015873015873,0.9,ORANGE,0.11811435614263473,3.3158053648233494,1,1,61.46,ORANGE,True,1,1,1,0,18.16,GREEN,False,56.24,ORANGE,Significant cross-hospital signal requiring public-health investigation.,True
2026-07-27,S011,Chest Pain,9,3,24.074074074074076,0.9,ORANGE,0.1677208231251687,2.5099800796022267,2,2,53.88,YELLOW,True,2,2,1,1,35.92,GREEN,False,53.97,YELLOW,Early warning signal; monitor trend and investigate contributing hospitals.,False
2026-07-27,S001,Fever,10,0,-0.3784024202025909,1.0,GREEN,0.18842184115105148,2.7073402925921104,4,2,48.95,YELLOW,False,4,2,3,3,73.5,ORANGE,False,51.94,YELLOW,Early warning signal; monitor trend and investigate contributing hospitals.,False
2026-07-27,S021,Abdominal Pain,10,2,1.4920839651182844,1.0,YELLOW,0.27435785027744647,2.9239006862854704,3,3,50.77,YELLOW,True,3,3,1,1,43.49,GREEN,False,50.69,YELLOW,Early warning signal; monitor trend and investigate contributing hospitals.,False
2026-07-27,S010,Breathlessness,10,4,28.88023088023088,1.0,ORANGE,-0.26652135274579825,0.730435887238472,0,0,43.89,YELLOW,True,0,0,0,0,2.05,GREEN,False,50.16,YELLOW,Early warning signal; monitor trend and investigate contributing hospitals.,False
2026-07-27,S020,Diarrhoea,10,0,-0.6542251520291008,1.0,GREEN,0.4601827477713297,5.261861747967765,2,1,65.0,ORANGE,False,2,1,1,2,38.91,GREEN,False,49.03,YELLOW,Early warning signal; monitor trend and investigate contributing hospitals.,False
2026-07-27,S027,Dehydration,10,3,0.0,1.0,ORANGE,0.10475136420525075,2.2391714737574007,1,1,50.17,YELLOW,True,1,1,2,0,23.42,GREEN,False,48.23,YELLOW,Early warning signal; monitor trend and investigate contributing hospitals.,False
2026-07-27,S024,Night Sweats,10,3,4.517732267732268,1.0,ORANGE,0.023360909471216218,2.37058898680764,1,1,50.5,YELLOW,True,1,1,1,0,17.42,GREEN,False,48.01,YELLOW,Early warning signal; monitor trend and investigate contributing hospitals.,False
2026-07-27,S023,Weight Loss,10,3,16.666666666666668,1.0,ORANGE,-0.18517506666734346,0.9749164129915592,0,0,44.66,YELLOW,True,0,0,0,0,2.03,GREEN,False,45.9,YELLOW,Early warning signal; monitor trend and investigate contributing hospitals.,False
2026-07-27,S006,Dry Cough,10,0,-0.129399002310693,1.0,GREEN,0.19785258185953114,2.3891443136869763,2,1,46.72,YELLOW,False,2,1,2,2,43.53,GREEN,False,45.39,YELLOW,Early warning signal; monitor trend and investigate contributing hospitals.,False
2026-07-27,S018,Nausea,10,1,-1.3160960952817125,1.0,GREEN,0.22091434143704936,2.491781693257895,2,1,47.44,YELLOW,False,2,1,1,1,31.93,GREEN,False,45.25,YELLOW,Early warning signal; monitor trend and investigate contributing hospitals.,False
2026-07-27,S019,Vomiting,10,0,-1.5204235026614403,1.0,GREEN,0.4216160852522751,2.6967759489447287,2,2,48.88,YELLOW,False,2,2,1,1,33.9,GREEN,False,44.0,YELLOW,Early warning signal; monitor trend and investigate contributing hospitals.,False
2026-07-27,S007,Persistent Cough,10,1,-2.5431035467800163,1.0,GREEN,0.3412445365033691,2.89794111924782,1,1,51.79,YELLOW,False,1,1,1,0,17.85,GREEN,False,43.52,YELLOW,Early warning signal; monitor trend and investigate contributing hospitals.,False
2026-07-27,S009,Runny Nose,10,0,2.8461775076769595,1.0,GREEN,0.5802754138510711,1.8572727481862092,3,0,43.57,YELLOW,False,3,0,1,1,33.05,GREEN,False,43.07,YELLOW,Early warning signal; monitor trend and investigate contributing hospitals.,False
2026-07-27,S002,Headache,10,0,-1.234752507463385,1.0,GREEN,-0.1458927699829938,2.301728967096629,2,1,46.11,YELLOW,False,2,1,1,1,31.28,GREEN,False,42.78,YELLOW,Early warning signal; monitor trend and investigate contributing hospitals.,False
2026-07-27,S004,Chills,10,0,0.5738549347654287,1.0,GREEN,0.2999532748127442,2.2391714737574007,1,1,45.79,YELLOW,False,1,1,2,0,23.23,GREEN,False,41.21,YELLOW,Early warning signal; monitor trend and investigate contributing hospitals.,False
2026-07-27,S005,Sweating,10,0,0.5738549347654287,1.0,GREEN,0.2999532748127442,2.2391714737574007,1,1,45.79,YELLOW,False,1,1,2,0,23.23,GREEN,False,41.21,YELLOW,Early warning signal; monitor trend and investigate contributing hospitals.,False
2026-07-27,S003,Fatigue,10,0,-0.7213859317385196,1.0,GREEN,0.3603248981936728,2.786585849750069,1,1,49.51,YELLOW,False,1,1,1,0,17.1,GREEN,False,40.8,YELLOW,Early warning signal; monitor trend and investigate contributing hospitals.,False
2026-07-27,S022,Loss of Appetite,10,1,-1.4877747810569997,1.0,GREEN,0.1171435349999826,1.835868150257576,1,0,42.85,YELLOW,False,1,0,1,0,13.21,GREEN,False,40.35,YELLOW,Early warning signal; monitor trend and investigate contributing hospitals.,False
2026-07-27,S015,Joint Pain,10,0,-1.9838242708803315,1.0,GREEN,-0.3394245061244884,2.225601100566728,1,1,45.58,YELLOW,False,1,1,1,0,16.92,GREEN,False,39.78,YELLOW,Early warning signal; monitor trend and investigate contributing hospitals.,False
2026-07-27,S012,Loss of Taste,10,1,4.762633857370699,1.0,GREEN,0.1690404593737456,1.4108871222314994,0,0,42.33,YELLOW,False,0,0,0,0,1.02,GREEN,False,38.74,YELLOW,Early warning signal; monitor trend and investigate contributing hospitals.,False
2026-07-27,S016,Retro-orbital Pain,10,0,-1.58670730512482,1.0,GREEN,-0.4280384148897277,1.9330713142257203,1,0,43.53,YELLOW,False,1,0,1,0,13.1,GREEN,False,38.5,YELLOW,Early warning signal; monitor trend and investigate contributing hospitals.,False
2026-07-27,S013,Loss of Smell,10,1,-1.1600859100859091,1.0,GREEN,-0.48800568798554067,0.9634380371386748,0,0,38.24,YELLOW,False,0,0,0,0,1.29,GREEN,False,36.82,YELLOW,Early warning signal; monitor trend and investigate contributing hospitals.,False
2026-07-27,S014,Muscle Pain,10,0,-0.5754527881292586,1.0,GREEN,-0.07304148634702828,1.437902530332147,0,0,40.07,YELLOW,False,0,0,0,0,1.3,GREEN,False,35.28,YELLOW,Early warning signal; monitor trend and investigate contributing hospitals.,False
2026-07-27,S008,Sore Throat,10,0,-2.358913904344395,1.0,GREEN,-0.19850239346151372,1.1501454889140292,0,0,38.05,YELLOW,False,0,0,0,0,0.83,GREEN,False,34.68,GREEN,No significant persistent outbreak signal.,False
2026-07-27,S017,Rash,10,0,-5.146909442415102,1.0,GREEN,-0.303656459600364,1.0553919006106978,0,0,37.39,YELLOW,False,0,0,0,0,1.17,GREEN,False,34.58,GREEN,No significant persistent outbreak signal.,False
2026-08-03,S020,Diarrhoea,10,2,6.016735591150235,1.0,YELLOW,1.387241926928307,6.809642187225957,3,2,66.2,ORANGE,True,3,2,1,3,55.79,YELLOW,True,57.91,YELLOW,Early warning signal; monitor trend and investigate contributing hospitals.,False
2026-08-03,S027,Dehydration,10,4,17.333333333333336,1.0,ORANGE,0.11580626798751921,3.238892010539823,1,1,59.14,ORANGE,True,1,1,3,0,30.71,YELLOW,False,57.39,ORANGE,Significant cross-hospital signal requiring public-health investigation.,True
2026-08-03,S019,Vomiting,10,0,5.675714099376995,1.0,GREEN,1.5234848722382892,6.033977866125205,5,4,66.14,ORANGE,False,5,4,2,2,69.63,YELLOW,False,56.6,YELLOW,Early warning signal; monitor trend and investigate contributing hospitals.,False
2026-08-03,S023,Weight Loss,10,5,25.214285714285715,1.0,RED,0.15453737335720588,1.6035674514745462,1,0,53.77,YELLOW,True,1,0,1,0,13.56,GREEN,False,56.2,ORANGE,Significant cross-hospital signal requiring public-health investigation.,True
2026-08-03,S025,Bleeding,10,2,-21.35714285714285,1.0,YELLOW,-0.06811163809160004,3.2659863237109046,2,2,54.36,YELLOW,True,2,2,2,3,56.48,GREEN,False,53.89,YELLOW,Early warning signal; monitor trend and investigate contributing hospitals.,False
2026-08-03,S021,Abdominal Pain,10,1,2.612152275017705,1.0,GREEN,0.6596154240715127,4.285331998751056,2,2,60.52,ORANGE,False,2,2,1,2,42.21,GREEN,False,51.09,YELLOW,Early warning signal; monitor trend and investigate contributing hospitals.,False
2026-08-03,S017,Rash,10,3,3.899336056897817,1.0,ORANGE,0.00973576794258324,2.392376073971408,2,1,49.03,YELLOW,True,2,1,1,1,31.0,GREEN,False,50.24,YELLOW,Early warning signal; monitor trend and investigate contributing hospitals.,False
2026-08-03,S022,Loss of Appetite,10,1,3.663065190409842,1.0,GREEN,0.5304713874796723,3.253006762193809,3,3,53.5,YELLOW,False,3,3,1,1,44.01,GREEN,False,49.91,YELLOW,Early warning signal; monitor trend and investigate contributing hospitals.,False
2026-08-03,S010,Breathlessness,10,3,-5.062049062049063,1.0,ORANGE,-0.38714644722057195,2.3803644751499897,2,1,49.66,YELLOW,True,2,1,1,1,31.38,GREEN,False,49.69,YELLOW,Early warning signal; monitor trend and investigate contributing hospitals.,False
2026-08-03,S011,Chest Pain,10,2,10.666666666666666,1.0,YELLOW,0.1869051452497065,1.7638342073763935,1,0,47.48,YELLOW,True,1,0,1,0,13.53,GREEN,False,45.71,YELLOW,Early warning signal; monitor trend and investigate contributing hospitals.,False
2026-08-03,S013,Loss of Smell,10,1,-2.3836904783196347,1.0,GREEN,-0.35335885768295017,3.2644552250736165,1,1,54.35,YELLOW,False,1,1,1,0,17.75,GREEN,False,44.14,YELLOW,Early warning signal; monitor trend and investigate contributing hospitals.,False
2026-08-03,S016,Retro-orbital Pain,10,0,-0.6515855757558328,1.0,GREEN,-0.498007380608922,2.960889949402897,2,1,50.73,YELLOW,False,2,1,1,1,31.62,GREEN,False,44.01,YELLOW,Early warning signal; monitor trend and investigate contributing hospitals.,False
2026-08-03,S001,Fever,10,0,0.2429513456466697,1.0,GREEN,-0.2623186885343164,2.0282966561531235,1,1,44.25,YELLOW,False,1,1,4,0,36.28,YELLOW,False,43.37,YELLOW,Early warning signal; monitor trend and investigate contributing hospitals.,False
2026-08-03,S003,Fatigue,10,0,-0.5238282419735131,1.0,GREEN,0.05877933534383477,2.405388200846395,2,1,46.84,YELLOW,False,2,1,1,1,30.91,GREEN,False,42.89,YELLOW,Early warning signal; monitor trend and investigate contributing hospitals.,False
2026-08-03,S012,Loss of Taste,10,1,-2.186644839879199,1.0,GREEN,-0.15789974139666,1.701683429938276,1,0,41.91,YELLOW,False,1,0,1,0,14.13,GREEN,False,40.3,YELLOW,Early warning signal; monitor trend and investigate contributing hospitals.,False
2026-08-03,S018,Nausea,10,0,2.440143715873352,1.0,GREEN,0.4569077973193659,1.507913380662596,1,0,41.04,YELLOW,False,1,0,2,0,20.79,GREEN,False,39.91,YELLOW,Early warning signal; monitor trend and investigate contributing hospitals.,False
2026-08-03,S004,Chills,10,0,0.4165510262297134,1.0,GREEN,0.039303630380937996,2.105465061783943,1,1,44.82,YELLOW,False,1,1,1,0,16.85,GREEN,False,39.66,YELLOW,Early warning signal; monitor trend and investigate contributing hospitals.,False
2026-08-03,S005,Sweating,10,0,0.4165510262297134,1.0,GREEN,0.039303630380937996,2.105465061783943,1,1,44.82,YELLOW,False,1,1,1,0,16.85,GREEN,False,39.66,YELLOW,Early warning signal; monitor trend and investigate contributing hospitals.,False
2026-08-03,S024,Night Sweats,10,2,-3.4081359816653944,1.0,YELLOW,-0.2903501221178447,0.917662935482247,0,0,37.92,YELLOW,True,0,0,0,0,1.26,GREEN,False,38.73,YELLOW,Early warning signal; monitor trend and investigate contributing hospitals.,False
2026-08-03,S007,Persistent Cough,10,1,4.639772727272726,1.0,GREEN,0.42280196401648995,1.4748521217444224,0,0,41.25,YELLOW,False,0,0,0,0,1.87,GREEN,False,38.61,YELLOW,Early warning signal; monitor trend and investigate contributing hospitals.,False
2026-08-03,S015,Joint Pain,10,0,1.570130691478289,1.0,GREEN,-0.2997113263270294,1.6263500458450395,1,0,41.7,YELLOW,False,1,0,1,0,13.02,GREEN,False,38.34,YELLOW,Early warning signal; monitor trend and investigate contributing hospitals.,False
2026-08-03,S014,Muscle Pain,10,0,0.8875691143939404,1.0,GREEN,-0.04911553905093722,1.4016197146401002,0,0,39.99,YELLOW,False,0,0,0,0,1.33,GREEN,False,35.44,YELLOW,Early warning signal; monitor trend and investigate contributing hospitals.,False
2026-08-03,S009,Runny Nose,10,0,-4.388412249373422,1.0,GREEN,-0.27758144464279766,1.4717553664751812,0,0,40.3,YELLOW,False,0,0,0,0,1.58,GREEN,False,35.39,YELLOW,Early warning signal; monitor trend and investigate contributing hospitals.,False
2026-08-03,S002,Headache,10,0,0.1934433894623919,1.0,GREEN,-0.20512067572034604,1.2003694261010145,0,0,38.44,YELLOW,False,0,0,0,0,1.67,GREEN,False,34.98,GREEN,No significant persistent outbreak signal.,False
2026-08-03,S008,Sore Throat,10,0,-0.9912451900480026,1.0,GREEN,-0.4495311132874358,0.8473562537778061,0,0,35.93,YELLOW,False,0,0,0,0,0.83,GREEN,False,34.15,GREEN,No significant persistent outbreak signal.,False
2026-08-03,S006,Dry Cough,10,0,-1.5231423987458232,1.0,GREEN,-0.3254049649035188,0.8067132223311066,0,0,35.65,YELLOW,False,0,0,0,0,0.91,GREEN,False,34.09,GREEN,No significant persistent outbreak signal.,False
2026-08-03,S026,Anaemia,7,0,-11.904761904761903,0.7,GREEN,-0.4153304510331103,2.0355267563034487,1,1,35.25,YELLOW,False,1,1,2,0,23.61,GREEN,False,31.03,GREEN,No significant persistent outbreak signal.,False
2026-08-10,S010,Breathlessness,10,6,53.23565323565324,1.0,RED,0.25186567715824104,3.348937833908628,2,2,71.59,ORANGE,True,2,2,2,2,48.15,GREEN,False,73.17,ORANGE,Significant cross-hospital signal requiring public-health investigation.,True
2026-08-10,S025,Bleeding,9,7,69.44444444444444,0.9,RED,-0.04850501643145681,2.559250039669871,1,1,69.3,ORANGE,True,1,1,1,0,18.77,GREEN,False,67.47,ORANGE,Significant cross-hospital signal requiring public-health investigation.,True
2026-08-10,S027,Dehydration,10,5,36.90476190476191,1.0,ORANGE,0.48800552143700404,2.9499543188448487,2,2,62.53,ORANGE,True,2,2,1,1,34.88,GREEN,False,64.99,ORANGE,Significant cross-hospital signal requiring public-health investigation.,True
2026-08-10,S026,Anaemia,10,3,35.833333333333336,1.0,ORANGE,0.07846265207668845,2.232625222605752,1,1,57.3,ORANGE,True,1,1,1,0,17.84,GREEN,False,56.06,ORANGE,Significant cross-hospital signal requiring public-health investigation.,True
2026-08-10,S013,Loss of Smell,10,3,19.193988008846496,1.0,ORANGE,-0.003300931014301689,1.351545036109516,0,0,46.3,YELLOW,True,0,0,0,0,1.56,GREEN,False,46.73,YELLOW,Early warning signal; monitor trend and investigate contributing hospitals.,False
2026-08-10,S012,Loss of Taste,10,3,4.946565997244705,1.0,ORANGE,-0.10784497282612518,1.7390855656497073,1,0,46.16,YELLOW,True,1,0,1,0,13.74,GREEN,False,46.28,YELLOW,Early warning signal; monitor trend and investigate contributing hospitals.,False
2026-08-10,S022,Loss of Appetite,10,2,-1.0167520233496248,1.0,YELLOW,-0.3073446553993015,2.7298049128802817,1,1,50.61,YELLOW,True,1,1,1,0,18.2,GREEN,False,45.29,YELLOW,Early warning signal; monitor trend and investigate contributing hospitals.,False
2026-08-10,S007,Persistent Cough,10,1,-5.775613512999824,1.0,GREEN,0.04152440795886063,2.5646527267882795,2,1,47.95,YELLOW,False,2,1,1,1,30.76,GREEN,False,45.14,YELLOW,Early warning signal; monitor trend and investigate contributing hospitals.,False
2026-08-10,S001,Fever,10,0,0.3315797561374685,1.0,GREEN,0.30856785497213457,2.898986895283736,2,2,50.36,YELLOW,False,2,2,1,1,35.3,GREEN,False,44.72,YELLOW,Early warning signal; monitor trend and investigate contributing hospitals.,False
2026-08-10,S016,Retro-orbital Pain,10,1,1.7138359330537931,1.0,GREEN,-0.26413397408719363,3.0380548168299546,1,1,51.61,YELLOW,False,1,1,1,0,17.68,GREEN,False,43.78,YELLOW,Early warning signal; monitor trend and investigate contributing hospitals.,False
2026-08-10,S014,Muscle Pain,10,0,-0.2408778036440869,1.0,GREEN,-0.16229429205090967,2.058631080619309,2,1,44.41,YELLOW,False,2,1,1,1,30.34,GREEN,False,42.17,YELLOW,Early warning signal; monitor trend and investigate contributing hospitals.,False
2026-08-10,S020,Diarrhoea,10,1,-1.4697981339823087,1.0,GREEN,0.4085512570531521,2.138557265096921,1,1,44.97,YELLOW,False,1,1,1,0,16.95,GREEN,False,41.63,YELLOW,Early warning signal; monitor trend and investigate contributing hospitals.,False
2026-08-10,S015,Joint Pain,10,0,1.6646368543744583,1.0,GREEN,-0.08000996236784982,2.4169096154985263,1,1,47.25,YELLOW,False,1,1,1,0,17.89,GREEN,False,40.72,YELLOW,Early warning signal; monitor trend and investigate contributing hospitals.,False
2026-08-10,S009,Runny Nose,10,1,1.3419002603286658,1.0,GREEN,-0.31928528697594194,1.716232660642066,1,0,42.28,YELLOW,False,1,0,1,0,13.95,GREEN,False,40.63,YELLOW,Early warning signal; monitor trend and investigate contributing hospitals.,False
2026-08-10,S006,Dry Cough,10,0,2.385549940812112,1.0,GREEN,0.274417751899075,2.0874483170106206,1,1,45.09,YELLOW,False,1,1,1,0,16.87,GREEN,False,40.12,YELLOW,Early warning signal; monitor trend and investigate contributing hospitals.,False
2026-08-10,S017,Rash,10,2,1.5172275521451593,1.0,YELLOW,-0.2573945319512093,1.176416388977206,0,0,38.54,YELLOW,True,0,0,0,0,1.35,GREEN,False,39.21,YELLOW,Early warning signal; monitor trend and investigate contributing hospitals.,False
2026-08-10,S024,Night Sweats,10,1,-1.5900488400488393,1.0,GREEN,-0.2927129424406643,1.0289915108550531,0,0,38.7,YELLOW,False,0,0,0,0,1.17,GREEN,False,36.91,YELLOW,Early warning signal; monitor trend and investigate contributing hospitals.,False
2026-08-10,S021,Abdominal Pain,10,1,-0.8000508258831026,1.0,GREEN,-0.1459653596981389,0.9545257623158993,0,0,36.68,YELLOW,False,0,0,0,0,1.36,GREEN,False,36.44,YELLOW,Early warning signal; monitor trend and investigate contributing hospitals.,False
2026-08-10,S011,Chest Pain,8,3,1.4583333333333357,0.8,ORANGE,-0.6831290155605763,1.3023647131866884,0,0,37.91,YELLOW,True,0,0,0,0,2.0,GREEN,False,36.17,YELLOW,Early warning signal; monitor trend and investigate contributing hospitals.,False
2026-08-10,S004,Chills,10,0,2.965346912918765,1.0,GREEN,0.29822899289725513,1.2704549599274677,0,0,39.49,YELLOW,False,0,0,0,0,1.74,GREEN,False,35.81,YELLOW,Early warning signal; monitor trend and investigate contributing hospitals.,False
2026-08-10,S005,Sweating,10,0,2.965346912918765,1.0,GREEN,0.29822899289725513,1.2704549599274677,0,0,39.49,YELLOW,False,0,0,0,0,1.74,GREEN,False,35.81,YELLOW,Early warning signal; monitor trend and investigate contributing hospitals.,False
2026-08-10,S002,Headache,10,0,0.6271272070716177,1.0,GREEN,-0.20193104281109928,1.327801858704437,0,0,39.42,YELLOW,False,0,0,0,0,1.87,GREEN,False,35.35,YELLOW,Early warning signal; monitor trend and investigate contributing hospitals.,False
2026-08-10,S008,Sore Throat,10,0,1.4744593835843658,1.0,GREEN,-0.24397138342531083,1.2782877984293088,0,0,39.24,YELLOW,False,0,0,0,0,0.88,GREEN,False,35.28,YELLOW,Early warning signal; monitor trend and investigate contributing hospitals.,False
2026-08-10,S019,Vomiting,10,0,-4.750262312418575,1.0,GREEN,0.11857696645782279,1.3867016465156852,0,0,39.71,YELLOW,False,0,0,0,0,1.67,GREEN,False,35.26,YELLOW,Early warning signal; monitor trend and investigate contributing hospitals.,False
2026-08-10,S003,Fatigue,10,0,0.4315296336278045,1.0,GREEN,-0.017410369732058718,1.3040790175374106,0,0,39.21,YELLOW,False,0,0,0,0,1.5,GREEN,False,35.19,YELLOW,Early warning signal; monitor trend and investigate contributing hospitals.,False
2026-08-10,S018,Nausea,10,0,-3.429764699943189,1.0,GREEN,-0.07591876400342372,1.2122562507124082,0,0,38.49,YELLOW,False,0,0,0,0,2.4,GREEN,False,35.1,YELLOW,Early warning signal; monitor trend and investigate contributing hospitals.,False
2026-08-10,S023,Weight Loss,9,2,-18.121693121693124,0.9,YELLOW,-0.8526755583228903,0.2316082556947405,0,0,30.12,GREEN,False,0,0,0,0,1.0,GREEN,False,34.23,GREEN,No significant persistent outbreak signal.,False
2026-08-17,S024,Night Sweats,10,5,89.27489177489177,1.0,ORANGE,0.8488119980680651,3.650335826208402,1,1,76.41,RED,True,1,1,1,0,18.9,GREEN,False,75.74,ORANGE,Significant cross-hospital signal requiring public-health investigation.,True
2026-08-17,S023,Weight Loss,10,6,83.33333333333334,1.0,RED,0.04902713130338031,2.747645484310239,1,1,73.4,ORANGE,True,1,1,1,0,17.99,GREEN,False,73.61,ORANGE,Significant cross-hospital signal requiring public-health investigation.,True
2026-08-17,S027,Dehydration,10,2,49.16666666666667,1.0,YELLOW,-0.07319025905127259,2.0761369963434992,1,1,57.37,ORANGE,True,1,1,1,0,18.62,GREEN,False,56.9,YELLOW,Early warning signal; monitor trend and investigate contributing hospitals.,False
2026-08-17,S011,Chest Pain,9,3,41.66666666666666,0.9,ORANGE,-0.23279683868683265,2.0018930434905253,2,1,53.85,YELLOW,True,2,1,1,1,31.55,GREEN,False,56.61,ORANGE,Significant cross-hospital signal requiring public-health investigation.,True
2026-08-17,S010,Breathlessness,10,4,22.445952740070386,1.0,ORANGE,0.06157193424012464,1.8616952196611267,1,0,53.52,YELLOW,True,1,0,3,0,26.06,GREEN,False,56.08,ORANGE,Significant cross-hospital signal requiring public-health investigation.,True
2026-08-17,S025,Bleeding,10,2,9.833333333333332,1.0,YELLOW,-0.13388594955685948,3.744050799625876,1,1,61.18,ORANGE,True,1,1,1,0,18.29,GREEN,False,49.92,YELLOW,Early warning signal; monitor trend and investigate contributing hospitals.,False
2026-08-17,S009,Runny Nose,10,1,4.588207848137383,1.0,GREEN,0.3318643931857168,2.1934896846431213,2,2,46.27,YELLOW,False,2,2,1,1,34.82,GREEN,False,46.45,YELLOW,Early warning signal; monitor trend and investigate contributing hospitals.,False
2026-08-17,S007,Persistent Cough,10,2,7.85107835107835,1.0,YELLOW,0.202147655997361,1.9768862390630488,1,0,46.91,YELLOW,True,1,0,2,0,20.18,GREEN,False,46.33,YELLOW,Early warning signal; monitor trend and investigate contributing hospitals.,False
2026-08-17,S006,Dry Cough,10,0,1.185351989334663,1.0,GREEN,0.5700140659019443,2.6204891162142085,3,2,48.58,YELLOW,False,3,2,1,1,40.55,GREEN,False,45.49,YELLOW,Early warning signal; monitor trend and investigate contributing hospitals.,False
2026-08-17,S017,Rash,10,1,6.8993775647993205,1.0,GREEN,0.06775579977361224,2.790913336289905,1,1,50.92,YELLOW,False,1,1,1,0,17.25,GREEN,False,44.56,YELLOW,Early warning signal; monitor trend and investigate contributing hospitals.,False
2026-08-17,S012,Loss of Taste,10,2,18.36355096053372,1.0,YELLOW,0.2063684361525137,0.9484699163220855,0,0,43.31,YELLOW,True,0,0,0,0,2.45,GREEN,False,43.99,YELLOW,Early warning signal; monitor trend and investigate contributing hospitals.,False
2026-08-17,S014,Muscle Pain,10,0,2.0841386365214363,1.0,GREEN,0.4208027675969612,3.307102982463314,1,1,53.57,YELLOW,False,1,1,1,0,18.1,GREEN,False,42.43,YELLOW,Early warning signal; monitor trend and investigate contributing hospitals.,False
2026-08-17,S015,Joint Pain,10,0,3.195785444611845,1.0,GREEN,0.24180366728077152,2.4517125138245897,1,1,47.8,YELLOW,False,1,1,1,0,17.44,GREEN,False,41.08,YELLOW,Early warning signal; monitor trend and investigate contributing hospitals.,False
2026-08-17,S016,Retro-orbital Pain,10,0,4.18967402959816,1.0,GREEN,0.0781520372894311,2.054140977752711,1,1,45.22,YELLOW,False,1,1,1,0,18.68,GREEN,False,40.88,YELLOW,Early warning signal; monitor trend and investigate contributing hospitals.,False
2026-08-17,S001,Fever,10,0,-0.5471224002025623,1.0,GREEN,0.040498524659063326,2.7049597628873365,1,1,48.93,YELLOW,False,1,1,1,0,17.02,GREEN,False,40.64,YELLOW,Early warning signal; monitor trend and investigate contributing hospitals.,False
2026-08-17,S003,Fatigue,10,0,2.647444569047149,1.0,GREEN,0.25728820645636163,2.038174612954155,1,1,44.8,YELLOW,False,1,1,1,0,17.28,GREEN,False,40.19,YELLOW,Early warning signal; monitor trend and investigate contributing hospitals.,False
2026-08-17,S013,Loss of Smell,10,1,10.095966448290287,1.0,GREEN,0.2854743163040542,1.175474387840003,0,0,41.75,YELLOW,False,0,0,0,0,1.37,GREEN,False,39.73,YELLOW,Early warning signal; monitor trend and investigate contributing hospitals.,False
2026-08-17,S022,Loss of Appetite,10,1,0.0107432676557106,1.0,GREEN,-0.40200438941390776,0.7637437581882079,0,0,35.35,YELLOW,False,0,0,0,0,1.78,GREEN,False,36.2,YELLOW,Early warning signal; monitor trend and investigate contributing hospitals.,False
2026-08-17,S026,Anaemia,9,2,-4.629629629629629,0.9,YELLOW,-0.24734535884525166,0.945110931216246,0,0,36.62,YELLOW,True,0,0,0,0,2.45,GREEN,False,36.15,YELLOW,Early warning signal; monitor trend and investigate contributing hospitals.,False
2026-08-17,S018,Nausea,10,0,2.809780014273794,1.0,GREEN,0.12976989467711103,1.2388658281854277,0,0,39.23,YELLOW,False,0,0,0,0,2.5,GREEN,False,35.87,YELLOW,Early warning signal; monitor trend and investigate contributing hospitals.,False
2026-08-17,S008,Sore Throat,10,0,2.885522988158073,1.0,GREEN,0.35622507297095024,1.1650616282452286,0,0,38.73,YELLOW,False,0,0,0,0,1.18,GREEN,False,35.5,YELLOW,Early warning signal; monitor trend and investigate contributing hospitals.,False
2026-08-17,S002,Headache,10,0,0.7704397517578954,1.0,GREEN,0.01428409787508369,1.3300660669546014,0,0,39.46,YELLOW,False,0,0,0,0,1.67,GREEN,False,35.35,YELLOW,Early warning signal; monitor trend and investigate contributing hospitals.,False
2026-08-17,S019,Vomiting,10,0,-2.7904842290173124,1.0,GREEN,-0.4043437883560562,1.0983916661709718,0,0,37.69,YELLOW,False,0,0,0,0,2.1,GREEN,False,34.84,GREEN,No significant persistent outbreak signal.,False
2026-08-17,S021,Abdominal Pain,10,0,0.4420651123318124,1.0,GREEN,-0.009270877312874515,1.0604572975699678,0,0,37.51,YELLOW,False,0,0,0,0,1.17,GREEN,False,34.7,GREEN,No significant persistent outbreak signal.,False
2026-08-17,S020,Diarrhoea,10,0,-3.9965168853653936,1.0,GREEN,-0.2497946501070784,0.8180695530475061,0,0,35.73,YELLOW,False,0,0,0,0,1.18,GREEN,False,34.17,GREEN,No significant persistent outbreak signal.,False
2026-08-17,S004,Chills,10,0,-9.856081545972517,1.0,GREEN,-0.9837342691312129,0.6236253931915037,0,0,34.37,GREEN,False,0,0,0,0,1.49,GREEN,False,33.89,GREEN,No significant persistent outbreak signal.,False
2026-08-17,S005,Sweating,10,0,-9.856081545972517,1.0,GREEN,-0.9837342691312129,0.6236253931915037,0,0,34.37,GREEN,False,0,0,0,0,1.49,GREEN,False,33.89,GREEN,No significant persistent outbreak signal.,False
2026-08-24,S011,Chest Pain,10,3,25.833333333333336,1.0,ORANGE,-0.32548516678087014,1.2165448524514295,0,0,48.18,YELLOW,True,0,0,0,0,3.0,GREEN,False,48.81,YELLOW,Early warning signal; monitor trend and investigate contributing hospitals.,False
2026-08-24,S023,Weight Loss,10,4,4.916666666666666,1.0,ORANGE,-0.2460313933476664,0.533656859801263,0,0,37.72,YELLOW,True,0,0,0,0,1.49,GREEN,False,43.71,YELLOW,Early warning signal; monitor trend and investigate contributing hospitals.,False
2026-08-24,S027,Dehydration,10,2,0.4880952380952372,1.0,YELLOW,-0.3784231664281833,1.7084670465428378,1,0,45.06,YELLOW,True,1,0,1,0,14.68,GREEN,False,43.3,YELLOW,Early warning signal; monitor trend and investigate contributing hospitals.,False
2026-08-24,S022,Loss of Appetite,10,2,-6.015473695620754,1.0,YELLOW,-0.8125631403931173,-0.0595491334175418,0,0,30.0,GREEN,False,0,0,0,0,1.94,GREEN,False,36.89,YELLOW,Early warning signal; monitor trend and investigate contributing hospitals.,False
2026-08-24,S021,Abdominal Pain,10,1,-10.74967036410114,1.0,GREEN,-1.3143726240762692,0.6310801287412773,0,0,34.42,GREEN,False,0,0,0,0,0.83,GREEN,False,35.77,GREEN,No significant persistent outbreak signal.,False
2026-08-24,S010,Breathlessness,10,1,-22.388888888888893,1.0,GREEN,-0.8535564209579494,0.3070649807683754,0,0,32.15,GREEN,False,0,0,0,0,1.5,GREEN,False,35.34,GREEN,No significant persistent outbreak signal.,False
2026-08-24,S007,Persistent Cough,10,0,-17.773843261386627,1.0,GREEN,-0.9741971916292103,1.321626008875589,0,0,39.25,YELLOW,False,0,0,0,0,1.84,GREEN,False,35.18,YELLOW,Early warning signal; monitor trend and investigate contributing hospitals.,False
2026-08-24,S024,Night Sweats,10,1,-29.6541514041514,1.0,GREEN,-0.8664831289598943,0.1777897505546897,0,0,31.24,GREEN,False,0,0,0,0,1.67,GREEN,False,35.14,GREEN,No significant persistent outbreak signal.,False
2026-08-24,S018,Nausea,10,0,-12.27571307421103,1.0,GREEN,-1.3560811860120645,0.6285610169353201,0,0,34.4,GREEN,False,0,0,0,0,2.33,GREEN,False,34.07,GREEN,No significant persistent outbreak signal.,False
2026-08-24,S009,Runny Nose,10,0,-14.60439927310981,1.0,GREEN,-1.643971952366579,0.5877732444869138,0,0,34.11,GREEN,False,0,0,0,0,1.83,GREEN,False,33.89,GREEN,No significant persistent outbreak signal.,False
2026-08-24,S017,Rash,10,0,-10.964938796835348,1.0,GREEN,-0.832749861901205,0.2976420573254969,0,0,32.08,GREEN,False,0,0,0,0,1.17,GREEN,False,33.25,GREEN,No significant persistent outbreak signal.,False
2026-08-24,S013,Loss of Smell,10,0,-26.008157427275076,1.0,GREEN,-1.0698314811306333,0.3004270464795249,0,0,32.1,GREEN,False,0,0,0,0,0.99,GREEN,False,33.22,GREEN,No significant persistent outbreak signal.,False
2026-08-24,S016,Retro-orbital Pain,10,0,-14.76977150438366,1.0,GREEN,-1.6988374431096944,-0.4013083330419837,0,0,30.0,GREEN,False,0,0,0,0,2.5,GREEN,False,33.0,GREEN,No significant persistent outbreak signal.,False
2026-08-24,S012,Loss of Taste,10,0,-22.80911486174644,1.0,GREEN,-1.0488314818657778,0.1481868684597175,0,0,31.04,GREEN,False,0,0,0,0,1.17,GREEN,False,32.99,GREEN,No significant persistent outbreak signal.,False
2026-08-24,S001,Fever,10,0,-14.888557132105223,1.0,GREEN,-7.10373512396458,-3.890857456250525,0,0,30.0,GREEN,False,0,0,0,0,2.33,GREEN,False,32.97,GREEN,No significant persistent outbreak signal.,False
2026-08-24,S019,Vomiting,10,0,-11.31876659023928,1.0,GREEN,-1.9443806516925684,-0.1868891487024907,0,0,30.0,GREEN,False,0,0,0,0,1.67,GREEN,False,32.83,GREEN,No significant persistent outbreak signal.,False
2026-08-24,S002,Headache,10,0,-14.604616771749445,1.0,GREEN,-3.5738529661042575,-2.214454461428313,0,0,30.0,GREEN,False,0,0,0,0,1.67,GREEN,False,32.83,GREEN,No significant persistent outbreak signal.,False
2026-08-24,S015,Joint Pain,10,0,-17.323309643922187,1.0,GREEN,-2.109625203907069,-0.7714691056306098,0,0,30.0,GREEN,False,0,0,0,0,1.67,GREEN,False,32.83,GREEN,No significant persistent outbreak signal.,False
2026-08-24,S014,Muscle Pain,10,0,-17.41754240456397,1.0,GREEN,-3.4441382263268094,-2.502440685714239,0,0,30.0,GREEN,False,0,0,0,0,1.67,GREEN,False,32.83,GREEN,No significant persistent outbreak signal.,False
2026-08-24,S006,Dry Cough,10,0,-14.935223720312033,1.0,GREEN,-3.2105304731315334,-1.245977988268172,0,0,30.0,GREEN,False,0,0,0,0,1.5,GREEN,False,32.8,GREEN,No significant persistent outbreak signal.,False
2026-08-24,S003,Fatigue,10,0,-16.417958087332657,1.0,GREEN,-2.0981411996979853,-0.8982525473879207,0,0,30.0,GREEN,False,0,0,0,0,1.5,GREEN,False,32.8,GREEN,No significant persistent outbreak signal.,False
2026-08-24,S004,Chills,10,0,-8.994021856281957,1.0,GREEN,-1.7818720439624045,-0.4199263064023151,0,0,30.0,GREEN,False,0,0,0,0,1.17,GREEN,False,32.73,GREEN,No significant persistent outbreak signal.,False
2026-08-24,S005,Sweating,10,0,-8.994021856281957,1.0,GREEN,-1.7818720439624045,-0.4199263064023151,0,0,30.0,GREEN,False,0,0,0,0,1.17,GREEN,False,32.73,GREEN,No significant persistent outbreak signal.,False
2026-08-24,S020,Diarrhoea,10,0,-10.591337337385136,1.0,GREEN,-1.6002492538314705,-0.7063784749755478,0,0,30.0,GREEN,False,0,0,0,0,1.17,GREEN,False,32.73,GREEN,No significant persistent outbreak signal.,False
2026-08-24,S008,Sore Throat,10,0,-16.879272539543468,1.0,GREEN,-2.881375072514523,-1.5700124281005683,0,0,30.0,GREEN,False,0,0,0,0,0.83,GREEN,False,32.67,GREEN,No significant persistent outbreak signal.,False
2026-08-24,S025,Bleeding,7,3,5.952380952380953,0.7,ORANGE,-1.1062163950820467,0.3372137010395284,0,0,27.55,GREEN,False,0,0,0,0,2.67,GREEN,False,32.11,GREEN,No significant persistent outbreak signal.,False
2026-08-24,S026,Anaemia,7,2,-4.761904761904761,0.7,YELLOW,-0.6794878869418416,0.5855555636027701,0,0,28.1,GREEN,False,0,0,0,0,1.84,GREEN,False,28.89,GREEN,No significant persistent outbreak signal.,False
