week,symptom_id,symptom_name,current_cases,hospitals_observed,persistent_hospitals,maximum_consecutive_abnormal_weeks,maximum_total_abnormal_weeks,average_z_score,maximum_z_score,average_deviation_percent,elevated_hospitals,b5_signal,temporal_acceleration_score,cross_hospital_persistent,cross_hospital_consecutive_weeks,persistence_score,persistence_alert,persistent_outbreak_signal
2026-06-01,S001,Fever,7534,10,0,0,0,0.0,0.0,0.0,0,False,0.0,False,0,0.0,GREEN,False
2026-06-01,S002,Headache,3932,10,0,0,0,0.0,0.0,0.0,0,False,0.0,False,0,0.0,GREEN,False
2026-06-01,S003,Fatigue,1822,10,0,0,0,0.0,0.0,0.0,0,False,0.0,False,0,0.0,GREEN,False
2026-06-01,S004,Chills,1154,10,0,0,0,0.0,0.0,0.0,0,False,0.0,False,0,0.0,GREEN,False
2026-06-01,S005,Sweating,1154,10,0,0,0,0.0,0.0,0.0,0,False,0.0,False,0,0.0,GREEN,False
2026-06-01,S006,Dry Cough,3557,10,0,0,0,0.0,0.0,0.0,0,False,0.0,False,0,0.0,GREEN,False
2026-06-01,S007,Persistent Cough,269,10,0,0,0,0.0,0.0,0.0,0,False,0.0,False,0,0.0,GREEN,False
2026-06-01,S008,Sore Throat,2293,10,0,0,0,0.0,0.0,0.0,0,False,0.0,False,0,0.0,GREEN,False
2026-06-01,S009,Runny Nose,1348,10,0,0,0,0.0,0.0,0.0,0,False,0.0,False,0,0.0,GREEN,False
2026-06-01,S010,Breathlessness,105,10,0,0,0,0.0,0.0,0.0,0,False,0.0,False,0,0.0,GREEN,False
2026-06-01,S011,Chest Pain,20,9,0,0,0,0.0,0.0,0.0,0,False,0.0,False,0,0.0,GREEN,False
2026-06-01,S012,Loss of Taste,276,10,0,0,0,0.0,0.0,0.0,0,False,0.0,False,0,0.0,GREEN,False
2026-06-01,S013,Loss of Smell,301,10,0,0,0,0.0,0.0,0.0,0,False,0.0,False,0,0.0,GREEN,False
2026-06-01,S014,Muscle Pain,3532,10,0,0,0,0.0,0.0,0.0,0,False,0.0,False,0,0.0,GREEN,False
2026-06-01,S015,Joint Pain,1489,10,0,0,0,0.0,0.0,0.0,0,False,0.0,False,0,0.0,GREEN,False
2026-06-01,S016,Retro-orbital Pain,1209,10,0,0,0,0.0,0.0,0.0,0,False,0.0,False,0,0.0,GREEN,False
2026-06-01,S017,Rash,496,10,0,0,0,0.0,0.0,0.0,0,False,0.0,False,0,0.0,GREEN,False
2026-06-01,S018,Nausea,1214,10,0,0,0,0.0,0.0,0.0,0,False,0.0,False,0,0.0,GREEN,False
2026-06-01,S019,Vomiting,1622,10,0,0,0,0.0,0.0,0.0,0,False,0.0,False,0,0.0,GREEN,False
2026-06-01,S020,Diarrhoea,1266,10,0,0,0,0.0,0.0,0.0,0,False,0.0,False,0,0.0,GREEN,False
2026-06-01,S021,Abdominal Pain,872,10,0,0,0,0.0,0.0,0.0,0,False,0.0,False,0,0.0,GREEN,False
2026-06-01,S022,Loss of Appetite,316,10,0,0,0,0.0,0.0,0.0,0,False,0.0,False,0,0.0,GREEN,False
2026-06-01,S023,Weight Loss,40,10,0,0,0,0.0,0.0,0.0,0,False,0.0,False,0,0.0,GREEN,False
2026-06-01,S024,Night Sweats,91,10,0,0,0,0.0,0.0,0.0,0,False,0.0,False,0,0.0,GREEN,False
2026-06-01,S025,Bleeding,26,10,0,0,0,0.0,0.0,0.0,0,False,0.0,False,0,0.0,GREEN,False
2026-06-01,S026,Anaemia,21,10,0,0,0,0.0,0.0,0.0,0,False,0.0,False,0,0.0,GREEN,False
2026-06-01,S027,Dehydration,30,9,0,0,0,0.0,0.0,0.0,0,False,0.0,False,0,0.0,GREEN,False
2026-06-08,S027,Dehydration,50,9,0,1,1,,inf,inf,7,True,40.0,False,0,40.67,GREEN,False
2026-06-08,S011,Chest Pain,19,8,0,1,1,,inf,inf,3,False,9.52,False,0,32.54,GREEN,False
2026-06-08,S026,Anaemia,26,10,0,1,1,,inf,59.16666666666667,6,False,23.67,False,0,26.1,GREEN,False
2026-06-08,S025,Bleeding,31,10,0,1,1,,inf,53.333333333333336,6,False,21.33,False,0,24.02,GREEN,False
2026-06-08,S023,Weight Loss,39,10,0,1,1,,inf,45.76190476190476,4,False,18.3,False,0,21.32,GREEN,False
2026-06-08,S010,Breathlessness,99,10,0,1,1,,inf,13.274531024531026,5,False,5.31,False,0,9.73,GREEN,False
2026-06-08,S022,Loss of Appetite,336,10,0,1,1,,inf,9.025441585541737,6,False,3.61,False,0,8.22,GREEN,False
2026-06-08,S007,Persistent Cough,275,10,0,1,1,,inf,7.66022153874051,5,False,3.06,False,0,7.73,GREEN,False
2026-06-08,S012,Loss of Taste,266,10,0,1,1,,inf,7.454150372443546,4,False,2.98,False,0,7.66,GREEN,False
2026-06-08,S009,Runny Nose,1442,10,0,1,1,,inf,7.433199562312143,6,False,2.97,False,0,7.65,GREEN,False
2026-06-08,S024,Night Sweats,93,10,0,1,1,,inf,7.425282234105765,5,False,2.97,False,0,7.65,GREEN,False
2026-06-08,S015,Joint Pain,1535,10,0,1,1,,inf,4.963545979283408,7,False,1.99,False,0,6.77,GREEN,False
2026-06-08,S013,Loss of Smell,282,10,0,1,1,,inf,4.863604626926266,5,False,1.95,False,0,6.74,GREEN,False
2026-06-08,S006,Dry Cough,3657,10,0,1,1,,inf,2.8395203814515138,8,False,1.14,False,0,6.01,GREEN,False
2026-06-08,S008,Sore Throat,2334,10,0,1,1,,inf,1.8332869201699793,7,False,0.73,False,0,5.65,GREEN,False
2026-06-08,S014,Muscle Pain,3517,10,0,1,1,,inf,1.1722434440023082,4,False,0.47,False,0,5.42,GREEN,False
2026-06-08,S001,Fever,7528,10,0,1,1,,inf,-0.09816031554579961,6,False,0.0,False,0,5.0,GREEN,False
2026-06-08,S002,Headache,3771,10,0,1,1,,inf,-3.622514244961122,2,False,0.0,False,0,5.0,GREEN,False
2026-06-08,S003,Fatigue,1719,10,0,1,1,,inf,-5.694691014139049,3,False,0.0,False,0,5.0,GREEN,False
2026-06-08,S004,Chills,1068,10,0,1,1,,inf,-7.8767744415798715,2,False,0.0,False,0,5.0,GREEN,False
2026-06-08,S005,Sweating,1068,10,0,1,1,,inf,-7.8767744415798715,2,False,0.0,False,0,5.0,GREEN,False
2026-06-08,S016,Retro-orbital Pain,1153,10,0,1,1,,inf,-2.8405395202927735,2,False,0.0,False,0,5.0,GREEN,False
2026-06-08,S017,Rash,475,10,0,1,1,,inf,-1.7410110098404528,5,False,0.0,False,0,5.0,GREEN,False
2026-06-08,S018,Nausea,1169,10,0,1,1,,inf,-0.8447562224660039,3,False,0.0,False,0,5.0,GREEN,False
2026-06-08,S019,Vomiting,1576,10,0,1,1,,inf,-2.623033909442523,3,False,0.0,False,0,5.0,GREEN,False
2026-06-08,S020,Diarrhoea,1259,10,0,1,1,,inf,-0.2434133087369287,3,False,0.0,False,0,5.0,GREEN,False
2026-06-08,S021,Abdominal Pain,861,10,0,1,1,,inf,-0.8139916001347537,4,False,0.0,False,0,5.0,GREEN,False
2026-06-15,S025,Bleeding,27,7,7,2,2,inf,inf,79.95464852607711,6,False,28.62,True,1,62.62,YELLOW,True
2026-06-15,S023,Weight Loss,52,10,10,2,2,inf,inf,55.4978354978355,7,True,39.04,True,1,59.29,YELLOW,True
2026-06-15,S011,Chest Pain,27,10,3,2,2,,inf,80.33333333333334,5,True,39.9,True,1,48.22,YELLOW,True
2026-06-15,S026,Anaemia,23,8,8,2,2,inf,inf,30.833333333333336,4,False,10.5,True,1,45.51,YELLOW,True
2026-06-15,S027,Dehydration,47,10,9,2,2,1.077496047522358,12.020815280171307,31.007936507936506,4,False,5.22,True,1,41.64,YELLOW,True
2026-06-15,S024,Night Sweats,108,10,5,2,2,inf,inf,28.271712477359266,7,False,21.1,True,1,35.19,YELLOW,True
2026-06-15,S021,Abdominal Pain,973,10,3,2,2,,inf,13.05145106509587,9,False,10.34,True,1,23.52,GREEN,False
2026-06-15,S007,Persistent Cough,290,10,3,2,2,0.8903117199485167,6.010407640085654,11.604884606167571,5,False,4.2,True,1,21.52,GREEN,False
2026-06-15,S018,Nausea,1263,10,2,2,2,0.7538228782504979,2.45803785841038,6.603944518222605,8,False,6.05,True,1,18.26,GREEN,False
2026-06-15,S020,Diarrhoea,1346,10,2,2,2,,inf,6.94493885220213,8,False,5.1,True,1,18.1,GREEN,False
2026-06-15,S019,Vomiting,1678,10,2,2,2,inf,inf,5.256443363137483,8,False,5.55,True,1,17.79,GREEN,False
2026-06-15,S022,Loss of Appetite,343,10,2,2,2,inf,inf,5.55733662805002,5,False,1.43,True,1,16.77,GREEN,False
2026-06-15,S006,Dry Cough,3586,10,2,2,2,-8.771559251107274,6.363961030678928,-0.9210784655089898,7,False,0.0,True,1,15.0,GREEN,False
2026-06-15,S008,Sore Throat,2314,10,2,2,2,0.08463814963514385,4.00693842672377,-0.22532214515267368,5,False,0.0,True,1,15.0,GREEN,False
2026-06-15,S017,Rash,483,10,1,2,2,inf,inf,-0.17566521485419412,6,False,2.43,False,0,13.15,GREEN,False
2026-06-15,S003,Fatigue,1737,10,1,2,2,-4.422832626514468,3.792663644546028,-2.2648542552280224,3,False,2.37,False,0,13.13,GREEN,False
2026-06-15,S012,Loss of Taste,262,10,1,2,2,-1.338901078218147,4.00693842672377,-1.9881114292773503,4,False,1.6,False,0,12.93,GREEN,False
2026-06-15,S013,Loss of Smell,256,10,1,2,2,-0.798412052108041,3.5355339059327373,-12.102746648815515,2,False,0.0,False,0,12.5,GREEN,False
2026-06-15,S004,Chills,1111,10,0,1,1,0.5606571100608002,12.020815280171307,1.0520121483885827,5,False,7.13,False,0,7.16,GREEN,False
2026-06-15,S005,Sweating,1111,10,0,1,1,0.5606571100608002,12.020815280171307,1.0520121483885827,5,False,7.13,False,0,7.16,GREEN,False
2026-06-15,S002,Headache,3759,10,0,1,1,-1.0751325433252148,1.4404027024170412,-2.342981349504551,4,False,0.98,False,0,5.26,GREEN,False
2026-06-15,S016,Retro-orbital Pain,1137,10,0,1,1,-inf,7.424621202458749,-3.3878842371686453,3,False,0.36,False,0,5.1,GREEN,False
2026-06-15,S009,Runny Nose,1371,10,0,1,1,-inf,1.414213562373095,-2.039422599819756,4,False,0.0,False,0,5.0,GREEN,False
2026-06-15,S010,Breathlessness,92,10,0,0,1,-0.8673843182554982,0.7071067811865475,-10.414552240927954,4,False,3.51,False,0,0.94,GREEN,False
2026-06-15,S001,Fever,7416,10,0,0,1,-inf,0.4714045207910317,-1.6028433403334268,1,False,0.0,False,0,0.0,GREEN,False
2026-06-15,S014,Muscle Pain,3384,10,0,0,1,-0.8666065270729224,0.6527139518645054,-3.7728883795387453,3,False,0.0,False,0,0.0,GREEN,False
2026-06-15,S015,Joint Pain,1408,10,0,0,1,-4.93318147622673,0.6023502210107626,-6.495242980658388,2,False,0.0,False,0,0.0,GREEN,False
2026-06-22,S027,Dehydration,56,10,10,3,3,0.7496734226936045,4.618802153517005,39.67647139507417,6,True,40.59,True,2,60.74,ORANGE,True
2026-06-22,S011,Chest Pain,26,9,9,3,3,1.0299095636308362,6.350852961085884,47.261904761904766,7,False,12.22,True,2,55.07,ORANGE,True
2026-06-22,S023,Weight Loss,46,10,10,3,3,0.36842069762508234,3.7097041340118704,26.020185696656284,5,False,11.44,True,2,49.56,YELLOW,True
2026-06-22,S025,Bleeding,35,10,4,3,3,0.32755976150148614,2.400396792595916,36.57142857142857,4,False,5.4,True,2,35.58,YELLOW,True
2026-06-22,S026,Anaemia,20,7,2,3,3,0.782582162212066,6.350852961085883,24.353741496598637,2,False,9.95,True,2,30.88,GREEN,False
2026-06-22,S012,Loss of Taste,321,10,1,3,3,1.071310068187497,2.8368325730679014,22.97569940734025,8,False,21.15,False,0,28.88,GREEN,False
2026-06-22,S024,Night Sweats,102,10,3,3,3,0.39899874611880015,5.484827557301445,17.057326539454376,4,False,2.79,True,2,27.51,GREEN,False
2026-06-22,S013,Loss of Smell,307,10,1,3,3,0.41918856406053245,2.155263624321299,10.462652309860285,6,False,21.62,False,0,25.88,GREEN,False
2026-06-22,S006,Dry Cough,3696,10,2,3,3,0.8475586494287126,6.992342750670703,3.1506422670040113,7,False,3.55,True,2,21.73,GREEN,False
2026-06-22,S008,Sore Throat,2369,10,1,3,3,0.5672021273554381,3.4837455331342047,3.1049087301499183,4,False,2.91,False,0,19.05,GREEN,False
2026-06-22,S007,Persistent Cough,270,10,1,3,3,-1.4009453247325403,3.042434922296655,1.3369256825278273,5,False,0.0,False,0,17.83,GREEN,False
2026-06-22,S022,Loss of Appetite,315,10,1,3,3,-0.06545012177514539,5.455447255899807,-4.1705272879795405,3,False,0.0,False,0,17.5,GREEN,False
2026-06-22,S019,Vomiting,1637,10,2,2,2,0.43945409255089257,5.220368976638746,1.4864673999571174,5,False,0.0,True,2,15.37,GREEN,False
2026-06-22,S021,Abdominal Pain,906,10,2,2,2,0.8926777646637802,12.701705922171769,0.4359410479223683,4,False,0.0,True,2,15.11,GREEN,False
2026-06-22,S020,Diarrhoea,1275,10,2,2,2,0.404782393294996,11.547005383792532,-0.9822936953089159,5,False,0.0,True,2,15.0,GREEN,False
2026-06-22,S009,Runny Nose,1402,10,1,2,2,-0.09645402033341685,3.1641594084218894,1.850822278174104,5,False,4.45,False,0,14.15,GREEN,False
2026-06-22,S004,Chills,1118,10,1,2,2,-0.36417428071783275,5.405899027195886,0.3345212681929642,5,False,0.0,False,0,12.58,GREEN,False
2026-06-22,S005,Sweating,1118,10,1,2,2,-0.36417428071783275,5.405899027195886,0.3345212681929642,5,False,0.0,False,0,12.58,GREEN,False
2026-06-22,S018,Nausea,1177,10,1,2,2,0.3512720781528901,6.379052256590136,-2.432330340083357,2,False,0.0,False,0,12.5,GREEN,False
2026-06-22,S010,Breathlessness,99,10,0,1,2,0.16777037514148174,4.041451884327381,4.244337453230375,4,False,12.58,False,0,9.42,GREEN,False
2026-06-22,S016,Retro-orbital Pain,1226,10,0,1,2,2.400470662779204,9.23760430703397,6.051815646653486,7,False,6.69,False,0,8.3,GREEN,False
2026-06-22,S015,Joint Pain,1529,10,0,1,2,0.46967517200814723,2.2994340472328445,3.1446623830065787,5,False,8.44,False,0,8.04,GREEN,False
2026-06-22,S003,Fatigue,1845,10,0,1,2,0.8901895903901369,5.2915026221291805,4.774544688169383,9,False,4.76,False,0,7.46,GREEN,False
2026-06-22,S017,Rash,495,10,0,1,2,0.482491454142695,4.138119259730432,4.231035949601879,4,False,5.27,False,0,7.46,GREEN,False
2026-06-22,S014,Muscle Pain,3571,10,0,1,2,0.8200021047922468,3.412500738508723,3.119890911690276,6,False,5.37,False,0,7.21,GREEN,False
2026-06-22,S001,Fever,7712,10,0,1,2,4.440453260937323,19.19689645055521,2.971534909230673,9,False,3.34,False,0,6.63,GREEN,False
2026-06-22,S002,Headache,3903,10,0,1,2,0.7233444615201535,4.444444444444445,2.019552800991395,7,False,2.78,False,0,6.25,GREEN,False
2026-06-29,S023,Weight Loss,47,10,10,4,4,0.17362933667567276,3.6742346141747673,18.231499617177366,7,True,45.94,True,3,61.81,ORANGE,True
2026-06-29,S025,Bleeding,39,10,4,4,4,1.185201979406902,9.5,51.305109922756984,7,True,41.32,True,3,53.84,YELLOW,True
2026-06-29,S011,Chest Pain,25,10,10,4,4,0.3257083658230587,2.8722813232690143,23.774891774891778,4,False,2.93,True,3,51.73,YELLOW,True
2026-06-29,S027,Dehydration,49,10,10,4,4,0.09124595952001666,1.891624771144944,8.25890483785221,4,False,5.52,True,3,48.54,YELLOW,True
2026-06-29,S012,Loss of Taste,279,10,10,4,4,0.02353425314170393,2.110674535892834,3.4639497467978018,4,False,0.0,True,1,45.87,YELLOW,True
2026-06-29,S013,Loss of Smell,289,10,10,4,4,-0.16093856672738643,0.8751577343945898,2.9787859631483746,5,False,0.0,True,1,45.74,YELLOW,True
2026-06-29,S026,Anaemia,24,10,5,4,4,0.22187477506488285,2.449489742783178,20.897435897435898,5,False,25.52,True,3,44.53,YELLOW,True
2026-06-29,S024,Night Sweats,109,10,3,4,4,0.5471975218473031,2.598076211353316,15.251325383516326,6,False,7.02,True,3,33.18,GREEN,False
2026-06-29,S008,Sore Throat,2365,10,4,4,4,0.3548736410774063,1.837551562455011,2.287496340091294,6,False,0.1,True,1,30.6,GREEN,False
2026-06-29,S007,Persistent Cough,301,10,2,4,4,0.45962557136110566,1.1825341841884291,9.089813870364736,9,False,11.09,True,1,30.23,GREEN,False
2026-06-29,S001,Fever,7599,10,8,2,3,0.412529516089699,1.727754361920448,0.7731491657420119,7,False,0.0,True,1,30.19,GREEN,False
2026-06-29,S010,Breathlessness,92,10,10,2,3,0.481216776052902,4.438980226870294,-0.8414777724844609,4,False,0.35,True,1,30.0,GREEN,False
2026-06-29,S006,Dry Cough,3614,10,3,4,4,0.12423365468421199,2.251940297371412,0.14724623729840483,6,False,0.0,True,3,27.54,GREEN,False
2026-06-29,S022,Loss of Appetite,335,10,2,4,4,0.6630296506148856,7.1030549646267325,0.658352479636493,4,False,7.97,True,1,27.29,GREEN,False
2026-06-29,S009,Runny Nose,1359,10,4,3,3,-0.33133063183276923,1.656472891122698,-1.480757283223085,4,False,0.0,True,1,25.0,GREEN,False
2026-06-29,S020,Diarrhoea,1220,10,3,3,3,-1.0538472595338266,0.813733471206735,-5.515724042241532,2,False,0.22,True,3,22.56,GREEN,False
2026-06-29,S014,Muscle Pain,3459,10,5,2,3,-0.31661301163588007,2.274004575698253,-1.3517582507182417,2,False,0.0,True,1,22.5,GREEN,False
2026-06-29,S019,Vomiting,1577,10,3,3,3,-0.5483952119360507,1.1650513434043848,-3.7401419910073352,4,False,0.0,True,3,22.5,GREEN,False
2026-06-29,S004,Chills,1146,10,2,3,3,0.24993381715935353,0.8521325328823184,3.6742558631470517,7,False,3.31,True,1,21.8,GREEN,False
2026-06-29,S005,Sweating,1146,10,2,3,3,0.24993381715935353,0.8521325328823184,3.6742558631470517,7,False,3.31,True,1,21.8,GREEN,False
2026-06-29,S018,Nausea,1137,10,2,3,3,-0.6538290632619695,0.7444638346102761,-5.184880950152395,2,False,0.95,True,1,20.25,GREEN,False
2026-06-29,S016,Retro-orbital Pain,1182,10,4,2,3,-0.2688321660271135,1.252012597789534,-0.48293496704936556,5,False,0.0,True,1,20.0,GREEN,False
2026-06-29,S021,Abdominal Pain,835,10,2,3,3,-0.7782052466043325,0.7262040090592468,-8.64143408096972,3,False,0.0,True,3,20.0,GREEN,False
2026-06-29,S003,Fatigue,1815,10,3,2,3,0.058174918289798115,1.8655370462689176,2.6329771600701486,7,False,0.0,True,1,18.16,GREEN,False
2026-06-29,S017,Rash,489,10,3,2,3,-2.7813532064768975,1.2997603954770751,0.08183098123697459,5,False,0.18,True,1,17.57,GREEN,False
2026-06-29,S015,Joint Pain,1493,10,3,2,3,-0.013878959207546027,3.517169590410852,0.24480470302627025,5,False,0.0,True,1,17.56,GREEN,False
2026-06-29,S002,Headache,3812,10,2,2,3,-0.37330141754080726,2.089373536621037,-0.781497633581064,2,False,0.0,True,1,15.0,GREEN,False
2026-07-06,S011,Chest Pain,22,8,8,5,5,0.23190541255361236,2.0083160441856096,26.056322150072152,4,False,27.46,True,4,63.84,ORANGE,True
2026-07-06,S025,Bleeding,40,10,10,5,5,0.5202170618806423,2.7701415506299165,38.86048162363952,6,False,11.77,True,4,62.85,ORANGE,True
2026-07-06,S012,Loss of Taste,304,10,10,5,5,0.3151884270668213,2.3845875802994514,8.353590146584793,6,False,11.78,True,2,55.23,YELLOW,True
2026-07-06,S013,Loss of Smell,304,10,10,5,5,0.7378862667937497,6.857556923316182,6.388925886163183,6,False,5.09,True,2,52.95,YELLOW,True
2026-07-06,S022,Loss of Appetite,338,10,10,5,5,0.22072043552395293,1.3372491518477951,3.1044467963173994,5,False,2.81,True,2,51.53,YELLOW,True
2026-07-06,S006,Dry Cough,3599,10,10,5,5,-0.2566079926599056,1.1151821580359371,0.008273465630460209,7,False,0.58,True,4,50.16,YELLOW,True
2026-07-06,S009,Runny Nose,1458,10,10,4,4,0.8282954654102801,3.3993463423951917,5.68666078823925,8,False,6.1,True,2,48.05,YELLOW,True
2026-07-06,S004,Chills,1182,10,10,4,4,0.8576489550567563,3.653728591496754,5.280414883682946,7,False,1.12,True,2,46.62,YELLOW,True
2026-07-06,S005,Sweating,1182,10,10,4,4,0.8576489550567563,3.653728591496754,5.280414883682946,7,False,1.12,True,2,46.62,YELLOW,True
2026-07-06,S010,Breathlessness,101,10,10,3,4,-0.0632362029229531,1.7143892308290465,5.455894525884675,5,False,14.08,True,2,45.12,YELLOW,True
2026-07-06,S002,Headache,3914,10,10,3,4,0.4123674908569461,1.1570396111137384,2.158007317758984,7,False,2.73,True,2,41.27,YELLOW,True
2026-07-06,S001,Fever,7521,10,10,3,4,-0.33756147284354476,1.6976993213033236,-0.462134365759684,5,False,0.08,True,2,30.0,GREEN,False
2026-07-06,S003,Fatigue,1758,10,10,3,4,-0.2722711581819372,0.8059682475959332,-1.3671317485583854,4,False,0.0,True,2,30.0,GREEN,False
2026-07-06,S007,Persistent Cough,269,10,10,5,5,-0.2875259995469266,3.17710705148408,-5.007381918714673,3,False,0.0,True,2,30.0,GREEN,False
2026-07-06,S008,Sore Throat,2296,10,10,5,5,-0.5922541300738132,1.590990257669732,-1.265875755696597,3,False,0.0,True,2,30.0,GREEN,False
2026-07-06,S014,Muscle Pain,3435,10,10,3,4,-0.301490327955865,1.7979158631475616,-1.9491544784765076,3,False,0.72,True,2,30.0,GREEN,False
2026-07-06,S015,Joint Pain,1447,10,10,3,4,-0.5778279136200669,1.4075157116241714,-3.7302647300587752,3,False,0.0,True,2,30.0,GREEN,False
2026-07-06,S017,Rash,459,10,10,3,4,-0.4474145195100358,0.8959840715358683,-5.601877763167576,3,False,0.0,True,2,30.0,GREEN,False
2026-07-06,S018,Nausea,1172,10,10,4,4,-0.20024252616784163,1.5284204639008356,-1.047097131738394,4,False,3.4,True,2,30.0,GREEN,False
2026-07-06,S023,Weight Loss,34,10,10,5,5,-0.49407892561166644,1.1293678311839803,-21.197981586427552,2,False,0.0,True,4,30.0,GREEN,False
2026-07-06,S024,Night Sweats,88,10,10,5,5,-0.4517248414755424,4.034466888812334,-10.515836150888443,3,False,0.0,True,4,30.0,GREEN,False
2026-07-06,S026,Anaemia,13,8,8,5,5,-0.4108323779618095,0.9203579866168444,-18.50103021978022,2,False,3.92,True,4,30.0,GREEN,False
2026-07-06,S027,Dehydration,33,10,10,5,5,-0.470536693660803,0.7302967433402213,-26.306475387357743,2,False,0.0,True,4,30.0,GREEN,False
2026-07-06,S021,Abdominal Pain,845,10,0,0,3,-0.49866186015057556,0.3288326927328338,-5.112109906509934,2,False,5.06,False,0,1.35,GREEN,False
2026-07-06,S020,Diarrhoea,1214,10,0,0,3,-0.7180885750558696,0.4985415622798052,-4.696692099189695,2,False,1.36,False,0,0.36,GREEN,False
2026-07-06,S019,Vomiting,1549,10,0,0,3,-0.8182856646456692,0.5934424260562089,-3.9395574480741162,1,False,1.21,False,0,0.32,GREEN,False
2026-07-06,S016,Retro-orbital Pain,1119,10,0,0,3,-0.4914602615658919,0.562955455224223,-5.105167044134803,4,False,0.0,False,0,0.0,GREEN,False
2026-07-13,S026,Anaemia,25,9,9,6,6,0.5610634441803115,2.3836564731139807,40.255991285403056,4,True,59.7,True,5,80.98,RED,True
2026-07-13,S027,Dehydration,46,10,10,6,6,0.34471924103206997,3.134811641096994,17.497280562296037,5,True,62.19,True,5,75.96,ORANGE,True
2026-07-13,S022,Loss of Appetite,350,10,10,6,6,0.7910810633130473,4.265283190204454,6.736347704308278,6,False,1.65,True,3,57.12,YELLOW,True
2026-07-13,S018,Nausea,1225,10,10,5,5,0.5464211539786723,2.930188889603249,3.137501430342381,5,False,2.02,True,3,51.32,YELLOW,True
2026-07-13,S009,Runny Nose,1407,10,10,5,5,-0.017044060404215678,1.8132963018384136,0.28566673503404943,5,False,0.0,True,3,50.07,YELLOW,True
2026-07-13,S015,Joint Pain,1538,10,10,4,5,0.5637115833983318,1.905586732340784,4.4644766526944775,8,False,7.21,True,3,48.04,YELLOW,True
2026-07-13,S014,Muscle Pain,3586,10,10,4,5,0.6503677864713022,2.8178526450152326,2.899929198509452,8,False,3.58,True,3,46.68,YELLOW,True
2026-07-13,S017,Rash,478,10,10,4,5,0.02158813198769245,1.5191698526848267,0.03518497305467179,6,False,6.12,True,3,46.64,YELLOW,True
2026-07-13,S001,Fever,7591,10,10,4,5,0.2829361937797708,2.065372093412048,0.5211733367457969,6,False,1.01,True,3,45.4,YELLOW,True
2026-07-13,S002,Headache,3868,10,10,4,5,0.14494593613880064,2.8876915027377343,0.4483406749265747,4,False,0.0,True,3,45.11,YELLOW,True
2026-07-13,S003,Fatigue,1739,10,10,4,5,-0.3132623417083462,1.21379425806881,-2.5960393843249236,4,False,0.46,True,3,30.0,GREEN,False
2026-07-13,S004,Chills,1097,10,10,5,5,-0.32846538836722694,2.290919806822869,-3.4687089671587996,4,False,0.0,True,3,30.0,GREEN,False
2026-07-13,S005,Sweating,1097,10,10,5,5,-0.32846538836722694,2.290919806822869,-3.4687089671587996,4,False,0.0,True,3,30.0,GREEN,False
2026-07-13,S006,Dry Cough,3598,10,10,6,6,-0.12568796698931795,1.3627281872955432,-0.374898623142481,5,False,0.0,True,5,30.0,GREEN,False
2026-07-13,S008,Sore Throat,2301,10,10,6,6,-0.18638824835804577,1.1943320206981691,-1.321703039296424,5,False,0.95,True,3,30.0,GREEN,False
2026-07-13,S010,Breathlessness,76,10,10,4,5,-0.724365505582999,1.4301938838683883,-20.81837725362946,3,False,0.0,True,3,30.0,GREEN,False
2026-07-13,S012,Loss of Taste,244,10,10,6,6,-0.7031339423693773,1.0878756313824398,-12.168727354984934,3,False,0.0,True,3,30.0,GREEN,False
2026-07-13,S013,Loss of Smell,251,10,10,6,6,-0.7641752171990588,1.1785113019775793,-12.238861798905626,2,False,0.0,True,3,30.0,GREEN,False
2026-07-13,S024,Night Sweats,83,10,10,6,6,-0.6734664280277636,1.3258610570414522,-14.687709156815306,3,False,17.19,True,5,30.0,GREEN,False
2026-07-13,S025,Bleeding,32,10,10,6,6,0.07724738104854631,1.5498260496951666,-2.297774406608147,5,False,0.0,True,5,30.0,GREEN,False
2026-07-13,S016,Retro-orbital Pain,1211,10,0,1,4,0.6317167861563477,3.5594305366675543,3.2781045835312113,5,False,7.39,False,0,7.79,GREEN,False
2026-07-13,S021,Abdominal Pain,901,10,0,1,4,0.1450908012565426,1.9827405196096828,1.936883260655101,6,False,3.61,False,0,6.45,GREEN,False
2026-07-13,S019,Vomiting,1631,10,0,1,4,0.2781841006494469,2.1269248984883125,1.3367655227206028,7,False,3.56,False,0,6.28,GREEN,False
2026-07-13,S020,Diarrhoea,1274,10,0,1,4,0.02237595486945876,1.3801225083369355,0.5432147134726554,7,False,3.38,False,0,6.04,GREEN,False
2026-07-13,S007,Persistent Cough,242,10,0,0,5,-0.6843547428908258,0.0,-13.226721594098597,0,False,1.79,False,0,0.48,GREEN,False
2026-07-13,S011,Chest Pain,15,8,0,0,5,-0.28340595370152694,0.4428074427700475,-17.900237017884077,2,False,0.0,False,0,0.0,GREEN,False
2026-07-13,S023,Weight Loss,20,8,0,0,5,-0.8694564387663667,0.0719443078836192,-42.564810509183914,1,False,0.0,False,0,0.0,GREEN,False
2026-07-20,S025,Bleeding,34,10,10,7,7,-0.1170702059668542,2.471630805313042,8.224342105263155,4,True,45.57,True,6,69.21,YELLOW,True
2026-07-20,S026,Anaemia,28,9,9,7,7,0.49833829395893203,3.2732683535398857,37.29636104636105,7,False,15.63,True,6,68.49,ORANGE,True
2026-07-20,S027,Dehydration,52,10,10,7,7,0.48280923168749973,2.4721664876899254,27.422923358548616,5,False,14.98,True,6,65.85,ORANGE,True
2026-07-20,S024,Night Sweats,106,10,10,7,7,0.3762690269779224,3.970775864300728,9.766279665834572,5,False,23.96,True,6,63.83,YELLOW,True
2026-07-20,S012,Loss of Taste,288,10,10,7,7,-0.012323561838144459,1.8170118179839216,3.4343659451887687,5,False,21.42,True,4,61.57,YELLOW,True
2026-07-20,S013,Loss of Smell,294,10,10,7,7,0.007469932887659047,1.7155626498179213,3.724025147963934,6,False,20.81,True,4,61.48,YELLOW,True
2026-07-20,S004,Chills,1153,10,10,6,6,0.28230873730280115,2.112542923129787,1.7138494411114376,4,False,6.09,True,4,57.05,YELLOW,True
2026-07-20,S005,Sweating,1153,10,10,6,6,0.28230873730280115,2.112542923129787,1.7138494411114376,4,False,6.09,True,4,57.05,YELLOW,True
2026-07-20,S022,Loss of Appetite,346,10,10,7,7,0.275373545133413,1.9577572563356456,5.164602833675456,7,False,1.87,True,4,56.79,YELLOW,True
2026-07-20,S018,Nausea,1249,10,10,6,6,0.45184061507363654,1.657496115248032,4.464586584534986,8,False,0.98,True,4,56.38,YELLOW,True
2026-07-20,S008,Sore Throat,2357,10,10,7,7,0.16271454997710338,2.264762121159259,2.077688436687321,5,False,2.47,True,4,56.18,YELLOW,True
2026-07-20,S009,Runny Nose,1398,10,10,6,6,0.07858673734301483,2.335827470871493,1.415047041213562,6,False,2.36,True,4,55.98,YELLOW,True
2026-07-20,S006,Dry Cough,3632,10,10,7,7,0.10730391833237107,1.7965111864717795,1.0205313394203852,6,False,1.1,True,6,55.55,YELLOW,True
2026-07-20,S023,Weight Loss,41,10,2,6,6,0.008831725851127334,2.8382174867477024,4.736549094998159,4,True,62.33,True,1,52.81,YELLOW,True
2026-07-20,S003,Fatigue,1840,10,10,5,6,0.4757211675195213,3.9605901719066976,3.438348116225554,8,False,4.78,True,4,52.13,YELLOW,True
2026-07-20,S017,Rash,493,10,10,5,6,0.18494090010153047,2.025376305345594,3.6053778811075134,5,False,1.8,True,4,51.38,YELLOW,True
2026-07-20,S002,Headache,3870,10,10,5,6,0.2608259635465461,1.805026434284948,0.5873932126441148,6,False,0.63,True,4,50.31,YELLOW,True
2026-07-20,S001,Fever,7591,10,10,5,6,0.329206182203424,1.7091208884514633,0.6177305242231714,5,False,0.07,True,4,50.17,YELLOW,True
2026-07-20,S019,Vomiting,1709,10,10,2,5,1.1824896301599916,4.329759524372772,5.464678699365457,8,False,1.77,True,1,36.84,YELLOW,True
2026-07-20,S011,Chest Pain,23,10,2,5,6,0.047909323062377704,1.1246369913751453,1.92609351432881,4,False,23.5,True,1,36.75,YELLOW,True
2026-07-20,S021,Abdominal Pain,915,10,10,2,5,0.3711213676783701,1.1329947516235546,3.9089149715724156,8,False,1.16,True,1,36.29,YELLOW,True
2026-07-20,S020,Diarrhoea,1315,10,10,2,5,0.5275424972598735,2.405629210707969,3.442481712117059,8,False,1.31,True,1,36.21,YELLOW,True
2026-07-20,S010,Breathlessness,82,10,10,5,6,-0.37797576420030904,0.977107123592882,-13.772760741864582,4,False,21.04,True,4,30.0,GREEN,False
2026-07-20,S014,Muscle Pain,3489,10,10,5,6,-0.08703551841026894,1.3733059145465365,-0.14133203034080868,5,False,0.0,True,4,30.0,GREEN,False
2026-07-20,S015,Joint Pain,1493,10,10,5,6,-0.223160414366166,1.8368217173760648,-0.9233951472552826,4,False,0.0,True,4,30.0,GREEN,False
2026-07-20,S016,Retro-orbital Pain,1169,10,10,2,5,-0.10641369039881292,1.7591864148251213,-0.6465668727078564,4,False,0.0,True,1,30.0,GREEN,False
2026-07-20,S007,Persistent Cough,320,10,0,1,6,0.8151751479166066,2.7424137786507226,16.618216608196406,8,False,24.73,False,0,15.75,GREEN,False
2026-07-27,S025,Bleeding,41,9,9,8,8,0.7784461777714008,2.173706511928416,34.054337620966706,6,False,33.57,True,7,72.47,ORANGE,True
2026-07-27,S026,Anaemia,21,9,9,8,8,0.3009631992309216,3.3158053648233494,25.211266739870855,5,False,13.49,True,7,64.9,ORANGE,True
2026-07-27,S011,Chest Pain,24,9,9,6,7,0.3399716606410789,2.5099800796022267,20.31774325891973,4,False,9.63,True,2,62.65,ORANGE,True
2026-07-27,S024,Night Sweats,103,10,10,8,8,0.023360909471216218,2.37058898680764,6.896708957900543,6,False,1.81,True,7,57.21,YELLOW,True
2026-07-27,S027,Dehydration,42,10,10,8,8,0.10475136420525075,2.2391714737574007,8.425475453339233,5,False,0.0,True,7,57.11,YELLOW,True
2026-07-27,S012,Loss of Taste,290,10,10,8,8,0.1690404593737456,1.4108871222314994,3.811903118170038,6,False,1.91,True,5,56.46,YELLOW,True
2026-07-27,S009,Runny Nose,1443,10,10,7,7,0.5802754138510711,1.8572727481862092,3.453634783788432,8,False,1.5,True,5,56.26,YELLOW,True
2026-07-27,S003,Fatigue,1824,10,10,6,7,0.3603248981936728,2.786585849750069,1.7959653690583735,5,False,0.0,True,5,55.45,YELLOW,True
2026-07-27,S018,Nausea,1210,10,10,7,7,0.22091434143704936,2.491781693257895,1.7447682493343486,4,False,0.0,True,5,55.44,YELLOW,True
2026-07-27,S022,Loss of Appetite,339,10,10,8,8,0.1171435349999826,1.835868150257576,1.5667469051246665,3,False,0.0,True,5,55.39,YELLOW,True
2026-07-27,S004,Chills,1145,10,10,7,7,0.2999532748127442,2.2391714737574007,1.1168818964620861,5,False,0.23,True,5,55.34,YELLOW,True
2026-07-27,S005,Sweating,1145,10,10,7,7,0.2999532748127442,2.2391714737574007,1.1168818964620861,5,False,0.23,True,5,55.34,YELLOW,True
2026-07-27,S006,Dry Cough,3646,10,10,8,8,0.19785258185953114,2.3891443136869763,0.5226630521768273,4,False,0.0,True,7,55.13,YELLOW,True
2026-07-27,S001,Fever,7590,10,10,6,7,0.18842184115105148,2.7073402925921104,0.07609437351924173,4,False,0.0,True,5,55.02,YELLOW,True
2026-07-27,S021,Abdominal Pain,914,10,10,3,6,0.27435785027744647,2.9239006862854704,4.29879748189311,4,False,0.6,True,2,41.23,YELLOW,True
2026-07-27,S019,Vomiting,1652,10,10,3,6,0.4216160852522751,2.6967759489447287,2.678698202422424,5,False,0.0,True,2,40.67,YELLOW,True
2026-07-27,S020,Diarrhoea,1279,10,10,3,6,0.4601827477713297,5.261861747967765,1.8161731665071108,5,False,0.0,True,2,40.45,YELLOW,True
2026-07-27,S007,Persistent Cough,294,10,10,2,7,0.3412445365033691,2.89794111924782,5.95024676367609,6,False,0.0,True,1,36.49,YELLOW,True
2026-07-27,S002,Headache,3843,10,10,6,7,-0.1458927699829938,2.301728967096629,-0.803455350404523,3,False,0.0,True,5,30.0,GREEN,False
2026-07-27,S008,Sore Throat,2308,10,10,8,8,-0.19850239346151372,1.1501454889140292,-1.11225176672118,5,False,0.0,True,5,30.0,GREEN,False
2026-07-27,S010,Breathlessness,87,10,10,6,7,-0.26652135274579825,0.730435887238472,-6.174367156675716,3,False,13.89,True,5,30.0,GREEN,False
2026-07-27,S013,Loss of Smell,267,10,10,8,8,-0.48800568798554067,0.9634380371386748,-4.692593154765534,3,False,0.0,True,5,30.0,GREEN,False
2026-07-27,S014,Muscle Pain,3477,10,10,6,7,-0.07304148634702828,1.437902530332147,-1.004608904853174,3,False,0.54,True,5,30.0,GREEN,False
2026-07-27,S015,Joint Pain,1452,10,10,6,7,-0.3394245061244884,2.225601100566728,-3.1507339662039158,3,False,0.5,True,5,30.0,GREEN,False
2026-07-27,S016,Retro-orbital Pain,1144,10,10,3,6,-0.4280384148897277,1.9330713142257203,-2.757829742004262,3,False,0.2,True,2,30.0,GREEN,False
2026-07-27,S017,Rash,462,10,10,6,7,-0.303656459600364,1.0553919006106978,-3.6308514234993927,6,False,0.0,True,5,30.0,GREEN,False
2026-07-27,S023,Weight Loss,38,10,10,7,7,-0.18517506666734346,0.9749164129915592,-0.6520879434696134,4,False,6.67,True,2,30.0,GREEN,False
2026-08-03,S027,Dehydration,45,10,10,9,9,0.11580626798751921,3.238892010539823,6.433389847038765,5,False,12.13,True,8,59.84,YELLOW,True
2026-08-03,S023,Weight Loss,42,10,10,8,8,0.15453737335720588,1.6035674514745462,5.057853980424951,5,False,12.65,True,3,59.64,YELLOW,True
2026-08-03,S011,Chest Pain,25,10,10,7,8,0.1869051452497065,1.7638342073763935,8.978296703296706,5,False,4.27,True,3,58.38,YELLOW,True
2026-08-03,S026,Anaemia,15,7,7,9,9,0.09086953606285701,2.0355267563034487,10.448831706595682,3,False,0.0,True,8,57.61,YELLOW,True
2026-08-03,S022,Loss of Appetite,347,10,10,9,9,0.5304713874796723,3.253006762193809,3.9160688953374416,6,False,3.01,True,6,56.78,YELLOW,True
2026-08-03,S018,Nausea,1246,10,10,8,8,0.4569077973193659,1.507913380662596,3.245878639768595,6,False,2.1,True,6,56.37,YELLOW,True
2026-08-03,S004,Chills,1135,10,10,8,8,0.039303630380937996,2.105465061783943,0.9070206161054823,6,False,0.17,True,6,55.27,YELLOW,True
2026-08-03,S005,Sweating,1135,10,10,8,8,0.039303630380937996,2.105465061783943,0.9070206161054823,6,False,0.17,True,6,55.27,YELLOW,True
2026-08-03,S001,Fever,7575,10,10,7,8,-0.2623186885343164,2.0282966561531235,0.1793072606656215,4,False,0.28,True,6,55.12,YELLOW,True
2026-08-03,S003,Fatigue,1791,10,10,7,8,0.05877933534383477,2.405388200846395,0.35456332523583034,5,False,0.06,True,6,55.1,YELLOW,True
2026-08-03,S019,Vomiting,1752,10,10,4,7,1.5234848722382892,6.033977866125205,7.686504156991235,8,False,4.43,True,3,48.1,YELLOW,True
2026-08-03,S020,Diarrhoea,1359,10,10,4,7,1.387241926928307,6.809642187225957,6.851900381742953,6,False,4.41,True,3,47.89,YELLOW,True
2026-08-03,S021,Abdominal Pain,924,10,10,4,7,0.6596154240715127,4.285331998751056,4.152910510514313,6,False,1.38,True,3,46.41,YELLOW,True
2026-08-03,S007,Persistent Cough,304,10,10,3,8,0.42280196401648995,1.4748521217444224,8.577526965831192,7,False,4.01,True,2,43.21,YELLOW,True
2026-08-03,S002,Headache,3803,10,10,7,8,-0.20512067572034604,1.2003694261010145,-0.8400841803894485,6,False,0.51,True,6,30.0,GREEN,False
2026-08-03,S006,Dry Cough,3572,10,10,9,9,-0.3254049649035188,0.8067132223311066,-1.268131335740296,3,False,0.0,True,8,30.0,GREEN,False
2026-08-03,S008,Sore Throat,2274,10,10,9,9,-0.4495311132874358,0.8473562537778061,-2.4397445984812434,3,False,0.41,True,6,30.0,GREEN,False
2026-08-03,S009,Runny Nose,1366,10,10,8,8,-0.27758144464279766,1.4717553664751812,-1.6578987594949361,3,False,0.0,True,6,30.0,GREEN,False
2026-08-03,S010,Breathlessness,80,10,10,7,8,-0.38714644722057195,2.3803644751499897,-17.88621026238203,3,False,0.0,True,6,30.0,GREEN,False
2026-08-03,S012,Loss of Taste,275,10,10,9,9,-0.15789974139666,1.701683429938276,-2.1504551062195896,4,False,0.0,True,6,30.0,GREEN,False
2026-08-03,S013,Loss of Smell,262,10,10,9,9,-0.35335885768295017,3.2644552250736165,-9.192571329789981,3,False,0.0,True,6,30.0,GREEN,False
2026-08-03,S014,Muscle Pain,3487,10,10,7,8,-0.04911553905093722,1.4016197146401002,-0.2340189200190083,6,False,0.79,True,6,30.0,GREEN,False
2026-08-03,S015,Joint Pain,1463,10,10,7,8,-0.2997113263270294,1.6263500458450395,-1.9440927470911298,5,False,1.69,True,6,30.0,GREEN,False
2026-08-03,S016,Retro-orbital Pain,1137,10,10,4,7,-0.498007380608922,2.960889949402897,-3.2051122949911983,2,False,0.28,True,3,30.0,GREEN,False
2026-08-03,S017,Rash,476,10,10,7,8,0.00973576794258324,2.392376073971408,-2.849082684033773,5,False,4.27,True,6,30.0,GREEN,False
2026-08-03,S024,Night Sweats,93,10,10,9,9,-0.2903501221178447,0.917662935482247,-3.5881290553440643,4,False,0.0,True,8,30.0,GREEN,False
2026-08-03,S025,Bleeding,30,10,10,9,9,-0.06811163809160004,3.2659863237109046,-9.39333156768491,2,False,0.0,True,8,30.0,GREEN,False
2026-08-10,S025,Bleeding,33,9,9,10,10,0.11711043638414499,2.559250039669871,14.894302394302388,4,True,55.73,True,9,73.58,YELLOW,True
2026-08-10,S010,Breathlessness,97,10,10,8,9,0.25186567715824104,3.348937833908628,3.501157735409472,5,True,55.45,True,7,70.66,YELLOW,True
2026-08-10,S027,Dehydration,53,10,10,10,10,0.48800552143700404,2.9499543188448487,19.078069605364966,5,False,20.63,True,9,65.27,ORANGE,True
2026-08-10,S013,Loss of Smell,280,10,10,10,10,-0.003300931014301689,1.351545036109516,0.624304471833294,4,False,34.15,True,7,64.26,YELLOW,True
2026-08-10,S026,Anaemia,22,10,10,10,10,0.07846265207668845,2.232625222605752,10.236045998936847,6,False,20.08,True,9,62.91,YELLOW,True
2026-08-10,S004,Chills,1161,10,10,9,9,0.29822899289725513,1.2704549599274677,3.133927795032682,7,False,12.13,True,7,59.02,YELLOW,True
2026-08-10,S005,Sweating,1161,10,10,9,9,0.29822899289725513,1.2704549599274677,3.133927795032682,7,False,12.13,True,7,59.02,YELLOW,True
2026-08-10,S006,Dry Cough,3656,10,10,10,10,0.274417751899075,2.0874483170106206,1.0994727054114803,7,False,2.13,True,9,55.84,YELLOW,True
2026-08-10,S001,Fever,7592,10,10,8,9,0.30856785497213457,2.898986895283736,0.4103473194700822,4,False,0.16,True,7,55.15,YELLOW,True
2026-08-10,S020,Diarrhoea,1316,10,10,5,8,0.4085512570531521,2.138557265096921,2.865505375933369,7,False,9.02,True,4,53.12,YELLOW,True
2026-08-10,S019,Vomiting,1649,10,10,5,8,0.11857696645782279,1.3867016465156852,0.9015050983013827,4,False,0.0,True,4,50.23,YELLOW,True
2026-08-10,S007,Persistent Cough,285,10,10,4,9,0.04152440795886063,2.5646527267882795,1.4417746665175102,5,False,9.49,True,3,47.89,YELLOW,True
2026-08-10,S002,Headache,3831,10,10,8,9,-0.20193104281109928,1.327801858704437,-0.401410129842182,6,False,0.38,True,7,30.0,GREEN,False
2026-08-10,S003,Fatigue,1778,10,10,8,9,-0.017410369732058718,1.3040790175374106,-0.2831851559314889,5,False,11.69,True,7,30.0,GREEN,False
2026-08-10,S008,Sore Throat,2290,10,10,10,10,-0.24397138342531083,1.2782877984293088,-1.0452164234679644,3,False,9.66,True,7,30.0,GREEN,False
2026-08-10,S009,Runny Nose,1388,10,10,9,9,-0.31928528697594194,1.716232660642066,-0.833873276009481,3,False,15.06,True,7,30.0,GREEN,False
2026-08-10,S011,Chest Pain,13,8,8,8,9,-0.4432545962150208,1.3023647131866884,-24.85199091503138,3,False,0.58,True,4,30.0,GREEN,False
2026-08-10,S012,Loss of Taste,268,10,10,10,10,-0.10784497282612518,1.7390855656497073,-3.777719770095568,4,False,24.12,True,7,30.0,GREEN,False
2026-08-10,S014,Muscle Pain,3476,10,10,8,9,-0.16229429205090967,2.058631080619309,-0.6851474533651734,4,False,0.0,True,7,30.0,GREEN,False
2026-08-10,S015,Joint Pain,1472,10,10,8,9,-0.08000996236784982,2.4169096154985263,-0.9181630686179073,4,False,9.26,True,7,30.0,GREEN,False
2026-08-10,S016,Retro-orbital Pain,1135,10,10,5,8,-0.26413397408719363,3.0380548168299546,-2.4883105887295742,3,False,19.42,True,4,30.0,GREEN,False
2026-08-10,S017,Rash,461,10,10,8,9,-0.2573945319512093,1.176416388977206,-4.251785556411198,4,False,17.27,True,7,30.0,GREEN,False
2026-08-10,S018,Nausea,1190,10,10,9,9,-0.07591876400342372,1.2122562507124082,-1.2289867485980843,4,False,0.0,True,7,30.0,GREEN,False
2026-08-10,S021,Abdominal Pain,890,10,10,5,8,-0.1459653596981389,0.9545257623158993,-0.2265669398289317,3,False,20.0,True,4,30.0,GREEN,False
2026-08-10,S022,Loss of Appetite,325,10,10,10,10,-0.3073446553993015,2.7298049128802817,-2.3168569710220033,2,False,16.67,True,7,30.0,GREEN,False
2026-08-10,S024,Night Sweats,90,10,10,10,10,-0.2927129424406643,1.0289915108550531,-10.273937635803602,3,False,20.0,True,9,30.0,GREEN,False
2026-08-10,S023,Weight Loss,24,9,0,0,8,-0.7432448911970992,0.2316082556947405,-33.399740844031285,1,False,0.0,False,0,0.0,GREEN,False
2026-08-17,S024,Night Sweats,115,10,10,11,11,0.8488119980680651,3.650335826208402,20.475190783630744,7,True,82.97,True,10,80.12,ORANGE,True
2026-08-17,S012,Loss of Taste,293,10,10,11,11,0.2063684361525137,0.9484699163220855,6.1071588501667495,7,False,31.37,True,8,64.89,YELLOW,True
2026-08-17,S013,Loss of Smell,300,10,10,11,11,0.2854743163040542,1.175474387840003,7.630169360439092,7,False,20.71,True,8,62.43,YELLOW,True
2026-08-17,S027,Dehydration,45,10,10,11,11,-0.07319025905127259,2.0761369963434992,3.4586471443201647,4,False,23.35,True,10,62.09,YELLOW,True
2026-08-17,S010,Breathlessness,92,10,10,9,10,0.06157193424012464,1.8616952196611267,2.9072796033962787,5,False,22.31,True,8,61.68,YELLOW,True
2026-08-17,S017,Rash,480,10,10,9,10,0.06775579977361224,2.790913336289905,0.5483338268345566,6,False,24.37,True,8,61.64,YELLOW,True
2026-08-17,S009,Runny Nose,1447,10,10,10,10,0.3318643931857168,2.1934896846431213,2.935078217909995,6,False,17.7,True,8,60.45,YELLOW,True
2026-08-17,S015,Joint Pain,1514,10,10,9,10,0.24180366728077152,2.4517125138245897,1.4832790063534502,5,False,18.76,True,8,60.37,YELLOW,True
2026-08-17,S016,Retro-orbital Pain,1169,10,10,6,9,0.0781520372894311,2.054140977752711,0.45848232881923356,5,False,17.55,True,5,59.79,YELLOW,True
2026-08-17,S003,Fatigue,1819,10,10,9,10,0.25728820645636163,2.038174612954155,2.1519222797631192,5,False,13.88,True,8,59.24,YELLOW,True
2026-08-17,S018,Nausea,1228,10,10,10,10,0.12976989467711103,1.2388658281854277,1.409025455991615,7,False,12.85,True,8,58.78,YELLOW,True
2026-08-17,S014,Muscle Pain,3547,10,10,9,10,0.4208027675969612,3.307102982463314,1.0584883799591411,6,False,10.77,True,8,58.14,YELLOW,True
2026-08-17,S002,Headache,3852,10,10,9,10,0.01428409787508369,1.3300660669546014,0.029505687393494018,4,False,8.89,True,8,57.38,YELLOW,True
2026-08-17,S007,Persistent Cough,292,10,10,5,10,0.202147655997361,1.9768862390630488,3.189726803306082,6,False,23.9,True,4,57.17,YELLOW,True
2026-08-17,S025,Bleeding,30,10,10,11,11,-0.13388594955685948,3.744050799625876,1.1622392249401616,3,False,3.93,True,10,56.34,YELLOW,True
2026-08-17,S008,Sore Throat,2360,10,10,11,11,0.35622507297095024,1.1650616282452286,1.6916482489711224,7,False,1.58,True,8,55.84,YELLOW,True
2026-08-17,S006,Dry Cough,3710,10,10,11,11,0.5700140659019443,2.6204891162142085,2.1323752035939414,6,False,0.47,True,10,55.66,YELLOW,True
2026-08-17,S023,Weight Loss,38,10,1,4,9,0.04902713130338031,2.747645484310239,-0.6910526693430235,4,True,63.23,False,0,39.36,GREEN,False
2026-08-17,S001,Fever,7568,10,10,9,10,0.040498524659063326,2.7049597628873365,-0.24965793037859796,4,False,0.0,True,8,30.0,GREEN,False
2026-08-17,S011,Chest Pain,18,9,9,9,10,-0.1330334271890792,2.0018930434905253,-7.5097001763668425,3,False,28.78,True,5,30.0,GREEN,False
2026-08-17,S019,Vomiting,1610,10,10,6,9,-0.4043437883560562,1.0983916661709718,-2.278894126994956,4,False,9.57,True,5,30.0,GREEN,False
2026-08-17,S020,Diarrhoea,1270,10,10,6,9,-0.2497946501070784,0.8180695530475061,-1.7540158932628274,4,False,10.12,True,5,30.0,GREEN,False
2026-08-17,S021,Abdominal Pain,889,10,10,6,9,-0.009270877312874515,1.0604572975699678,-0.2706583994249505,6,False,12.19,True,5,30.0,GREEN,False
2026-08-17,S022,Loss of Appetite,317,10,10,11,11,-0.40200438941390776,0.7637437581882079,-5.096304919668503,4,False,20.31,True,8,30.0,GREEN,False
2026-08-17,S026,Anaemia,18,9,9,11,11,-0.11249992530883274,0.945110931216246,-2.241752953670515,3,False,0.0,True,10,30.0,GREEN,False
2026-08-17,S004,Chills,1042,10,0,0,9,-0.9837342691312129,0.6236253931915037,-7.832604945180973,2,False,0.0,False,0,0.0,GREEN,False
2026-08-17,S005,Sweating,1042,10,0,0,9,-0.9837342691312129,0.6236253931915037,-7.832604945180973,2,False,0.0,False,0,0.0,GREEN,False
2026-08-24,S007,Persistent Cough,232,10,10,6,11,-0.9741971916292103,1.321626008875589,-18.901572181071465,1,False,13.33,True,5,30.0,GREEN,False
2026-08-24,S011,Chest Pain,17,10,10,10,11,-0.32548516678087014,1.2165448524514295,-16.670453655003737,2,False,10.33,True,6,30.0,GREEN,False
2026-08-24,S023,Weight Loss,34,10,10,5,10,-0.2460313933476664,0.533656859801263,-12.969544532501967,3,False,1.97,True,1,30.0,GREEN,False
2026-08-24,S027,Dehydration,37,10,10,12,12,-0.3784231664281833,1.7084670465428378,-18.055062877137022,2,False,0.2,True,11,30.0,GREEN,False
2026-08-24,S022,Loss of Appetite,292,10,0,0,11,-0.8125631403931173,-0.0595491334175418,-13.449181905558376,0,False,16.67,False,0,4.45,GREEN,False
2026-08-24,S017,Rash,426,10,0,0,10,-0.832749861901205,0.2976420573254969,-12.232917624191249,3,False,16.04,False,0,4.28,GREEN,False
2026-08-24,S010,Breathlessness,65,10,0,0,10,-0.8535564209579494,0.3070649807683754,-28.019915940126953,1,False,13.33,False,0,3.55,GREEN,False
2026-08-24,S021,Abdominal Pain,800,10,0,0,9,-1.3143726240762692,0.6310801287412773,-12.05672331594924,1,False,13.33,False,0,3.55,GREEN,False
2026-08-24,S024,Night Sweats,77,10,0,0,11,-0.8664831289598943,0.1777897505546897,-23.565565832203106,2,False,13.33,False,0,3.55,GREEN,False
2026-08-24,S025,Bleeding,14,7,0,0,11,-0.8209237253377084,0.3372137010395284,-41.071534642279424,1,False,12.81,False,0,3.42,GREEN,False
2026-08-24,S016,Retro-orbital Pain,985,10,0,0,9,-1.6988374431096944,-0.4013083330419837,-15.602349314220675,0,False,11.98,False,0,3.19,GREEN,False
2026-08-24,S004,Chills,945,10,0,0,9,-1.7818720439624045,-0.4199263064023151,-16.404885433374748,0,False,11.78,False,0,3.14,GREEN,False
2026-08-24,S005,Sweating,945,10,0,0,9,-1.7818720439624045,-0.4199263064023151,-16.404885433374748,0,False,11.78,False,0,3.14,GREEN,False
2026-08-24,S009,Runny Nose,1210,10,0,0,10,-1.643971952366579,0.5877732444869138,-13.449730202384364,1,False,10.13,False,0,2.7,GREEN,False
2026-08-24,S001,Fever,6436,10,0,0,10,-7.10373512396458,-3.890857456250525,-15.116697450550916,0,False,0.0,False,0,0.0,GREEN,False
2026-08-24,S002,Headache,3292,10,0,0,10,-3.5738529661042575,-2.214454461428313,-14.6952480456383,0,False,0.0,False,0,0.0,GREEN,False
2026-08-24,S003,Fatigue,1522,10,0,0,10,-2.0981411996979853,-0.8982525473879207,-15.038552713817088,0,False,0.0,False,0,0.0,GREEN,False
2026-08-24,S006,Dry Cough,3131,10,0,0,11,-3.2105304731315334,-1.245977988268172,-13.470942832655771,0,False,0.0,False,0,0.0,GREEN,False
2026-08-24,S008,Sore Throat,1957,10,0,0,11,-2.881375072514523,-1.5700124281005683,-15.585847897809279,0,False,0.0,False,0,0.0,GREEN,False
2026-08-24,S012,Loss of Taste,224,10,0,0,11,-1.0488314818657778,0.1481868684597175,-19.67789123301567,1,False,0.0,False,0,0.0,GREEN,False
2026-08-24,S013,Loss of Smell,220,10,0,0,11,-1.0698314811306333,0.3004270464795249,-21.847743735148505,1,False,0.0,False,0,0.0,GREEN,False
2026-08-24,S014,Muscle Pain,2909,10,0,0,10,-3.4441382263268094,-2.502440685714239,-16.814834939465598,0,False,0.0,False,0,0.0,GREEN,False
2026-08-24,S015,Joint Pain,1242,10,0,0,10,-2.109625203907069,-0.7714691056306098,-16.618905104302726,0,False,0.0,False,0,0.0,GREEN,False
2026-08-24,S018,Nausea,1080,10,0,0,10,-1.3560811860120645,0.6285610169353201,-11.301353173710542,1,False,0.0,False,0,0.0,GREEN,False
2026-08-24,S019,Vomiting,1431,10,0,0,9,-1.9443806516925684,-0.1868891487024907,-13.34933993094686,0,False,0.0,False,0,0.0,GREEN,False
2026-08-24,S020,Diarrhoea,1135,10,0,0,9,-1.6002492538314705,-0.7063784749755478,-12.085838063270094,0,False,0.0,False,0,0.0,GREEN,False
2026-08-24,S026,Anaemia,12,7,0,0,11,-0.36071120447391947,0.5855555636027701,-19.900345536424556,3,False,0.0,False,0,0.0,GREEN,False
