hospital_id,symptom,baseline_mean,baseline_std,baseline_min,baseline_max,baseline_days,recent_mean,absolute_change,relative_change,change_status,baseline_quality,baseline_end_date,baseline_start_date,recent_start_date,latest_observation_date
H001,Abdominal Pain,0.09001072763530675,0.016129580764966542,0.058823529411764705,0.13253012048192772,42,0.09162501315406982,0.0016142855187630673,0.017934368060034026,STABLE,ADEQUATE,2026-08-14,2026-07-04,2026-08-15,2026-08-29
H001,Anaemia,0.002438482802778184,0.0034417291075104013,0.0,0.0125,42,0.0011979525901187062,-0.0012405302126594776,-0.508730351202859,DECREASE,ADEQUATE,2026-08-14,2026-07-04,2026-08-15,2026-08-29
H001,Bleeding,0.0034122012215110744,0.005148871946528711,0.0,0.02127659574468085,42,0.0038005945016486996,0.00038839328013762523,0.11382484646249187,STABLE,ADEQUATE,2026-08-14,2026-07-04,2026-08-15,2026-08-29
H001,Breathlessness,0.01156344399447844,0.008976037740811781,0.0,0.04285714285714286,42,0.01115197548985016,-0.00041146850462828004,-0.03558356012488639,STABLE,ADEQUATE,2026-08-14,2026-07-04,2026-08-15,2026-08-29
H001,Chest Pain,0.0022648945689808164,0.003625687156007921,0.0,0.012269938650306749,42,0.0016092986244000873,-0.0006555959445807291,-0.28945980689765255,DECREASE,ADEQUATE,2026-08-14,2026-07-04,2026-08-15,2026-08-29
H001,Chills,0.12885841309033397,0.02889199687552374,0.08163265306122448,0.18562874251497005,42,0.1054981845930917,-0.023360228497242272,-0.18128601724177673,STABLE,ADEQUATE,2026-08-14,2026-07-04,2026-08-15,2026-08-29
H001,Dehydration,0.0045136159514600925,0.004746610917352791,0.0,0.02040816326530612,42,0.005493555457829658,0.0009799395063695652,0.2171074182890036,STABLE,ADEQUATE,2026-08-14,2026-07-04,2026-08-15,2026-08-29
H001,Diarrhoea,0.12845806329236556,0.023241408654827843,0.07857142857142857,0.1927710843373494,42,0.1322579250643572,0.0037998617719916528,0.029580562516681536,STABLE,ADEQUATE,2026-08-14,2026-07-04,2026-08-15,2026-08-29
H001,Dry Cough,0.45465078095261546,0.034117984555963106,0.3724137931034483,0.5285714285714286,42,0.4809058494688538,0.026255068516238322,0.05774776953253419,STABLE,ADEQUATE,2026-08-14,2026-07-04,2026-08-15,2026-08-29
H001,Fatigue,0.21242481020978046,0.03276782696547827,0.14743589743589744,0.31901840490797545,42,0.2095637500175184,-0.002861060192262066,-0.013468578314541608,STABLE,ADEQUATE,2026-08-14,2026-07-04,2026-08-15,2026-08-29
H001,Fever,0.8704599419724866,0.021664836743849662,0.8253012048192772,0.9113924050632911,42,0.8674118730250863,-0.0030480689474002842,-0.0035016762982720087,STABLE,ADEQUATE,2026-08-14,2026-07-04,2026-08-15,2026-08-29
H001,Headache,0.44378662530223695,0.03968004328248435,0.3691275167785235,0.5620915032679739,42,0.4428604523404797,-0.0009261729617572323,-0.0020869780857556723,STABLE,ADEQUATE,2026-08-14,2026-07-04,2026-08-15,2026-08-29
H001,Joint Pain,0.14501543233501998,0.02369884194548657,0.09285714285714286,0.1962025316455696,42,0.15444627096473426,0.009430838629714278,0.06503334491964143,STABLE,ADEQUATE,2026-08-14,2026-07-04,2026-08-15,2026-08-29
H001,Loss of Appetite,0.03773061087131369,0.014136212209144485,0.013071895424836602,0.07142857142857142,42,0.03510853140625899,-0.0026220794650547025,-0.06949475252329536,STABLE,ADEQUATE,2026-08-14,2026-07-04,2026-08-15,2026-08-29
H001,Loss of Smell,0.03390818095919179,0.017258064113922018,0.006172839506172839,0.08571428571428572,42,0.037877369899676556,0.003969188940484765,0.11705697056594248,STABLE,ADEQUATE,2026-08-14,2026-07-04,2026-08-15,2026-08-29
H001,Loss of Taste,0.03290503686239498,0.014569786820151857,0.006711409395973154,0.07142857142857142,42,0.03364339765585167,0.0007383607934566896,0.022439141963111246,STABLE,ADEQUATE,2026-08-14,2026-07-04,2026-08-15,2026-08-29
H001,Muscle Pain,0.3912276739293624,0.03714457705521714,0.30120481927710846,0.45569620253164556,42,0.39487629721703565,0.003648623287673236,0.009326086907471704,STABLE,ADEQUATE,2026-08-14,2026-07-04,2026-08-15,2026-08-29
H001,Nausea,0.12090861642411875,0.025777729849862045,0.0736196319018405,0.18072289156626506,42,0.12666776629827123,0.005759149874152478,0.04763225355214343,STABLE,ADEQUATE,2026-08-14,2026-07-04,2026-08-15,2026-08-29
H001,Night Sweats,0.011822003751330428,0.008034420816793448,0.0,0.033783783783783786,42,0.009863451211579182,-0.001958552539751246,-0.1656700996673964,STABLE,ADEQUATE,2026-08-14,2026-07-04,2026-08-15,2026-08-29
H001,Persistent Cough,0.03370426256791385,0.01535538828243072,0.0,0.06626506024096386,42,0.026253691455534578,-0.007450571112379269,-0.22105723563500082,STABLE,ADEQUATE,2026-08-14,2026-07-04,2026-08-15,2026-08-29
H001,Rash,0.05264502040827815,0.01269995041616631,0.024096385542168676,0.08275862068965517,42,0.04785141901392711,-0.0047936013943510394,-0.09105517211647374,STABLE,ADEQUATE,2026-08-14,2026-07-04,2026-08-15,2026-08-29
H001,Retro-orbital Pain,0.10924318435528764,0.024638553325521974,0.04294478527607362,0.16455696202531644,42,0.10622426404999649,-0.003018920305291148,-0.02763486182783562,STABLE,ADEQUATE,2026-08-14,2026-07-04,2026-08-15,2026-08-29
H001,Runny Nose,0.18248609619594264,0.02871046947866611,0.12048192771084337,0.25477707006369427,42,0.19501159219846756,0.012525496002524922,0.06863808401641622,STABLE,ADEQUATE,2026-08-14,2026-07-04,2026-08-15,2026-08-29
H001,Sore Throat,0.2897124011180021,0.03176860967993183,0.2119205298013245,0.37857142857142856,42,0.29207346290960257,0.0023610617916004495,0.008149674582410336,STABLE,ADEQUATE,2026-08-14,2026-07-04,2026-08-15,2026-08-29
H001,Sweating,0.12885841309033397,0.02889199687552374,0.08163265306122448,0.18562874251497005,42,0.1054981845930917,-0.023360228497242272,-0.18128601724177673,STABLE,ADEQUATE,2026-08-14,2026-07-04,2026-08-15,2026-08-29
H001,Vomiting,0.16730700641408425,0.027722875832203866,0.10714285714285714,0.25301204819277107,42,0.16378669813101462,-0.003520308283069623,-0.021041009330815905,STABLE,ADEQUATE,2026-08-14,2026-07-04,2026-08-15,2026-08-29
H001,Weight Loss,0.004231318601571547,0.0051851053224431475,0.0,0.013513513513513514,42,0.004630242247875471,0.0003989236463039234,0.09427880144873983,STABLE,ADEQUATE,2026-08-14,2026-07-04,2026-08-15,2026-08-29
H002,Abdominal Pain,0.09627123566672675,0.023230820572091693,0.03508771929824561,0.14049586776859505,42,0.10226389269050358,0.005992657023776826,0.06224763796033842,STABLE,ADEQUATE,2026-08-14,2026-07-04,2026-08-15,2026-08-29
H002,Anaemia,0.0018927497517213958,0.0038685584786252794,0.0,0.016129032258064516,42,0.0021162042693822834,0.00022345451766088756,0.11805814131406583,STABLE,ADEQUATE,2026-08-14,2026-07-04,2026-08-15,2026-08-29
H002,Bleeding,0.005093832497903244,0.006467982554792717,0.0,0.021739130434782608,42,0.004191276048160107,-0.0009025564497431374,-0.17718612657849536,STABLE,ADEQUATE,2026-08-14,2026-07-04,2026-08-15,2026-08-29
H002,Breathlessness,0.012464920907176389,0.007745288049841609,0.0,0.029850746268656716,42,0.0068501402107485655,-0.005614780696427823,-0.4504465562388963,DECREASE,ADEQUATE,2026-08-14,2026-07-04,2026-08-15,2026-08-29
H002,Chest Pain,0.0032377703327796494,0.0059917400965564405,0.0,0.02631578947368421,42,0.0016114672364672365,-0.0016263030963124129,-0.5022910611810504,DECREASE,ADEQUATE,2026-08-14,2026-07-04,2026-08-15,2026-08-29
H002,Chills,0.11517092992505401,0.027579225202683546,0.06666666666666667,0.20175438596491227,42,0.11603042452757656,0.0008594946025225481,0.007462773836087396,STABLE,ADEQUATE,2026-08-14,2026-07-04,2026-08-15,2026-08-29
H002,Dehydration,0.004580035600998171,0.0062918281168390525,0.0,0.02631578947368421,42,0.004961536314872023,0.0003815007138738523,0.08329645162380576,STABLE,ADEQUATE,2026-08-14,2026-07-04,2026-08-15,2026-08-29
H002,Diarrhoea,0.13353288475804068,0.025144892855783384,0.06140350877192982,0.19834710743801653,42,0.14779242679776156,0.01425954203972088,0.10678674444545198,STABLE,ADEQUATE,2026-08-14,2026-07-04,2026-08-15,2026-08-29
H002,Dry Cough,0.43811072870820505,0.04450145019445897,0.3333333333333333,0.5431034482758621,42,0.4309965682970345,-0.007114160411170578,-0.016238270247677097,STABLE,ADEQUATE,2026-08-14,2026-07-04,2026-08-15,2026-08-29
H002,Fatigue,0.20472766003020895,0.0324866189269723,0.13385826771653545,0.2846715328467153,42,0.20257412448777573,-0.0021535355424332214,-0.010519025822477787,STABLE,ADEQUATE,2026-08-14,2026-07-04,2026-08-15,2026-08-29
H002,Fever,0.8687452665868886,0.025729462063183755,0.8181818181818182,0.9298245614035088,42,0.8558365035236882,-0.012908763063200324,-0.014859088802769597,STABLE,ADEQUATE,2026-08-14,2026-07-04,2026-08-15,2026-08-29
H002,Headache,0.43833148285707163,0.04154320954155136,0.3643410852713178,0.5275590551181102,42,0.4377258059207462,-0.0006056769363254055,-0.0013817783116502741,STABLE,ADEQUATE,2026-08-14,2026-07-04,2026-08-15,2026-08-29
H002,Joint Pain,0.16737835422780828,0.030208369138097903,0.09482758620689655,0.22608695652173913,42,0.1674280745036643,4.97202758560078e-05,0.00029705320072831296,STABLE,ADEQUATE,2026-08-14,2026-07-04,2026-08-15,2026-08-29
H002,Loss of Appetite,0.036394401030072535,0.01642380830068766,0.0,0.06766917293233082,42,0.0415614081269239,0.0051670070968513684,0.14197258233709886,STABLE,ADEQUATE,2026-08-14,2026-07-04,2026-08-15,2026-08-29
H002,Loss of Smell,0.032806482245014625,0.015454319420576401,0.007518796992481203,0.06201550387596899,42,0.02610606547263779,-0.006700416772376833,-0.2042406351993149,STABLE,ADEQUATE,2026-08-14,2026-07-04,2026-08-15,2026-08-29
H002,Loss of Taste,0.03175556810080156,0.015491537860980282,0.0,0.06976744186046512,42,0.024346363370769075,-0.007409204730032485,-0.2333198608355385,STABLE,ADEQUATE,2026-08-14,2026-07-04,2026-08-15,2026-08-29
H002,Muscle Pain,0.41176468775135816,0.03864268655827972,0.32116788321167883,0.49166666666666664,42,0.39011204007364003,-0.02165264767771813,-0.0525850038184745,STABLE,ADEQUATE,2026-08-14,2026-07-04,2026-08-15,2026-08-29
H002,Nausea,0.12738258205523612,0.03269344390523506,0.058333333333333334,0.1951219512195122,42,0.13814712046400293,0.010764538408766816,0.08450557552757924,STABLE,ADEQUATE,2026-08-14,2026-07-04,2026-08-15,2026-08-29
H002,Night Sweats,0.012584473950972579,0.009729486572278498,0.0,0.03508771929824561,42,0.013992441413154302,0.001407967462181723,0.11188131245429687,STABLE,ADEQUATE,2026-08-14,2026-07-04,2026-08-15,2026-08-29
H002,Persistent Cough,0.03220229045705002,0.016172712359346364,0.0,0.06504065040650407,42,0.03244831286805054,0.0002460224110005238,0.007639904103363627,STABLE,ADEQUATE,2026-08-14,2026-07-04,2026-08-15,2026-08-29
H002,Rash,0.05524160965349689,0.0184391700149561,0.014705882352941176,0.09230769230769231,42,0.054408620748065926,-0.0008329889054309661,-0.015079012191279195,STABLE,ADEQUATE,2026-08-14,2026-07-04,2026-08-15,2026-08-29
H002,Retro-orbital Pain,0.12651303305479603,0.030356538785022553,0.06896551724137931,0.2,42,0.12396533159324144,-0.0025477014615545857,-0.020137857737163815,STABLE,ADEQUATE,2026-08-14,2026-07-04,2026-08-15,2026-08-29
H002,Runny Nose,0.17340570044531467,0.03662985443384414,0.07142857142857142,0.23728813559322035,42,0.1819062948476957,0.008500594402381018,0.049021424212416655,STABLE,ADEQUATE,2026-08-14,2026-07-04,2026-08-15,2026-08-29
H002,Sore Throat,0.28301624267432984,0.0388701213258328,0.21428571428571427,0.39416058394160586,42,0.27561582649606164,-0.007400416178268199,-0.026148379712552208,STABLE,ADEQUATE,2026-08-14,2026-07-04,2026-08-15,2026-08-29
H002,Sweating,0.11517092992505401,0.027579225202683546,0.06666666666666667,0.20175438596491227,42,0.11603042452757656,0.0008594946025225481,0.007462773836087396,STABLE,ADEQUATE,2026-08-14,2026-07-04,2026-08-15,2026-08-29
H002,Vomiting,0.17353960269474072,0.03079536949007641,0.11194029850746269,0.2396694214876033,42,0.1862621787934671,0.012722576098726374,0.07331223479349329,STABLE,ADEQUATE,2026-08-14,2026-07-04,2026-08-15,2026-08-29
H002,Weight Loss,0.004182744389113838,0.006314368000180878,0.0,0.02631578947368421,42,0.0038346818600613667,-0.0003480625290524712,-0.08321391332407291,STABLE,ADEQUATE,2026-08-14,2026-07-04,2026-08-15,2026-08-29
H003,Abdominal Pain,0.09462619699738324,0.026875354128397002,0.030864197530864196,0.15436241610738255,42,0.09611091134980652,0.001484714352423283,0.01569030986698473,STABLE,ADEQUATE,2026-08-14,2026-07-04,2026-08-15,2026-08-29
H003,Anaemia,0.0026829459602933287,0.0042208827391521766,0.0,0.014388489208633094,42,0.0012314181544950777,-0.001451527805798251,-0.5410201425151159,DECREASE,ADEQUATE,2026-08-14,2026-07-04,2026-08-15,2026-08-29
H003,Bleeding,0.0038353223016181354,0.004942544506094806,0.0,0.013793103448275862,42,0.0017547164769386992,-0.002080605824679436,-0.5424852622689941,DECREASE,ADEQUATE,2026-08-14,2026-07-04,2026-08-15,2026-08-29
H003,Breathlessness,0.009306962056408338,0.008815158411022837,0.0,0.039735099337748346,42,0.007652850581473828,-0.00165411147493451,-0.17772839997725856,STABLE,ADEQUATE,2026-08-14,2026-07-04,2026-08-15,2026-08-29
H003,Chest Pain,0.0016934497515359462,0.00288524638996401,0.0,0.007194244604316547,42,0.002532194539356352,0.0008387447878204057,0.49528767361397674,MODERATE_INCREASE,ADEQUATE,2026-08-14,2026-07-04,2026-08-15,2026-08-29
H003,Chills,0.14803254429983312,0.026406329054229398,0.1,0.2158273381294964,42,0.14088908255847804,-0.007143461741355078,-0.04825602218175974,STABLE,ADEQUATE,2026-08-14,2026-07-04,2026-08-15,2026-08-29
H003,Dehydration,0.004460520306611954,0.005042108340033481,0.0,0.014388489208633094,42,0.004198440850004198,-0.0002620794566077561,-0.05875535556228012,STABLE,ADEQUATE,2026-08-14,2026-07-04,2026-08-15,2026-08-29
H003,Diarrhoea,0.13985068299271516,0.026540277171356947,0.09259259259259259,0.20134228187919462,42,0.14336725964045724,0.0035165766477420757,0.02514522326591179,STABLE,ADEQUATE,2026-08-14,2026-07-04,2026-08-15,2026-08-29
H003,Dry Cough,0.36656008181015426,0.046670294014137303,0.2785714285714286,0.4642857142857143,42,0.3760794342739449,0.009519352463790653,0.02596941930169264,STABLE,ADEQUATE,2026-08-14,2026-07-04,2026-08-15,2026-08-29
H003,Fatigue,0.1913253156959877,0.03895567925759274,0.12025316455696203,0.302158273381295,42,0.18381359491625526,-0.007511720779732445,-0.0392615099178429,STABLE,ADEQUATE,2026-08-14,2026-07-04,2026-08-15,2026-08-29
H003,Fever,0.860513027949889,0.027899173222983013,0.7975460122699386,0.920863309352518,42,0.8592620087059863,-0.0012510192439026957,-0.0014538062798225844,STABLE,ADEQUATE,2026-08-14,2026-07-04,2026-08-15,2026-08-29
H003,Headache,0.4494615046918908,0.040599386442717864,0.3625,0.5443786982248521,42,0.43107214072470046,-0.01838936396719032,-0.0409142135093335,STABLE,ADEQUATE,2026-08-14,2026-07-04,2026-08-15,2026-08-29
H003,Joint Pain,0.19371548589855556,0.03684850417430536,0.12048192771084337,0.2662337662337662,42,0.18912496120023375,-0.004590524698321802,-0.023697252065463453,STABLE,ADEQUATE,2026-08-14,2026-07-04,2026-08-15,2026-08-29
H003,Loss of Appetite,0.03981066889852791,0.01587596056012193,0.013513513513513514,0.09333333333333334,42,0.0398678421522242,5.717325369628684e-05,0.0014361289392552997,STABLE,ADEQUATE,2026-08-14,2026-07-04,2026-08-15,2026-08-29
H003,Loss of Smell,0.02982427746289315,0.015435131841887516,0.0,0.06,42,0.02658529947930865,-0.003238977983584499,-0.10860206043933099,STABLE,ADEQUATE,2026-08-14,2026-07-04,2026-08-15,2026-08-29
H003,Loss of Taste,0.030828912484939956,0.015358416634908958,0.0,0.06622516556291391,42,0.028567074211079856,-0.0022618382738601,-0.0733674363299392,STABLE,ADEQUATE,2026-08-14,2026-07-04,2026-08-15,2026-08-29
H003,Muscle Pain,0.4082559967204127,0.044573919103075926,0.30625,0.49696969696969695,42,0.4054670453005182,-0.002788951419894492,-0.006831378944335407,STABLE,ADEQUATE,2026-08-14,2026-07-04,2026-08-15,2026-08-29
H003,Nausea,0.14004280061079294,0.022630602114877333,0.10071942446043165,0.18633540372670807,42,0.1325461692301267,-0.007496631380666252,-0.05353100157930214,STABLE,ADEQUATE,2026-08-14,2026-07-04,2026-08-15,2026-08-29
H003,Night Sweats,0.00850362544923895,0.008182404211834438,0.0,0.03225806451612903,42,0.010882976069944782,0.002379350620705831,0.27980425936078546,MODERATE_INCREASE,ADEQUATE,2026-08-14,2026-07-04,2026-08-15,2026-08-29
H003,Persistent Cough,0.02833231856822319,0.01700355399215066,0.005917159763313609,0.0967741935483871,42,0.0325673432259604,0.004235024657737212,0.1494768120561481,STABLE,ADEQUATE,2026-08-14,2026-07-04,2026-08-15,2026-08-29
H003,Rash,0.05344942252898782,0.019227336097552134,0.017964071856287425,0.09090909090909091,42,0.05295126140774312,-0.0004981611212446987,-0.009320233927214564,STABLE,ADEQUATE,2026-08-14,2026-07-04,2026-08-15,2026-08-29
H003,Retro-orbital Pain,0.14914056623071067,0.023630378183416227,0.09375,0.19480519480519481,42,0.1384431013347653,-0.010697464895945363,-0.0717273989653297,STABLE,ADEQUATE,2026-08-14,2026-07-04,2026-08-15,2026-08-29
H003,Runny Nose,0.1391578518736662,0.024706313337642966,0.07692307692307693,0.2,42,0.14266604497148705,0.0035081930978208553,0.025210169965872654,STABLE,ADEQUATE,2026-08-14,2026-07-04,2026-08-15,2026-08-29
H003,Sore Throat,0.22612245913533155,0.03670103339692352,0.15483870967741936,0.304635761589404,42,0.2316914740989578,0.005569014963626245,0.024628314166233515,STABLE,ADEQUATE,2026-08-14,2026-07-04,2026-08-15,2026-08-29
H003,Sweating,0.14803254429983312,0.026406329054229398,0.1,0.2158273381294964,42,0.14088908255847804,-0.007143461741355078,-0.04825602218175974,STABLE,ADEQUATE,2026-08-14,2026-07-04,2026-08-15,2026-08-29
H003,Vomiting,0.18315251985856099,0.026950193270437996,0.12857142857142856,0.24539877300613497,42,0.1723714811064602,-0.010781038752100791,-0.058863720577944645,STABLE,ADEQUATE,2026-08-14,2026-07-04,2026-08-15,2026-08-29
H003,Weight Loss,0.002473085855143129,0.004061262927590096,0.0,0.013793103448275862,42,0.0033502212381418587,0.0008771353829987298,0.35467243531986714,MODERATE_INCREASE,ADEQUATE,2026-08-14,2026-07-04,2026-08-15,2026-08-29
H004,Abdominal Pain,0.10353147755431143,0.025870110494246146,0.056338028169014086,0.17105263157894737,42,0.10876148296208911,0.0052300054077776825,0.050516089708408554,STABLE,ADEQUATE,2026-08-14,2026-07-04,2026-08-15,2026-08-29
H004,Anaemia,0.0011722800810998728,0.003113023395592223,0.0,0.014705882352941176,42,0.0022769996887643945,0.0011047196076645217,0.9423683174997193,HIGH_INCREASE,ADEQUATE,2026-08-14,2026-07-04,2026-08-15,2026-08-29
H004,Bleeding,0.0032822687275823517,0.00511052652891787,0.0,0.02040816326530612,42,0.001386580732218316,-0.0018956879953640356,-0.5775541714283579,DECREASE,ADEQUATE,2026-08-14,2026-07-04,2026-08-15,2026-08-29
H004,Breathlessness,0.011022689119671301,0.007390791803960806,0.0,0.02857142857142857,42,0.013215574397039768,0.002192885277368467,0.19894285809576195,STABLE,ADEQUATE,2026-08-14,2026-07-04,2026-08-15,2026-08-29
H004,Chest Pain,0.0022872035935721634,0.0036317241732889893,0.0,0.014084507042253521,42,0.0009718688153802657,-0.0013153347781918977,-0.5750842565517321,DECREASE,ADEQUATE,2026-08-14,2026-07-04,2026-08-15,2026-08-29
H004,Chills,0.12590390078015828,0.03116671329589627,0.0763888888888889,0.22137404580152673,42,0.11600676361500069,-0.009897137165157596,-0.07860866187489345,STABLE,ADEQUATE,2026-08-14,2026-07-04,2026-08-15,2026-08-29
H004,Dehydration,0.0050956967724245334,0.005034307651562067,0.0,0.014705882352941176,42,0.005999264450215127,0.0009035676777905937,0.17731975000558678,STABLE,ADEQUATE,2026-08-14,2026-07-04,2026-08-15,2026-08-29
H004,Diarrhoea,0.149930999077651,0.03064402320287748,0.09090909090909091,0.2236842105263158,42,0.1520324740941656,0.002101475016514587,0.014016281018885284,STABLE,ADEQUATE,2026-08-14,2026-07-04,2026-08-15,2026-08-29
H004,Dry Cough,0.4198225961473139,0.048460313207092674,0.33112582781456956,0.5294117647058824,42,0.42288156784547104,0.0030589716981571646,0.00728634362759213,STABLE,ADEQUATE,2026-08-14,2026-07-04,2026-08-15,2026-08-29
H004,Fatigue,0.20440718933329574,0.03455168499478911,0.13157894736842105,0.27205882352941174,42,0.21670894431763316,0.012301754984337415,0.06018259447948679,STABLE,ADEQUATE,2026-08-14,2026-07-04,2026-08-15,2026-08-29
H004,Fever,0.8539233443038893,0.02847664158227777,0.7894736842105263,0.9025974025974026,42,0.8474382554979748,-0.006485088805914474,-0.007594462487966131,STABLE,ADEQUATE,2026-08-14,2026-07-04,2026-08-15,2026-08-29
H004,Headache,0.4180427917767903,0.041483532612088564,0.3469387755102041,0.4868421052631579,42,0.42963506979310717,0.011592278016316848,0.027729883744787607,STABLE,ADEQUATE,2026-08-14,2026-07-04,2026-08-15,2026-08-29
H004,Joint Pain,0.16333776370102973,0.033655360911133046,0.08441558441558442,0.25165562913907286,42,0.16018751070347673,-0.0031502529975530047,-0.019286740103281727,STABLE,ADEQUATE,2026-08-14,2026-07-04,2026-08-15,2026-08-29
H004,Loss of Appetite,0.03710024677136323,0.013839631009111855,0.013605442176870748,0.07236842105263158,42,0.030368321098328217,-0.006731925673035009,-0.18145231525066885,STABLE,ADEQUATE,2026-08-14,2026-07-04,2026-08-15,2026-08-29
H004,Loss of Smell,0.032426886922147895,0.016162377561640042,0.01282051282051282,0.06716417910447761,42,0.035969867441860336,0.003542980519712441,0.10926058144954238,STABLE,ADEQUATE,2026-08-14,2026-07-04,2026-08-15,2026-08-29
H004,Loss of Taste,0.032159954812890794,0.016209123712694385,0.00641025641025641,0.06711409395973154,42,0.03572357785393264,0.0035636230410418454,0.1108093298568139,STABLE,ADEQUATE,2026-08-14,2026-07-04,2026-08-15,2026-08-29
H004,Muscle Pain,0.3856030321816061,0.045416338212455824,0.26973684210526316,0.48026315789473684,42,0.3805775649415494,-0.005025467240056702,-0.013032748242731339,STABLE,ADEQUATE,2026-08-14,2026-07-04,2026-08-15,2026-08-29
H004,Nausea,0.1348686635548884,0.02666084704029056,0.07857142857142857,0.19718309859154928,42,0.14688697852174457,0.012018314966856153,0.0891112483068758,STABLE,ADEQUATE,2026-08-14,2026-07-04,2026-08-15,2026-08-29
H004,Night Sweats,0.008889628684439174,0.005968455545606529,0.0,0.02158273381294964,42,0.010169275056321876,0.0012796463718827023,0.14394823645701377,STABLE,ADEQUATE,2026-08-14,2026-07-04,2026-08-15,2026-08-29
H004,Persistent Cough,0.028515627569208408,0.011385097645062915,0.007042253521126761,0.060810810810810814,42,0.034732726461253166,0.006217098892044758,0.21802427026919347,STABLE,ADEQUATE,2026-08-14,2026-07-04,2026-08-15,2026-08-29
H004,Rash,0.05328005430615183,0.020126248478967625,0.0196078431372549,0.1323529411764706,42,0.05503476973096618,0.0017547154248143473,0.03293381449522554,STABLE,ADEQUATE,2026-08-14,2026-07-04,2026-08-15,2026-08-29
H004,Retro-orbital Pain,0.1239408479038507,0.030852596204693026,0.06535947712418301,0.19736842105263158,42,0.12497462091091543,0.0010337730070647394,0.008340857954003245,STABLE,ADEQUATE,2026-08-14,2026-07-04,2026-08-15,2026-08-29
H004,Runny Nose,0.15622444303630992,0.025444440504466478,0.09933774834437085,0.21428571428571427,42,0.14687071118086797,-0.009353731855441944,-0.059873677086932774,STABLE,ADEQUATE,2026-08-14,2026-07-04,2026-08-15,2026-08-29
H004,Sore Throat,0.2724486931009466,0.04331749235965287,0.18421052631578946,0.36428571428571427,42,0.2806688499514991,0.008220156850552496,0.030171393949417095,STABLE,ADEQUATE,2026-08-14,2026-07-04,2026-08-15,2026-08-29
H004,Sweating,0.12590390078015828,0.03116671329589627,0.0763888888888889,0.22137404580152673,42,0.11600676361500069,-0.009897137165157596,-0.07860866187489345,STABLE,ADEQUATE,2026-08-14,2026-07-04,2026-08-15,2026-08-29
H004,Vomiting,0.18790409985024695,0.030241332009623055,0.13636363636363635,0.25,42,0.19305927234769865,0.005155172497451704,0.027435125159909753,STABLE,ADEQUATE,2026-08-14,2026-07-04,2026-08-15,2026-08-29
H004,Weight Loss,0.003941762276465253,0.004072263671743539,0.0,0.014084507042253521,42,0.00326068011454782,-0.000681082161917433,-0.17278620935207398,STABLE,ADEQUATE,2026-08-14,2026-07-04,2026-08-15,2026-08-29
H005,Abdominal Pain,0.11211167484384915,0.03604907148013207,0.0472972972972973,0.21705426356589147,42,0.12024134332631901,0.008129668482469862,0.07251402223535584,STABLE,ADEQUATE,2026-08-14,2026-07-04,2026-08-15,2026-08-29
H005,Anaemia,0.0025807073727351338,0.004253428883168095,0.0,0.016129032258064516,42,0.0029449147564026153,0.00036420738366748154,0.14112695903274008,STABLE,ADEQUATE,2026-08-14,2026-07-04,2026-08-15,2026-08-29
H005,Bleeding,0.0030045704025850745,0.00440828597909197,0.0,0.015625,42,0.003311448926634374,0.0003068785240492996,0.10213723858334864,STABLE,ADEQUATE,2026-08-14,2026-07-04,2026-08-15,2026-08-29
H005,Breathlessness,0.006592013260802702,0.0065378847812250125,0.0,0.02702702702702703,42,0.008406037387837132,0.0018140241270344299,0.2751851453062062,MODERATE_INCREASE,ADEQUATE,2026-08-14,2026-07-04,2026-08-15,2026-08-29
H005,Chest Pain,0.002102203473095377,0.0037284451773860077,0.0,0.014388489208633094,42,0.0024024362734040156,0.0003002328003086385,0.14281814493749384,STABLE,ADEQUATE,2026-08-14,2026-07-04,2026-08-15,2026-08-29
H005,Chills,0.12234005098004934,0.02710342644854866,0.06976744186046512,0.18309859154929578,42,0.12983723254610838,0.0074971815660590385,0.06128149780877274,STABLE,ADEQUATE,2026-08-14,2026-07-04,2026-08-15,2026-08-29
H005,Dehydration,0.004588579032176917,0.004921454165015023,0.0,0.015625,42,0.0044621744796842465,-0.00012640455249267064,-0.02754764636421696,STABLE,ADEQUATE,2026-08-14,2026-07-04,2026-08-15,2026-08-29
H005,Diarrhoea,0.1638817310144573,0.037919342652715786,0.0859375,0.24475524475524477,42,0.16820937022117566,0.004327639206718359,0.026407087476618022,STABLE,ADEQUATE,2026-08-14,2026-07-04,2026-08-15,2026-08-29
H005,Dry Cough,0.39353333316408945,0.03555291143233805,0.2890625,0.4782608695652174,42,0.3864149935330176,-0.007118339631071835,-0.01808827621751609,STABLE,ADEQUATE,2026-08-14,2026-07-04,2026-08-15,2026-08-29
H005,Fatigue,0.19513151502592538,0.033078649391378244,0.12837837837837837,0.25547445255474455,42,0.18227228756483665,-0.012859227461088724,-0.06590031066678406,STABLE,ADEQUATE,2026-08-14,2026-07-04,2026-08-15,2026-08-29
H005,Fever,0.8394104334448701,0.03674370007552272,0.7692307692307693,0.9140625,42,0.8403389497700723,0.0009285163252021889,0.0011061529476011343,STABLE,ADEQUATE,2026-08-14,2026-07-04,2026-08-15,2026-08-29
H005,Headache,0.4281280774595394,0.041674517919892254,0.3358208955223881,0.5365853658536586,42,0.42161623507653834,-0.006511842383001065,-0.015210033459243214,STABLE,ADEQUATE,2026-08-14,2026-07-04,2026-08-15,2026-08-29
H005,Joint Pain,0.1663978766934211,0.03229196632832147,0.07092198581560284,0.22448979591836735,42,0.15508333566243515,-0.011314541030985947,-0.0679969075076142,STABLE,ADEQUATE,2026-08-14,2026-07-04,2026-08-15,2026-08-29
H005,Loss of Appetite,0.040515651616351345,0.01946295352520546,0.007246376811594203,0.07142857142857142,42,0.0409729201064555,0.00045726849010415543,0.01128621833443771,STABLE,ADEQUATE,2026-08-14,2026-07-04,2026-08-15,2026-08-29
H005,Loss of Smell,0.02728848660818839,0.014393890272574952,0.0,0.05333333333333334,42,0.028718627473049308,0.0014301408648609189,0.052408214694902866,STABLE,ADEQUATE,2026-08-14,2026-07-04,2026-08-15,2026-08-29
H005,Loss of Taste,0.028446986633194955,0.016273537115966335,0.0,0.06382978723404255,42,0.026848703547327345,-0.0015982830858676106,-0.056184618303387,STABLE,ADEQUATE,2026-08-14,2026-07-04,2026-08-15,2026-08-29
H005,Muscle Pain,0.39059154796974643,0.0366723914801067,0.30597014925373134,0.4596774193548387,42,0.38010048180569245,-0.010491066164053986,-0.026859429546249626,STABLE,ADEQUATE,2026-08-14,2026-07-04,2026-08-15,2026-08-29
H005,Nausea,0.1471882186140476,0.02834882820610566,0.0975609756097561,0.23776223776223776,42,0.16585914981461553,0.018670931200567925,0.12685071792006847,STABLE,ADEQUATE,2026-08-14,2026-07-04,2026-08-15,2026-08-29
H005,Night Sweats,0.010170318162253394,0.008318456763596343,0.0,0.029197080291970802,42,0.012683553066654895,0.002513234904401501,0.2471146786468531,STABLE,ADEQUATE,2026-08-14,2026-07-04,2026-08-15,2026-08-29
H005,Persistent Cough,0.032382558381507914,0.014683537312404245,0.007575757575757576,0.08108108108108109,42,0.0339937712826238,0.001611212901115884,0.04975557774446779,STABLE,ADEQUATE,2026-08-14,2026-07-04,2026-08-15,2026-08-29
H005,Rash,0.0492942642349058,0.021019084528917376,0.006944444444444444,0.08843537414965986,42,0.05815552740095759,0.008861263166051792,0.1797625606870715,STABLE,ADEQUATE,2026-08-14,2026-07-04,2026-08-15,2026-08-29
H005,Retro-orbital Pain,0.13518968104710877,0.0272342084622471,0.06716417910447761,0.1774193548387097,42,0.13248494042400066,-0.002704740623108104,-0.02000700498853606,STABLE,ADEQUATE,2026-08-14,2026-07-04,2026-08-15,2026-08-29
H005,Runny Nose,0.15493132116977668,0.028041597136545422,0.08450704225352113,0.20270270270270271,42,0.1550554597986147,0.00012413862883803306,0.0008012494045797208,STABLE,ADEQUATE,2026-08-14,2026-07-04,2026-08-15,2026-08-29
H005,Sore Throat,0.24855402193369533,0.04019487380809124,0.1640625,0.34459459459459457,42,0.25249463310110576,0.003940611167410429,0.015854143645527622,STABLE,ADEQUATE,2026-08-14,2026-07-04,2026-08-15,2026-08-29
H005,Sweating,0.12234005098004934,0.02710342644854866,0.06976744186046512,0.18309859154929578,42,0.12983723254610838,0.0074971815660590385,0.06128149780877274,STABLE,ADEQUATE,2026-08-14,2026-07-04,2026-08-15,2026-08-29
H005,Vomiting,0.20606945889752415,0.03737695340832089,0.12162162162162163,0.291970802919708,42,0.21419352868143376,0.008124069783909615,0.039423939031885444,STABLE,ADEQUATE,2026-08-14,2026-07-04,2026-08-15,2026-08-29
H005,Weight Loss,0.002929622254804208,0.004214202623187599,0.0,0.014388489208633094,42,0.0066459531942015225,0.0037163309393973146,1.2685358780651685,HIGH_INCREASE,ADEQUATE,2026-08-14,2026-07-04,2026-08-15,2026-08-29
H006,Abdominal Pain,0.1107137223833899,0.02698873209036403,0.04504504504504504,0.19230769230769232,42,0.10280626332821302,-0.007907459055176883,-0.07142257422972546,STABLE,ADEQUATE,2026-08-14,2026-07-04,2026-08-15,2026-08-29
H006,Anaemia,0.002449639599390347,0.004641536133460541,0.0,0.018518518518518517,42,0.0024637469998294737,1.4107400439126918e-05,0.0057589697858566186,STABLE,ADEQUATE,2026-08-14,2026-07-04,2026-08-15,2026-08-29
H006,Bleeding,0.002261969829718077,0.004679916179561934,0.0,0.02040816326530612,42,0.005204061348736187,0.0029420915190181097,1.3006767289132235,HIGH_INCREASE,ADEQUATE,2026-08-14,2026-07-04,2026-08-15,2026-08-29
H006,Breathlessness,0.008158349528462203,0.00909521971297653,0.0,0.0380952380952381,42,0.01125889607644228,0.003100546547980077,0.38004580916313235,MODERATE_INCREASE,ADEQUATE,2026-08-14,2026-07-04,2026-08-15,2026-08-29
H006,Chest Pain,0.004817167139658569,0.00616116433545788,0.0,0.018867924528301886,42,0.002464340245260478,-0.0023528268943980913,-0.48842542228353214,DECREASE,ADEQUATE,2026-08-14,2026-07-04,2026-08-15,2026-08-29
H006,Chills,0.1361174487097442,0.03588828890444451,0.05042016806722689,0.20754716981132076,42,0.12626383308270236,-0.009853615627041845,-0.07239054008464131,STABLE,ADEQUATE,2026-08-14,2026-07-04,2026-08-15,2026-08-29
H006,Dehydration,0.005277803266480936,0.006935751296644692,0.0,0.03,42,0.004420569470825158,-0.000857233795655778,-0.16242246108338804,STABLE,ADEQUATE,2026-08-14,2026-07-04,2026-08-15,2026-08-29
H006,Diarrhoea,0.15641590513627873,0.03250338588149982,0.061224489795918366,0.25,42,0.1447883566127768,-0.011627548523501924,-0.07433737965056252,STABLE,ADEQUATE,2026-08-14,2026-07-04,2026-08-15,2026-08-29
H006,Dry Cough,0.38558289811073526,0.0500872902356851,0.29245283018867924,0.5294117647058824,42,0.3952641826121392,0.00968128450140393,0.025108179197884366,STABLE,ADEQUATE,2026-08-14,2026-07-04,2026-08-15,2026-08-29
H006,Fatigue,0.2048329344849717,0.035616850146462514,0.10526315789473684,0.27586206896551724,42,0.2116921627747421,0.006859228289770397,0.03348694050113142,STABLE,ADEQUATE,2026-08-14,2026-07-04,2026-08-15,2026-08-29
H006,Fever,0.841700576856064,0.03331476550300791,0.7672413793103449,0.9387755102040817,42,0.8531446369004907,0.011444060044426663,0.01359635523498479,STABLE,ADEQUATE,2026-08-14,2026-07-04,2026-08-15,2026-08-29
H006,Headache,0.42980041111495393,0.046293158836661435,0.3217391304347826,0.5225225225225225,42,0.4370488253899912,0.0072484142750372516,0.016864605262321627,STABLE,ADEQUATE,2026-08-14,2026-07-04,2026-08-15,2026-08-29
H006,Joint Pain,0.16809197547561808,0.03747415263116292,0.10344827586206896,0.26666666666666666,42,0.16683304308049524,-0.0012589323951228415,-0.007489544884939799,STABLE,ADEQUATE,2026-08-14,2026-07-04,2026-08-15,2026-08-29
H006,Loss of Appetite,0.03973065198615803,0.018206345943336262,0.0,0.08080808080808081,42,0.03413880365176073,-0.005591848334397298,-0.14074393584946635,STABLE,ADEQUATE,2026-08-14,2026-07-04,2026-08-15,2026-08-29
H006,Loss of Smell,0.02954513584115898,0.015679148779983183,0.0,0.06862745098039216,42,0.03236307816323477,0.00281794232207579,0.09537753819192626,STABLE,ADEQUATE,2026-08-14,2026-07-04,2026-08-15,2026-08-29
H006,Loss of Taste,0.029004039836250512,0.014436616632951132,0.0,0.06862745098039216,42,0.03606793362629743,0.007063893790046915,0.24354861701776293,STABLE,ADEQUATE,2026-08-14,2026-07-04,2026-08-15,2026-08-29
H006,Muscle Pain,0.3756469232657464,0.05280979191423975,0.28448275862068967,0.46938775510204084,42,0.3929024958354987,0.017255572569752298,0.04593561533723803,STABLE,ADEQUATE,2026-08-14,2026-07-04,2026-08-15,2026-08-29
H006,Nausea,0.14834086785642667,0.03222329799438158,0.09183673469387756,0.23469387755102042,42,0.1328552900271666,-0.015485577829260078,-0.10439185136929335,STABLE,ADEQUATE,2026-08-14,2026-07-04,2026-08-15,2026-08-29
H006,Night Sweats,0.014846786475787814,0.011617857560388916,0.0,0.04310344827586207,42,0.014622081712774786,-0.00022470476301302868,-0.01513490905115918,STABLE,ADEQUATE,2026-08-14,2026-07-04,2026-08-15,2026-08-29
H006,Persistent Cough,0.04013879056382779,0.019648272948546076,0.008695652173913044,0.08547008547008547,42,0.039479339593218095,-0.0006594509706096957,-0.01642926857900842,STABLE,ADEQUATE,2026-08-14,2026-07-04,2026-08-15,2026-08-29
H006,Rash,0.05712743474064335,0.020561261820429243,0.0,0.0990990990990991,42,0.05508839465326365,-0.0020390400873796996,-0.035692834741081474,STABLE,ADEQUATE,2026-08-14,2026-07-04,2026-08-15,2026-08-29
H006,Retro-orbital Pain,0.13078596179768362,0.03190279268831464,0.06862745098039216,0.22,42,0.13621844356175436,0.00543248176407074,0.041537193207894854,STABLE,ADEQUATE,2026-08-14,2026-07-04,2026-08-15,2026-08-29
H006,Runny Nose,0.14780713710131888,0.03105883101646327,0.08490566037735849,0.20952380952380953,42,0.1507948608377297,0.002987723736410819,0.02021366352805273,STABLE,ADEQUATE,2026-08-14,2026-07-04,2026-08-15,2026-08-29
H006,Sore Throat,0.25234918582879284,0.040424557646116945,0.1836734693877551,0.33613445378151263,42,0.24067373587742302,-0.01167544995136982,-0.04626704030379186,STABLE,ADEQUATE,2026-08-14,2026-07-04,2026-08-15,2026-08-29
H006,Sweating,0.1361174487097442,0.03588828890444451,0.05042016806722689,0.20754716981132076,42,0.12626383308270236,-0.009853615627041845,-0.07239054008464131,STABLE,ADEQUATE,2026-08-14,2026-07-04,2026-08-15,2026-08-29
H006,Vomiting,0.20298806177041293,0.03493341686189645,0.11224489795918367,0.27358490566037735,42,0.18114496623438903,-0.0218430955360239,-0.10760778415003172,STABLE,ADEQUATE,2026-08-14,2026-07-04,2026-08-15,2026-08-29
H006,Weight Loss,0.006363431926384323,0.006575487839836829,0.0,0.019230769230769232,42,0.005459076668320897,-0.0009043552580634256,-0.14211753477141018,STABLE,ADEQUATE,2026-08-14,2026-07-04,2026-08-15,2026-08-29
H007,Abdominal Pain,0.09281815816282857,0.03253391102763441,0.011235955056179775,0.1568627450980392,42,0.09665193148784658,0.003833773325018011,0.04130413058070511,STABLE,ADEQUATE,2026-08-14,2026-07-04,2026-08-15,2026-08-29
H007,Anaemia,0.002508735428559485,0.005691410811385267,0.0,0.02247191011235955,42,0.002177454053721802,-0.00033128137483768314,-0.1320511406130637,STABLE,ADEQUATE,2026-08-14,2026-07-04,2026-08-15,2026-08-29
H007,Bleeding,0.0038504953389862234,0.005694374914820279,0.0,0.020202020202020204,42,0.0042211381364012585,0.00037064279741503506,0.096258471906791,STABLE,ADEQUATE,2026-08-14,2026-07-04,2026-08-15,2026-08-29
H007,Breathlessness,0.009719103091353352,0.009146979231108444,0.0,0.030927835051546393,42,0.013732860904564164,0.004013757813210813,0.41297615381625824,MODERATE_INCREASE,ADEQUATE,2026-08-14,2026-07-04,2026-08-15,2026-08-29
H007,Chest Pain,0.0014627898143006314,0.0036303485043743967,0.0,0.01098901098901099,42,0.0014224643438126585,-4.0325470487972926e-05,-0.027567508396449135,STABLE,ADEQUATE,2026-08-14,2026-07-04,2026-08-15,2026-08-29
H007,Chills,0.12482969669181776,0.03587994425927044,0.044444444444444446,0.18888888888888888,42,0.11110600282314169,-0.01372369386867607,-0.10993933520929255,STABLE,ADEQUATE,2026-08-14,2026-07-04,2026-08-15,2026-08-29
H007,Dehydration,0.006013223367893945,0.006721342889257362,0.0,0.023255813953488372,42,0.002789402981218838,-0.0032238203866751074,-0.5361218417210085,DECREASE,ADEQUATE,2026-08-14,2026-07-04,2026-08-15,2026-08-29
H007,Diarrhoea,0.1313488761244348,0.040738495879168106,0.033707865168539325,0.22093023255813954,42,0.1301624660728252,-0.0011864100516096043,-0.009032510110597717,STABLE,ADEQUATE,2026-08-14,2026-07-04,2026-08-15,2026-08-29
H007,Dry Cough,0.44628487837657654,0.059601529054751815,0.3235294117647059,0.5544554455445545,42,0.4728963921822749,0.026611513805698372,0.05962898385108065,STABLE,ADEQUATE,2026-08-14,2026-07-04,2026-08-15,2026-08-29
H007,Fatigue,0.21901699887464107,0.04157880169578623,0.12121212121212122,0.30303030303030304,42,0.22913690656220337,0.010119907687562296,0.04620603761151268,STABLE,ADEQUATE,2026-08-14,2026-07-04,2026-08-15,2026-08-29
H007,Fever,0.863828058141062,0.03421037931493748,0.7954545454545454,0.9270833333333334,42,0.8702007332249599,0.0063726750838979385,0.007377249469775024,STABLE,ADEQUATE,2026-08-14,2026-07-04,2026-08-15,2026-08-29
H007,Headache,0.4430956928208141,0.047285272924994674,0.35353535353535354,0.5319148936170213,42,0.4404787939969166,-0.00261689882389754,-0.005905945073033697,STABLE,ADEQUATE,2026-08-14,2026-07-04,2026-08-15,2026-08-29
H007,Joint Pain,0.13996482965875293,0.032671346580085546,0.08247422680412371,0.23333333333333334,42,0.15104889966860338,0.011084070009850455,0.0791918229520547,STABLE,ADEQUATE,2026-08-14,2026-07-04,2026-08-15,2026-08-29
H007,Loss of Appetite,0.040520132134034534,0.01906312130342525,0.009900990099009901,0.10101010101010101,42,0.03951592116352098,-0.0010042109705135568,-0.024783013223939578,STABLE,ADEQUATE,2026-08-14,2026-07-04,2026-08-15,2026-08-29
H007,Loss of Smell,0.03186823344111779,0.021751970740570812,0.0,0.08888888888888889,42,0.04021735408748237,0.008349120646364581,0.2619888128342935,MODERATE_INCREASE,ADEQUATE,2026-08-14,2026-07-04,2026-08-15,2026-08-29
H007,Loss of Taste,0.03251656517480655,0.020947106246590245,0.0,0.09090909090909091,42,0.034011464275978266,0.0014948991011717178,0.045973462853018315,STABLE,ADEQUATE,2026-08-14,2026-07-04,2026-08-15,2026-08-29
H007,Muscle Pain,0.3908031041055044,0.05366317563110836,0.2777777777777778,0.532608695652174,42,0.4117930380109487,0.02098993390544429,0.05370974202850159,STABLE,ADEQUATE,2026-08-14,2026-07-04,2026-08-15,2026-08-29
H007,Nausea,0.1251069686124938,0.031023967040250282,0.06862745098039216,0.19767441860465115,42,0.12307150107123799,-0.002035467541255803,-0.016269817451659774,STABLE,ADEQUATE,2026-08-14,2026-07-04,2026-08-15,2026-08-29
H007,Night Sweats,0.013337447945859907,0.012487060538903541,0.0,0.0425531914893617,42,0.011557001030903727,-0.00178044691495618,-0.13349232343274867,STABLE,ADEQUATE,2026-08-14,2026-07-04,2026-08-15,2026-08-29
H007,Persistent Cough,0.034188076643970514,0.018959937125376775,0.0,0.08080808080808081,42,0.02960176496768483,-0.004586311676285683,-0.13414944993972147,STABLE,ADEQUATE,2026-08-14,2026-07-04,2026-08-15,2026-08-29
H007,Rash,0.04594606888482315,0.01905382531800074,0.01020408163265306,0.08653846153846154,42,0.04776765416112808,0.0018215852763049309,0.03964616169603652,STABLE,ADEQUATE,2026-08-14,2026-07-04,2026-08-15,2026-08-29
H007,Retro-orbital Pain,0.11429954533351867,0.027393047844099298,0.0707070707070707,0.18888888888888888,42,0.1249507797830193,0.010651234449500627,0.0931870237840493,STABLE,ADEQUATE,2026-08-14,2026-07-04,2026-08-15,2026-08-29
H007,Runny Nose,0.17752525486053483,0.03667674497069076,0.10101010101010101,0.2696629213483146,42,0.18493667161034927,0.007411416749814437,0.04174852054507344,STABLE,ADEQUATE,2026-08-14,2026-07-04,2026-08-15,2026-08-29
H007,Sore Throat,0.27806350120097645,0.04555795924207135,0.20212765957446807,0.38461538461538464,42,0.3013900531563635,0.023326551955387076,0.08388929814462526,STABLE,ADEQUATE,2026-08-14,2026-07-04,2026-08-15,2026-08-29
H007,Sweating,0.12482969669181776,0.03587994425927044,0.044444444444444446,0.18888888888888888,42,0.11110600282314169,-0.01372369386867607,-0.10993933520929255,STABLE,ADEQUATE,2026-08-14,2026-07-04,2026-08-15,2026-08-29
H007,Vomiting,0.1699368987270383,0.04524704714097947,0.0898876404494382,0.2727272727272727,42,0.16462581129262366,-0.005311087434414635,-0.031253291511136656,STABLE,ADEQUATE,2026-08-14,2026-07-04,2026-08-15,2026-08-29
H007,Weight Loss,0.003721506110782501,0.005532831794012941,0.0,0.020202020202020204,42,0.002095865017213332,-0.001625641093569169,-0.4368234379245327,DECREASE,ADEQUATE,2026-08-14,2026-07-04,2026-08-15,2026-08-29
H008,Abdominal Pain,0.09458399616948046,0.028877213922185067,0.045871559633027525,0.17796610169491525,42,0.07734346302231132,-0.01724053314716914,-0.18227748715836312,STABLE,ADEQUATE,2026-08-14,2026-07-04,2026-08-15,2026-08-29
H008,Anaemia,0.002156109538149,0.003914510469217469,0.0,0.00980392156862745,42,0.0,-0.002156109538149,-1.0,DECREASE,ADEQUATE,2026-08-14,2026-07-04,2026-08-15,2026-08-29
H008,Bleeding,0.005254978635797876,0.006440264369166215,0.0,0.019230769230769232,42,0.0030592439758146523,-0.0021957346599832234,-0.41783893183227755,DECREASE,ADEQUATE,2026-08-14,2026-07-04,2026-08-15,2026-08-29
H008,Breathlessness,0.012671452957429826,0.00935752413531976,0.0,0.038834951456310676,42,0.0077415131301111495,-0.004929939827318677,-0.3890587641276005,DECREASE,ADEQUATE,2026-08-14,2026-07-04,2026-08-15,2026-08-29
H008,Chest Pain,0.0016309170643358485,0.0034067727806156765,0.0,0.009174311926605505,42,0.00236768312722489,0.0007367660628890417,0.4517495579636184,MODERATE_INCREASE,ADEQUATE,2026-08-14,2026-07-04,2026-08-15,2026-08-29
H008,Chills,0.12967400647799046,0.031829196349374,0.06422018348623854,0.21367521367521367,42,0.12412107968335932,-0.005552926794631138,-0.042822204275562624,STABLE,ADEQUATE,2026-08-14,2026-07-04,2026-08-15,2026-08-29
H008,Dehydration,0.003495922199630717,0.006097461021101922,0.0,0.02608695652173913,42,0.006003879230028756,0.0025079570303980386,0.7173949782586581,HIGH_INCREASE,ADEQUATE,2026-08-14,2026-07-04,2026-08-15,2026-08-29
H008,Diarrhoea,0.13213050642980018,0.037133733926073,0.08256880733944955,0.24347826086956523,42,0.12178758701509688,-0.010342919414703292,-0.07827805776403648,STABLE,ADEQUATE,2026-08-14,2026-07-04,2026-08-15,2026-08-29
H008,Dry Cough,0.409729543332647,0.0477489495282375,0.3217391304347826,0.5175438596491229,42,0.42344455458563124,0.013715011252984244,0.03347332765274737,STABLE,ADEQUATE,2026-08-14,2026-07-04,2026-08-15,2026-08-29
H008,Fatigue,0.20828376737178844,0.03910585363891742,0.13934426229508196,0.27927927927927926,42,0.20607652410409116,-0.0022072432676972786,-0.010597288956067945,STABLE,ADEQUATE,2026-08-14,2026-07-04,2026-08-15,2026-08-29
H008,Fever,0.8668315828613454,0.03927672374551025,0.7391304347826086,0.9137931034482759,42,0.8747778504098009,0.00794626754845551,0.009167025873959832,STABLE,ADEQUATE,2026-08-14,2026-07-04,2026-08-15,2026-08-29
H008,Headache,0.43007748642700827,0.052471371803180726,0.3211009174311927,0.5169491525423728,42,0.43044070793591044,0.0003632215089021673,0.0008445489949258537,STABLE,ADEQUATE,2026-08-14,2026-07-04,2026-08-15,2026-08-29
H008,Joint Pain,0.1748522697393351,0.041539166571460256,0.09821428571428571,0.29310344827586204,42,0.18446610141697625,0.009613831677641155,0.05498259583346094,STABLE,ADEQUATE,2026-08-14,2026-07-04,2026-08-15,2026-08-29
H008,Loss of Appetite,0.039482343273738243,0.021388440769897127,0.00847457627118644,0.09803921568627451,42,0.03793226984760326,-0.0015500734261349805,-0.039259914625331134,STABLE,ADEQUATE,2026-08-14,2026-07-04,2026-08-15,2026-08-29
H008,Loss of Smell,0.03698242600892631,0.01879501868963573,0.0,0.0970873786407767,42,0.030109130817214398,-0.006873295191711912,-0.185853010023002,STABLE,ADEQUATE,2026-08-14,2026-07-04,2026-08-15,2026-08-29
H008,Loss of Taste,0.03750636859103181,0.020648790374519096,0.008130081300813009,0.10679611650485436,42,0.03463280791626522,-0.002873560674766594,-0.07661527315800161,STABLE,ADEQUATE,2026-08-14,2026-07-04,2026-08-15,2026-08-29
H008,Muscle Pain,0.3922414113209565,0.04564563739247835,0.2457627118644068,0.4909090909090909,42,0.4027870136444947,0.010545602323538183,0.026885489443920826,STABLE,ADEQUATE,2026-08-14,2026-07-04,2026-08-15,2026-08-29
H008,Nausea,0.1292770428466334,0.034494402062772135,0.07894736842105263,0.25217391304347825,42,0.13836644655434663,0.009089403707713217,0.07030949585145094,STABLE,ADEQUATE,2026-08-14,2026-07-04,2026-08-15,2026-08-29
H008,Night Sweats,0.010427866322589645,0.010903144744193278,0.0,0.05714285714285714,42,0.012687778338759078,0.002259912016169433,0.21671854493127113,STABLE,ADEQUATE,2026-08-14,2026-07-04,2026-08-15,2026-08-29
H008,Persistent Cough,0.03384965146436591,0.018319695289901534,0.0,0.08256880733944955,42,0.03473156047034043,0.0008819090059745197,0.02605371009219755,STABLE,ADEQUATE,2026-08-14,2026-07-04,2026-08-15,2026-08-29
H008,Rash,0.056767641045090134,0.023046641868237037,0.008547008547008548,0.12173913043478261,42,0.06495242505561724,0.008184784010527107,0.14418044963372692,STABLE,ADEQUATE,2026-08-14,2026-07-04,2026-08-15,2026-08-29
H008,Retro-orbital Pain,0.14400220043597664,0.028002963862595653,0.09322033898305085,0.21551724137931033,42,0.14580553882115424,0.0018033383851775997,0.012522991868998306,STABLE,ADEQUATE,2026-08-14,2026-07-04,2026-08-15,2026-08-29
H008,Runny Nose,0.15029726917400058,0.0345166650781183,0.09166666666666666,0.22807017543859648,42,0.157910034276192,0.0076127651021914156,0.05065138670868361,STABLE,ADEQUATE,2026-08-14,2026-07-04,2026-08-15,2026-08-29
H008,Sore Throat,0.25894669725789166,0.037829305345912105,0.19130434782608696,0.3300970873786408,42,0.26583246470295724,0.006885767445065583,0.02659144726687852,STABLE,ADEQUATE,2026-08-14,2026-07-04,2026-08-15,2026-08-29
H008,Sweating,0.12967400647799046,0.031829196349374,0.06422018348623854,0.21367521367521367,42,0.12412107968335932,-0.005552926794631138,-0.042822204275562624,STABLE,ADEQUATE,2026-08-14,2026-07-04,2026-08-15,2026-08-29
H008,Vomiting,0.1744719890230221,0.04071845492185605,0.11666666666666667,0.3130434782608696,42,0.1712071483357857,-0.0032648406872363978,-0.018712692538889967,STABLE,ADEQUATE,2026-08-14,2026-07-04,2026-08-15,2026-08-29
H008,Weight Loss,0.0033489591274858017,0.006266928755345521,0.0,0.02912621359223301,42,0.005393577113969903,0.0020446179864841013,0.6105234219502339,HIGH_INCREASE,ADEQUATE,2026-08-14,2026-07-04,2026-08-15,2026-08-29
H009,Abdominal Pain,0.11068593106256855,0.031463727500515355,0.030612244897959183,0.16304347826086957,42,0.11946034802075939,0.00877441695819084,0.0792731006909165,STABLE,ADEQUATE,2026-08-14,2026-07-04,2026-08-15,2026-08-29
H009,Anaemia,0.0033799516067961723,0.005594544241981975,0.0,0.02040816326530612,42,0.002353600448304847,-0.001026351158491325,-0.3036585365386917,DECREASE,ADEQUATE,2026-08-14,2026-07-04,2026-08-15,2026-08-29
H009,Bleeding,0.00419235234736617,0.005898932558905303,0.0,0.021052631578947368,42,0.0022876265080112633,-0.0019047258393549062,-0.45433343419990535,DECREASE,ADEQUATE,2026-08-14,2026-07-04,2026-08-15,2026-08-29
H009,Breathlessness,0.009198142637838224,0.009136817343670238,0.0,0.03488372093023256,42,0.007635764810900823,-0.0015623778269374016,-0.1698579689893346,STABLE,ADEQUATE,2026-08-14,2026-07-04,2026-08-15,2026-08-29
H009,Chest Pain,0.002122431850242561,0.005107933599539034,0.0,0.022988505747126436,42,0.0006944444444444444,-0.0014279874057981166,-0.6728071884310065,DECREASE,ADEQUATE,2026-08-14,2026-07-04,2026-08-15,2026-08-29
H009,Chills,0.13539198284389134,0.036303330685847686,0.06593406593406594,0.19540229885057472,42,0.1402220689559983,0.004830086112106974,0.035674831039856504,STABLE,ADEQUATE,2026-08-14,2026-07-04,2026-08-15,2026-08-29
H009,Dehydration,0.005504915094526802,0.007656999813482217,0.0,0.022727272727272728,42,0.010089828531294023,0.004584913436767221,0.832876321984642,HIGH_INCREASE,ADEQUATE,2026-08-14,2026-07-04,2026-08-15,2026-08-29
H009,Diarrhoea,0.15614389390439443,0.036747836595521256,0.07368421052631578,0.21839080459770116,42,0.16381461981352768,0.007670725909133258,0.049126006258240096,STABLE,ADEQUATE,2026-08-14,2026-07-04,2026-08-15,2026-08-29
H009,Dry Cough,0.38942175033155796,0.04349456861600939,0.2808988764044944,0.47058823529411764,42,0.3904113284634621,0.0009895781319041452,0.0025411475631795283,STABLE,ADEQUATE,2026-08-14,2026-07-04,2026-08-15,2026-08-29
H009,Fatigue,0.20702255484633966,0.04150348870817901,0.1348314606741573,0.2736842105263158,42,0.22279546076400744,0.01577290591766778,0.07618931149494824,STABLE,ADEQUATE,2026-08-14,2026-07-04,2026-08-15,2026-08-29
H009,Fever,0.84679345411249,0.035316071387379785,0.7752808988764045,0.9368421052631579,42,0.8463126249435357,-0.00048082916895431094,-0.0005678234363045,STABLE,ADEQUATE,2026-08-14,2026-07-04,2026-08-15,2026-08-29
H009,Headache,0.43465097402960334,0.04728357983105182,0.3253012048192771,0.5408163265306123,42,0.4414397237063792,0.00678874967677584,0.015618853016336436,STABLE,ADEQUATE,2026-08-14,2026-07-04,2026-08-15,2026-08-29
H009,Joint Pain,0.17578151987510598,0.029321124136987398,0.1,0.24719101123595505,42,0.1690409829408556,-0.006740536934250391,-0.038346106798027406,STABLE,ADEQUATE,2026-08-14,2026-07-04,2026-08-15,2026-08-29
H009,Loss of Appetite,0.03476189696514048,0.015684765640123482,0.010752688172043012,0.06382978723404255,42,0.0324439015464491,-0.0023179954186913834,-0.06668207494590668,STABLE,ADEQUATE,2026-08-14,2026-07-04,2026-08-15,2026-08-29
H009,Loss of Smell,0.03454430242851714,0.01741050118837476,0.0,0.07954545454545454,42,0.03463960693610429,9.530450758715031e-05,0.002758906704929557,STABLE,ADEQUATE,2026-08-14,2026-07-04,2026-08-15,2026-08-29
H009,Loss of Taste,0.034111574822327594,0.01956327480941793,0.0,0.10227272727272728,42,0.038473687520951524,0.004362112698623931,0.12787778697829943,STABLE,ADEQUATE,2026-08-14,2026-07-04,2026-08-15,2026-08-29
H009,Muscle Pain,0.38110733099989946,0.049594860162175916,0.25287356321839083,0.5102040816326531,42,0.3688262355672114,-0.012281095432688072,-0.03222476828369201,STABLE,ADEQUATE,2026-08-14,2026-07-04,2026-08-15,2026-08-29
H009,Nausea,0.14892172812183296,0.03838686392347628,0.07954545454545454,0.23595505617977527,42,0.13914673875533082,-0.009774989366502146,-0.06563843631001395,STABLE,ADEQUATE,2026-08-14,2026-07-04,2026-08-15,2026-08-29
H009,Night Sweats,0.008139144078947818,0.010434588655993357,0.0,0.04597701149425287,42,0.008196528339028062,5.73842600802444e-05,0.00705040475062615,STABLE,ADEQUATE,2026-08-14,2026-07-04,2026-08-15,2026-08-29
H009,Persistent Cough,0.028021616461934046,0.018412120677020905,0.0,0.08045977011494253,42,0.031260313375969816,0.00323869691403577,0.11557851840686552,STABLE,ADEQUATE,2026-08-14,2026-07-04,2026-08-15,2026-08-29
H009,Rash,0.05632142048966882,0.02519005533797903,0.010526315789473684,0.13131313131313133,42,0.047298791147757584,-0.00902262934191124,-0.16019889525986444,STABLE,ADEQUATE,2026-08-14,2026-07-04,2026-08-15,2026-08-29
H009,Retro-orbital Pain,0.13173609467635566,0.03678257375277108,0.07608695652173914,0.2247191011235955,42,0.1324694703400603,0.0007333756637046274,0.005567006259798102,STABLE,ADEQUATE,2026-08-14,2026-07-04,2026-08-15,2026-08-29
H009,Runny Nose,0.14654076598371096,0.03653149974600379,0.06741573033707865,0.23655913978494625,42,0.14130302385514684,-0.005237742128564121,-0.03574256005421954,STABLE,ADEQUATE,2026-08-14,2026-07-04,2026-08-15,2026-08-29
H009,Sore Throat,0.2490495273521909,0.04778159162424834,0.16842105263157894,0.34444444444444444,42,0.25068100186458236,0.0016314745123914565,0.006550803487710792,STABLE,ADEQUATE,2026-08-14,2026-07-04,2026-08-15,2026-08-29
H009,Sweating,0.13539198284389134,0.036303330685847686,0.06593406593406594,0.19540229885057472,42,0.1402220689559983,0.004830086112106974,0.035674831039856504,STABLE,ADEQUATE,2026-08-14,2026-07-04,2026-08-15,2026-08-29
H009,Vomiting,0.20281007524096786,0.04142079599985817,0.12195121951219512,0.26881720430107525,42,0.20439809559942124,0.0015880203584533736,0.007830086136335063,STABLE,ADEQUATE,2026-08-14,2026-07-04,2026-08-15,2026-08-29
H009,Weight Loss,0.003162479653009467,0.005667365241554917,0.0,0.022988505747126436,42,0.0014696382428940568,-0.0016928414101154102,-0.5352892653410354,DECREASE,ADEQUATE,2026-08-14,2026-07-04,2026-08-15,2026-08-29
H010,Abdominal Pain,0.11311509073533492,0.018038935843678945,0.07971014492753623,0.15671641791044777,42,0.11164595673461267,-0.0014691340007222525,-0.012987957585250154,STABLE,ADEQUATE,2026-08-14,2026-07-04,2026-08-15,2026-08-29
H010,Anaemia,0.002558284249831407,0.004112961744022974,0.0,0.014084507042253521,42,0.0018894112350488189,-0.0006688730147825881,-0.2614537516019447,DECREASE,ADEQUATE,2026-08-14,2026-07-04,2026-08-15,2026-08-29
H010,Bleeding,0.004531796264283156,0.005887914671122191,0.0,0.02631578947368421,42,0.00244941412009041,-0.0020823821441927465,-0.4595048017945572,DECREASE,ADEQUATE,2026-08-14,2026-07-04,2026-08-15,2026-08-29
H010,Breathlessness,0.006658616448129953,0.006377538229553392,0.0,0.02127659574468085,42,0.009952053277550993,0.00329343682942104,0.49461278556538407,MODERATE_INCREASE,ADEQUATE,2026-08-14,2026-07-04,2026-08-15,2026-08-29
H010,Chest Pain,0.0028382303699754858,0.003799615827232498,0.0,0.013513513513513514,42,0.0017898588866330802,-0.0010483714833424056,-0.3693750494789683,DECREASE,ADEQUATE,2026-08-14,2026-07-04,2026-08-15,2026-08-29
H010,Chills,0.12625679504684303,0.028952439097898526,0.057971014492753624,0.19117647058823528,42,0.11617366210992408,-0.010083132936918954,-0.0798621011501042,STABLE,ADEQUATE,2026-08-14,2026-07-04,2026-08-15,2026-08-29
H010,Dehydration,0.006491817424027028,0.00645198953342896,0.0,0.02564102564102564,42,0.006630173804723744,0.00013835638069671554,0.021312426345300665,STABLE,ADEQUATE,2026-08-14,2026-07-04,2026-08-15,2026-08-29
H010,Diarrhoea,0.16720950413225827,0.025123932250016343,0.10294117647058823,0.2152777777777778,42,0.1549535458273944,-0.012255958304863868,-0.07329701961899086,STABLE,ADEQUATE,2026-08-14,2026-07-04,2026-08-15,2026-08-29
H010,Dry Cough,0.38009752497964844,0.039990878748230436,0.2905405405405405,0.46153846153846156,42,0.3959727050144254,0.015875180034776948,0.04176607052526046,STABLE,ADEQUATE,2026-08-14,2026-07-04,2026-08-15,2026-08-29
H010,Fatigue,0.18574411122872303,0.03388106913502081,0.11188811188811189,0.2564102564102564,42,0.1815224784865115,-0.004221632742211517,-0.022728218484477553,STABLE,ADEQUATE,2026-08-14,2026-07-04,2026-08-15,2026-08-29
H010,Fever,0.8391158307510969,0.029202919249737374,0.762962962962963,0.8970588235294118,42,0.840772633069666,0.0016568023185691283,0.001974461996606733,STABLE,ADEQUATE,2026-08-14,2026-07-04,2026-08-15,2026-08-29
H010,Headache,0.4327437095480063,0.04467219183879501,0.36231884057971014,0.5367647058823529,42,0.45129809038225127,0.018554380834244988,0.04287614221735247,STABLE,ADEQUATE,2026-08-14,2026-07-04,2026-08-15,2026-08-29
H010,Joint Pain,0.16997814927784155,0.03025100948019576,0.11538461538461539,0.2517482517482518,42,0.1846538417365437,0.01467569245870215,0.08633870012735385,STABLE,ADEQUATE,2026-08-14,2026-07-04,2026-08-15,2026-08-29
H010,Loss of Appetite,0.03862882397158798,0.014601996952957908,0.013888888888888888,0.07246376811594203,42,0.03785863075506078,-0.0007701932165272013,-0.01993830350863616,STABLE,ADEQUATE,2026-08-14,2026-07-04,2026-08-15,2026-08-29
H010,Loss of Smell,0.025631385350851917,0.011306657714647363,0.006578947368421052,0.04477611940298507,42,0.026571107051187717,0.0009397217003358008,0.03666293052336194,STABLE,ADEQUATE,2026-08-14,2026-07-04,2026-08-15,2026-08-29
H010,Loss of Taste,0.026146269521638635,0.01090014024779965,0.006578947368421052,0.04794520547945205,42,0.025867538974856066,-0.0002787305467825685,-0.010660432707308064,STABLE,ADEQUATE,2026-08-14,2026-07-04,2026-08-15,2026-08-29
H010,Muscle Pain,0.39986363555497156,0.03734917821667637,0.3333333333333333,0.47651006711409394,42,0.421176874905613,0.021313239350641444,0.05330126937164655,STABLE,ADEQUATE,2026-08-14,2026-07-04,2026-08-15,2026-08-29
H010,Nausea,0.15084109070518625,0.028888645469462355,0.08955223880597014,0.21052631578947367,42,0.14907892470462433,-0.001762166000561921,-0.011682267691938229,STABLE,ADEQUATE,2026-08-14,2026-07-04,2026-08-15,2026-08-29
H010,Night Sweats,0.009741663063724428,0.008312081215208877,0.0,0.0390625,42,0.00894524317653017,-0.0007964198871942586,-0.08175399641565634,STABLE,ADEQUATE,2026-08-14,2026-07-04,2026-08-15,2026-08-29
H010,Persistent Cough,0.03181624787074434,0.014191501441160971,0.0,0.0641025641025641,42,0.027801136225525207,-0.00401511164521913,-0.12619689353473712,STABLE,ADEQUATE,2026-08-14,2026-07-04,2026-08-15,2026-08-29
H010,Rash,0.05197251588521282,0.017448304442297616,0.014084507042253521,0.08088235294117647,42,0.06233713982858836,0.01036462394337554,0.19942509549214407,STABLE,ADEQUATE,2026-08-14,2026-07-04,2026-08-15,2026-08-29
H010,Retro-orbital Pain,0.13819455516687737,0.03096219683025207,0.08333333333333333,0.21678321678321677,42,0.144283590847977,0.0060890356810996416,0.044061328420260865,STABLE,ADEQUATE,2026-08-14,2026-07-04,2026-08-15,2026-08-29
H010,Runny Nose,0.15773711687385544,0.028975608123361342,0.09740259740259741,0.23076923076923078,42,0.15745233507550835,-0.0002847817983470946,-0.00180542033473858,STABLE,ADEQUATE,2026-08-14,2026-07-04,2026-08-15,2026-08-29
H010,Sore Throat,0.24533611066019728,0.03663366184846164,0.16216216216216217,0.35714285714285715,42,0.2534223260098253,0.008086215349628001,0.03295974378931853,STABLE,ADEQUATE,2026-08-14,2026-07-04,2026-08-15,2026-08-29
H010,Sweating,0.12625679504684303,0.028952439097898526,0.057971014492753624,0.19117647058823528,42,0.11617366210992408,-0.010083132936918954,-0.0798621011501042,STABLE,ADEQUATE,2026-08-14,2026-07-04,2026-08-15,2026-08-29
H010,Vomiting,0.20451156359289344,0.03280077061766183,0.12213740458015267,0.26490066225165565,42,0.19770408370202883,-0.0068074798908646095,-0.03328652801469834,STABLE,ADEQUATE,2026-08-14,2026-07-04,2026-08-15,2026-08-29
H010,Weight Loss,0.0044935948718161835,0.004519868010722987,0.0,0.014184397163120567,42,0.0027768926861668794,-0.0017167021856493042,-0.3820331459821748,DECREASE,ADEQUATE,2026-08-14,2026-07-04,2026-08-15,2026-08-29
