hospital_id,symptom_pattern,baseline_occurrences,current_pattern_occurrences,current_anomalous_occurrences,baseline_prevalence,current_prevalence,prevalence_growth,baseline_daily_average,current_daily_average,current_weekly_average,current_week_count,peak_weekly_count,week_over_week_growth,baseline_relative_growth,persistence_weeks,emergence_score,alert_level
H001,Dry Cough + Fatigue + Fever + Loss of Smell + Loss of Taste,23,20,20,0.0024481106971793506,0.004372540445999125,0.7860877169635557,0.3770491803278688,0.6896551724137931,4.0,5,6,1.0,0.8290854572713645,5,93.58,CRITICAL
H001,Breathlessness + Dry Cough + Fatigue + Fever + Loss of Smell + Loss of Taste + Sore Throat,84,46,46,0.008940926024481106,0.010056843025797988,0.12481000270681075,1.3770491803278688,1.5862068965517242,9.2,5,17,0.8333333333333334,0.15188834154351402,5,71.24,HIGH
H001,Dry Cough + Fever + Loss of Smell + Loss of Taste + Sore Throat,27,16,16,0.0028738690792974985,0.0034980323567993005,0.21718570341220111,0.4426229508196721,0.5517241379310345,3.2,5,8,0.5,0.24648786717752236,5,63.02,HIGH
H001,Abdominal Pain + Diarrhoea + Fatigue + Fever + Headache + Loss of Appetite,32,17,17,0.0034060670569451834,0.0037166593790992565,0.09118796458242241,0.5245901639344263,0.5862068965517241,4.25,4,5,0.6666666666666666,0.11745689655172399,4,58.24,HIGH
H001,Abdominal Pain + Dehydration + Diarrhoea + Fever + Nausea + Vomiting,20,12,12,0.0021287919105907396,0.0026235242675994755,0.23240052470485367,0.32786885245901637,0.41379310344827586,2.4,5,4,0.5,0.26206896551724146,5,57.47,HIGH
H001,Abdominal Pain + Fatigue + Fever + Headache + Loss of Appetite,38,20,20,0.004044704630122405,0.004372540445999125,0.0810530918463627,0.6229508196721312,0.6896551724137931,4.0,5,5,0.0,0.10707803992740475,5,57.43,HIGH
H001,Fatigue + Fever + Night Sweats + Persistent Cough + Weight Loss,13,10,10,0.0013837147418839808,0.0021862702229995625,0.5800006726985301,0.21311475409836064,0.3448275862068966,2.0,5,3,-0.6666666666666666,0.6180371352785148,5,57.4,HIGH
H001,Breathlessness + Dry Cough + Fatigue + Fever + Loss of Smell + Sore Throat,5,4,4,0.0005321979776476849,0.0008745080891998251,0.6432006996064715,0.08196721311475409,0.13793103448275862,1.3333333333333333,3,2,1.0,0.6827586206896553,2,50.3,MODERATE
H001,Abdominal Pain + Fatigue + Fever + Loss of Appetite,7,6,6,0.0007450771687067589,0.0013117621337997377,0.760572178149791,0.11475409836065574,0.20689655172413793,2.0,3,3,0.5,0.8029556650246304,2,49.32,MODERATE
H001,Chest Pain + Fatigue + Fever + Night Sweats + Persistent Cough + Weight Loss,19,8,8,0.0020223523150612027,0.0017490161783996502,-0.13515752652290974,0.3114754098360656,0.27586206896551724,2.0,4,3,2.0,-0.11433756805807628,4,47.0,MODERATE
H001,Fever + Headache + Muscle Pain + Rash + Retro-orbital Pain + Vomiting,13,9,9,0.0013837147418839808,0.0019676432006996065,0.42200060542867723,0.21311475409836064,0.3103448275862069,2.25,4,3,0.0,0.4562334217506633,4,46.16,MODERATE
H001,Fever + Joint Pain + Muscle Pain + Nausea + Rash + Vomiting,2,2,2,0.00021287919105907396,0.00043725404459991256,1.0540008745080893,0.03278688524590164,0.06896551724137931,1.0,2,1,0.0,1.1034482758620687,2,43.0,MODERATE
H001,Abdominal Pain + Diarrhoea + Fever + Loss of Appetite,2,2,2,0.00021287919105907396,0.00043725404459991256,1.0540008745080893,0.03278688524590164,0.06896551724137931,1.0,2,1,0.0,1.1034482758620687,2,43.0,MODERATE
H001,Fever + Headache + Muscle Pain + Rash + Vomiting,1,3,3,0.00010643959552953698,0.0006558810668998689,5.162002623524268,0.01639344262295082,0.10344827586206896,1.0,3,1,0.0,5.310344827586206,1,39.5,MODERATE
H001,Fever + Muscle Pain + Rash,2,3,3,0.00021287919105907396,0.0006558810668998689,2.081001311762134,0.03278688524590164,0.10344827586206896,1.0,3,1,0.0,2.1551724137931036,1,39.5,MODERATE
H001,Diarrhoea + Fever + Headache + Loss of Appetite,2,2,2,0.00021287919105907396,0.00043725404459991256,1.0540008745080893,0.03278688524590164,0.06896551724137931,2.0,1,2,0.0,1.1034482758620687,1,38.0,LOW
H001,Abdominal Pain + Fever + Loss of Appetite,3,2,2,0.00031931878658861094,0.00043725404459991256,0.36933391633872625,0.04918032786885246,0.06896551724137931,1.0,2,1,0.0,0.40229885057471265,2,24.08,LOW
H001,Bleeding + Fever + Headache + Joint Pain + Muscle Pain + Rash + Retro-orbital Pain + Vomiting,6,4,4,0.0006386375731772219,0.0008745080891998251,0.36933391633872625,0.09836065573770492,0.13793103448275862,1.3333333333333333,3,2,0.0,0.40229885057471265,1,22.08,LOW
H001,Breathlessness + Dry Cough + Fatigue + Fever + Loss of Smell + Loss of Taste,5,3,3,0.0005321979776476849,0.0006558810668998689,0.23240052470485367,0.08196721311475409,0.10344827586206896,1.5,2,2,-0.5,0.26206896551724146,2,21.47,LOW
H001,Breathlessness + Dry Cough + Fever + Loss of Smell + Loss of Taste + Sore Throat,8,3,3,0.0008515167642362959,0.0006558810668998689,-0.22974967205946645,0.13114754098360656,0.10344827586206896,1.0,3,1,0.0,-0.2112068965517242,3,19.5,LOW
H001,Anaemia + Chills + Fatigue + Fever + Headache + Nausea + Sweating + Vomiting,9,3,3,0.0009579563597658329,0.0006558810668998689,-0.31533304183063693,0.14754098360655737,0.10344827586206896,1.0,3,1,0.0,-0.2988505747126437,3,19.5,LOW
H001,Dry Cough + Fever + Loss of Smell + Loss of Taste,8,4,4,0.0008515167642362959,0.0008745080891998251,0.027000437254044687,0.13114754098360656,0.13793103448275862,1.3333333333333333,3,2,-0.5,0.05172413793103441,2,16.81,LOW
H001,Fever + Headache + Joint Pain + Muscle Pain + Rash + Vomiting,9,5,5,0.0009579563597658329,0.0010931351114997813,0.14111159694893827,0.14754098360655737,0.1724137931034483,1.6666666666666667,3,2,-0.5,0.1685823754789273,1,16.73,LOW
H001,Fever + Muscle Pain + Rash + Retro-orbital Pain,5,3,3,0.0005321979776476849,0.0006558810668998689,0.23240052470485367,0.08196721311475409,0.10344827586206896,1.5,2,2,-0.5,0.26206896551724146,1,16.47,LOW
H001,Fever + Headache + Muscle Pain + Rash + Retro-orbital Pain,7,4,4,0.0007450771687067589,0.0008745080891998251,0.17371478543319394,0.11475409836065574,0.13793103448275862,2.0,2,2,0.0,0.20197044334975364,1,16.21,LOW
H001,Abdominal Pain + Diarrhoea + Fever + Headache + Loss of Appetite,9,3,3,0.0009579563597658329,0.0006558810668998689,-0.31533304183063693,0.14754098360655737,0.10344827586206896,1.5,2,2,-0.5,-0.2988505747126437,2,14.5,LOW
H001,Fever + Muscle Pain + Rash + Retro-orbital Pain + Vomiting,5,2,2,0.0005321979776476849,0.00043725404459991256,-0.17839965019676426,0.08196721311475409,0.06896551724137931,1.0,2,1,0.0,-0.15862068965517237,2,13.0,LOW
H001,Bleeding + Fever + Headache + Joint Pain + Muscle Pain + Nausea + Rash + Retro-orbital Pain,7,2,2,0.0007450771687067589,0.00043725404459991256,-0.413142607283403,0.11475409836065574,0.06896551724137931,1.0,2,1,0.0,-0.39901477832512317,2,13.0,LOW
H001,Fever + Headache + Joint Pain + Muscle Pain + Nausea + Rash,12,3,3,0.0012772751463544438,0.0006558810668998689,-0.4864997813729776,0.19672131147540983,0.10344827586206896,1.5,2,2,-0.5,-0.47413793103448276,1,9.5,LOW
H001,Fever + Headache + Joint Pain + Muscle Pain + Nausea + Rash + Vomiting,5,2,2,0.0005321979776476849,0.00043725404459991256,-0.17839965019676426,0.08196721311475409,0.06896551724137931,2.0,1,2,0.0,-0.15862068965517237,1,8.0,LOW
H001,Anaemia + Chills + Fatigue + Fever + Headache + Nausea + Sweating,5,2,2,0.0005321979776476849,0.00043725404459991256,-0.17839965019676426,0.08196721311475409,0.06896551724137931,1.0,2,1,0.0,-0.15862068965517237,1,8.0,LOW
H001,Diarrhoea + Fatigue + Fever + Headache + Loss of Appetite,9,2,2,0.0009579563597658329,0.00043725404459991256,-0.5435553612204246,0.14754098360655737,0.06896551724137931,1.0,2,1,0.0,-0.5325670498084292,1,8.0,LOW
H002,Abdominal Pain + Diarrhoea + Fatigue + Fever + Headache + Loss of Appetite,25,18,18,0.0032586027111574556,0.00490329610460365,0.5047235085807682,0.4098360655737705,0.6206896551724138,3.6,5,7,0.5,0.5144827586206897,5,74.64,HIGH
H002,Anaemia + Chills + Fatigue + Fever + Headache + Nausea + Sweating + Vomiting,4,5,5,0.0005213764337851929,0.001362026695723236,1.6123672023971667,0.06557377049180328,0.1724137931034483,1.25,4,2,1.0,1.6293103448275863,4,72.5,HIGH
H002,Fatigue + Fever + Headache + Joint Pain + Muscle Pain + Rash,28,16,16,0.0036496350364963502,0.004358485426314356,0.19422500681013355,0.45901639344262296,0.5517241379310345,3.2,5,6,1.5,0.20197044334975364,5,69.83,HIGH
H002,Abdominal Pain + Dehydration + Diarrhoea + Nausea + Vomiting,7,9,9,0.0009124087591240876,0.002451648052301825,1.6870062653228004,0.11475409836065574,0.3103448275862069,2.25,4,3,0.5,1.7044334975369457,3,66.0,HIGH
H002,Bleeding + Fever + Headache + Joint Pain + Muscle Pain + Nausea + Rash + Retro-orbital Pain + Vomiting,5,5,5,0.0006517205422314911,0.001362026695723236,1.0898937619177336,0.08196721311475409,0.1724137931034483,1.0,5,1,0.0,1.1034482758620692,5,62.5,HIGH
H002,Chest Pain + Fatigue + Fever + Night Sweats + Persistent Cough + Weight Loss,15,9,9,0.0019551616266944736,0.002451648052301825,0.25393625715064,0.2459016393442623,0.3103448275862069,1.8,5,3,1.0,0.26206896551724146,5,61.12,HIGH
H002,Breathlessness + Dry Cough + Fatigue + Fever + Loss of Taste + Sore Throat,3,4,4,0.0003910323253388947,0.001089621356578589,1.7865250158903117,0.04918032786885246,0.13793103448275862,2.0,2,3,2.0,1.8045977011494252,2,61.0,MODERATE
H002,Fever + Headache + Muscle Pain + Nausea + Retro-orbital Pain,2,3,3,0.00026068821689259646,0.0008172160174339417,2.1348406428766005,0.03278688524590164,0.10344827586206896,1.5,2,2,1.0,2.1551724137931036,2,59.5,MODERATE
H002,Diarrhoea + Fever + Vomiting,4,6,6,0.0005213764337851929,0.0016344320348678834,2.1348406428766005,0.06557377049180328,0.20689655172413793,2.0,3,3,-0.6666666666666666,2.1551724137931036,3,54.0,MODERATE
H002,Fever + Joint Pain + Muscle Pain + Rash + Vomiting,1,4,4,0.00013034410844629823,0.001089621356578589,7.359575047670933,0.01639344262295082,0.13793103448275862,1.3333333333333333,3,2,-0.5,7.413793103448275,3,51.0,MODERATE
H002,Abdominal Pain + Fatigue + Fever + Headache + Loss of Appetite,25,13,13,0.0032586027111574556,0.003541269408880414,0.08674475619722148,0.4098360655737705,0.4482758620689655,2.6,5,5,-0.75,0.09379310344827585,5,47.1,MODERATE
H002,Fever + Joint Pain + Muscle Pain + Nausea + Rash + Vomiting,2,2,2,0.00026068821689259646,0.0005448106782892945,1.0898937619177336,0.03278688524590164,0.06896551724137931,1.0,2,1,0.0,1.1034482758620687,2,43.0,MODERATE
H002,Fever + Headache + Muscle Pain + Nausea + Retro-orbital Pain + Vomiting,2,2,2,0.00026068821689259646,0.0005448106782892945,1.0898937619177336,0.03278688524590164,0.06896551724137931,1.0,2,1,0.0,1.1034482758620687,2,43.0,MODERATE
H002,Fever + Headache + Joint Pain + Muscle Pain + Rash + Vomiting,10,6,6,0.0013034410844629822,0.0016344320348678834,0.2539362571506402,0.16393442622950818,0.20689655172413793,1.2,5,2,0.0,0.26206896551724146,5,41.62,MODERATE
H002,Abdominal Pain + Dehydration + Diarrhoea + Fever + Nausea + Vomiting,20,6,6,0.0026068821689259644,0.0016344320348678834,-0.37303187142467986,0.32786885245901637,0.20689655172413793,2.0,3,3,1.0,-0.36896551724137927,3,39.0,MODERATE
H002,Fever + Headache + Muscle Pain + Retro-orbital Pain + Vomiting,1,2,2,0.00013034410844629823,0.0005448106782892945,3.179787523835467,0.01639344262295082,0.06896551724137931,1.0,2,1,0.0,3.2068965517241375,1,38.0,LOW
H002,Fever + Muscle Pain + Nausea + Rash + Vomiting,1,2,2,0.00013034410844629823,0.0005448106782892945,3.179787523835467,0.01639344262295082,0.06896551724137931,1.0,2,1,0.0,3.2068965517241375,1,38.0,LOW
H002,Diarrhoea + Fatigue + Fever + Headache + Loss of Appetite,5,3,3,0.0006517205422314911,0.0008172160174339417,0.2539362571506402,0.08196721311475409,0.10344827586206896,1.5,2,2,1.0,0.26206896551724146,2,37.12,MODERATE
H002,Fatigue + Fever + Joint Pain + Muscle Pain,4,3,3,0.0005213764337851929,0.0008172160174339417,0.5674203214383001,0.06557377049180328,0.10344827586206896,1.0,3,1,0.0,0.5775862068965516,3,36.52,MODERATE
H002,Fever + Muscle Pain + Nausea + Rash + Retro-orbital Pain,4,3,3,0.0005213764337851929,0.0008172160174339417,0.5674203214383001,0.06557377049180328,0.10344827586206896,1.0,3,1,0.0,0.5775862068965516,3,36.52,MODERATE
H002,Fatigue + Fever + Joint Pain + Muscle Pain + Rash,6,4,4,0.0007820646506777894,0.001089621356578589,0.3932625079451557,0.09836065573770492,0.13793103448275862,1.0,4,1,0.0,0.40229885057471265,2,27.8,LOW
H002,Fever + Night Sweats + Persistent Cough,13,4,4,0.001694473409801877,0.001089621356578589,-0.3569557655637743,0.21311475409836064,0.13793103448275862,2.0,2,3,2.0,-0.3527851458885941,1,26.0,LOW
H002,Fever + Muscle Pain + Nausea + Rash + Retro-orbital Pain + Vomiting,3,2,2,0.0003910323253388947,0.0005448106782892945,0.3932625079451557,0.04918032786885246,0.06896551724137931,1.0,2,1,0.0,0.40229885057471265,2,24.8,LOW
H002,Fever + Headache + Joint Pain + Muscle Pain + Nausea + Rash,11,6,6,0.0014337851929092805,0.0016344320348678834,0.13994205195512743,0.18032786885245902,0.20689655172413793,2.0,3,2,0.0,0.1473354231974921,2,23.2,LOW
H002,Fever + Headache + Muscle Pain + Rash + Retro-orbital Pain + Vomiting,13,5,5,0.001694473409801877,0.001362026695723236,-0.19619470695471794,0.21311475409836064,0.1724137931034483,2.5,2,3,0.5,-0.1909814323607426,1,20.0,LOW
H002,Fever + Headache + Muscle Pain + Nausea + Rash + Vomiting,3,2,2,0.0003910323253388947,0.0005448106782892945,0.3932625079451557,0.04918032786885246,0.06896551724137931,1.0,2,1,0.0,0.40229885057471265,1,19.8,LOW
H002,Fever + Joint Pain + Muscle Pain + Nausea + Rash,3,2,2,0.0003910323253388947,0.0005448106782892945,0.3932625079451557,0.04918032786885246,0.06896551724137931,2.0,1,2,0.0,0.40229885057471265,1,19.8,LOW
H002,Fatigue + Fever + Night Sweats + Persistent Cough + Weight Loss,16,5,5,0.0020855057351407717,0.001362026695723236,-0.34690819940070833,0.26229508196721313,0.1724137931034483,1.6666666666666667,3,2,0.0,-0.3426724137931034,2,17.5,LOW
H002,Fever + Headache + Muscle Pain + Rash + Retro-orbital Pain,9,5,5,0.0011730969760166841,0.001362026695723236,0.1610520899542963,0.14754098360655737,0.1724137931034483,1.25,4,2,-0.5,0.1685823754789273,1,17.33,LOW
H002,Fever + Headache + Muscle Pain + Nausea + Rash + Retro-orbital Pain,11,4,4,0.0014337851929092805,0.001089621356578589,-0.24003863202991504,0.18032786885245902,0.13793103448275862,2.0,2,3,-0.6666666666666666,-0.2351097178683386,2,16.0,LOW
H002,Fever + Headache + Muscle Pain + Nausea + Rash + Retro-orbital Pain + Vomiting,10,3,3,0.0013034410844629822,0.0008172160174339417,-0.37303187142467986,0.16393442622950818,0.10344827586206896,1.0,3,1,0.0,-0.36896551724137927,2,14.5,LOW
H002,Fever + Headache + Muscle Pain + Nausea + Rash,4,2,2,0.0005213764337851929,0.0005448106782892945,0.04494688095886678,0.06557377049180328,0.06896551724137931,1.0,2,1,0.0,0.05172413793103441,2,14.35,LOW
H002,Fatigue + Fever + Headache + Joint Pain + Muscle Pain,5,2,2,0.0006517205422314911,0.0005448106782892945,-0.1640424952329065,0.08196721311475409,0.06896551724137931,1.0,2,1,0.0,-0.15862068965517237,2,13.0,LOW
H002,Abdominal Pain + Diarrhoea + Fatigue + Fever + Headache,5,2,2,0.0006517205422314911,0.0005448106782892945,-0.1640424952329065,0.08196721311475409,0.06896551724137931,1.0,2,1,0.0,-0.15862068965517237,2,13.0,LOW
H002,Abdominal Pain + Diarrhoea + Fatigue + Fever + Loss of Appetite,6,3,3,0.0007820646506777894,0.0008172160174339417,0.04494688095886678,0.09836065573770492,0.10344827586206896,1.0,3,1,0.0,0.05172413793103449,1,10.85,LOW
H002,Bleeding + Fever + Headache + Joint Pain + Muscle Pain + Rash + Retro-orbital Pain + Vomiting,8,3,3,0.0010427528675703858,0.0008172160174339417,-0.2162898392808499,0.13114754098360656,0.10344827586206896,1.5,2,2,-0.5,-0.2112068965517242,1,9.5,LOW
H002,Fever + Headache + Joint Pain + Muscle Pain + Nausea + Rash + Vomiting,9,3,3,0.0011730969760166841,0.0008172160174339417,-0.3033687460274222,0.14754098360655737,0.10344827586206896,1.0,3,1,0.0,-0.2988505747126437,1,9.5,LOW
H002,Fever + Headache + Muscle Pain + Rash,5,2,2,0.0006517205422314911,0.0005448106782892945,-0.1640424952329065,0.08196721311475409,0.06896551724137931,2.0,1,2,0.0,-0.15862068965517237,1,8.0,LOW
H002,Bleeding + Fever + Headache + Joint Pain + Muscle Pain + Rash + Retro-orbital Pain,6,2,2,0.0007820646506777894,0.0005448106782892945,-0.30336874602742214,0.09836065573770492,0.06896551724137931,2.0,1,2,0.0,-0.2988505747126437,1,8.0,LOW
H003,Fatigue + Fever + Night Sweats + Persistent Cough,28,19,19,0.00299625468164794,0.004208194905869324,0.4044850498338869,0.45901639344262296,0.6551724137931034,3.8,5,6,-0.16666666666666666,0.4273399014778324,5,65.63,HIGH
H003,Fever + Night Sweats + Persistent Cough,6,10,10,0.0006420545746388443,0.0022148394241417496,2.449612403100775,0.09836065573770492,0.3448275862068966,2.5,4,4,-0.6666666666666666,2.505747126436782,4,65.0,HIGH
H003,Anaemia + Chills + Fatigue + Fever + Headache + Nausea + Sweating,3,3,3,0.00032102728731942215,0.000664451827242525,1.0697674418604652,0.04918032786885246,0.10344827586206896,1.5,2,2,1.0,1.103448275862069,2,59.5,MODERATE
H003,Breathlessness + Dry Cough + Fatigue + Fever + Loss of Smell + Loss of Taste + Sore Throat,56,28,28,0.00599250936329588,0.006201550387596899,0.0348837209302325,0.9180327868852459,0.9655172413793104,5.6,5,11,-0.9,0.0517241379310345,5,56.05,HIGH
H003,Fever + Headache + Muscle Pain + Nausea + Rash + Vomiting,2,5,5,0.00021401819154628142,0.0011074197120708748,4.174418604651163,0.03278688524590164,0.1724137931034483,1.6666666666666667,3,2,-0.5,4.258620689655173,3,52.5,MODERATE
H003,Abdominal Pain + Diarrhoea + Fatigue + Fever + Loss of Appetite,7,6,6,0.000749063670411985,0.00132890365448505,0.7740863787375416,0.11475409836065574,0.20689655172413793,1.5,4,2,-0.5,0.8029556650246304,4,52.22,MODERATE
H003,Diarrhoea + Fever + Headache + Loss of Appetite,1,4,4,0.00010700909577314071,0.0008859357696566999,7.279069767441861,0.01639344262295082,0.13793103448275862,1.3333333333333333,3,2,-0.5,7.413793103448275,3,51.0,MODERATE
H003,Dry Cough + Fever + Loss of Smell + Loss of Taste + Sore Throat,28,15,15,0.00299625468164794,0.0033222591362126247,0.10880398671096343,0.45901639344262296,0.5172413793103449,3.0,5,5,-0.8,0.12684729064039413,5,50.76,MODERATE
H003,Chest Pain + Fatigue + Fever + Night Sweats + Persistent Cough + Weight Loss,16,9,9,0.0017121455323702514,0.0019933554817275745,0.16424418604651156,0.26229508196721313,0.3103448275862069,1.8,5,4,-0.75,0.18318965517241376,5,43.43,MODERATE
H003,Fever + Headache + Muscle Pain + Rash + Vomiting,1,2,2,0.00010700909577314071,0.00044296788482834997,3.139534883720931,0.01639344262295082,0.06896551724137931,1.0,2,1,0.0,3.2068965517241375,2,43.0,MODERATE
H003,Night Sweats + Persistent Cough,2,2,2,0.00021401819154628142,0.00044296788482834997,1.0697674418604652,0.03278688524590164,0.06896551724137931,1.0,2,1,0.0,1.1034482758620687,2,43.0,MODERATE
H003,Bleeding + Fever + Headache + Joint Pain + Muscle Pain + Rash + Retro-orbital Pain,2,2,2,0.00021401819154628142,0.00044296788482834997,1.0697674418604652,0.03278688524590164,0.06896551724137931,1.0,2,1,0.0,1.1034482758620687,2,43.0,MODERATE
H003,Abdominal Pain + Diarrhoea + Fever + Loss of Appetite,1,2,2,0.00010700909577314071,0.00044296788482834997,3.139534883720931,0.01639344262295082,0.06896551724137931,1.0,2,1,0.0,3.2068965517241375,1,38.0,LOW
H003,Fever + Headache + Muscle Pain + Nausea + Vomiting,2,2,2,0.00021401819154628142,0.00044296788482834997,1.0697674418604652,0.03278688524590164,0.06896551724137931,1.0,2,1,0.0,1.1034482758620687,1,38.0,LOW
H003,Fever + Headache + Muscle Pain + Rash + Retro-orbital Pain + Vomiting,11,5,5,0.001177100053504548,0.0011074197120708748,-0.05919661733615231,0.18032786885245902,0.1724137931034483,1.6666666666666667,3,2,1.0,-0.04388714733542316,3,37.5,MODERATE
H003,Diarrhoea + Fatigue + Fever + Headache + Loss of Appetite,7,5,5,0.000749063670411985,0.0011074197120708748,0.4784053156146178,0.11475409836065574,0.1724137931034483,1.6666666666666667,3,3,-0.6666666666666666,0.5024630541871922,3,36.85,MODERATE
H003,Dry Cough + Fatigue + Fever + Loss of Smell + Loss of Taste,28,11,11,0.00299625468164794,0.0024363233665559247,-0.18687707641196016,0.45901639344262296,0.3793103448275862,2.75,4,3,0.0,-0.1736453201970444,4,36.5,MODERATE
H003,Abdominal Pain + Dehydration + Diarrhoea + Fever + Nausea + Vomiting,25,10,10,0.002675227394328518,0.0022148394241417496,-0.17209302325581396,0.4098360655737705,0.3448275862068966,2.5,4,5,-0.6,-0.15862068965517237,4,35.0,MODERATE
H003,Abdominal Pain + Dehydration + Diarrhoea + Nausea + Vomiting,22,4,4,0.002354200107009096,0.0008859357696566999,-0.6236786469344608,0.36065573770491804,0.13793103448275862,2.0,2,3,2.0,-0.6175548589341693,2,31.0,LOW
H003,Abdominal Pain + Diarrhoea + Fever + Headache + Loss of Appetite,9,6,6,0.0009630818619582664,0.00132890365448505,0.37984496124031014,0.14754098360655737,0.20689655172413793,1.5,4,3,-0.6666666666666666,0.40229885057471265,2,30.4,LOW
H003,Abdominal Pain + Diarrhoea + Fatigue + Fever + Headache + Loss of Appetite,32,12,12,0.0034242910647405028,0.0026578073089701,-0.2238372093023255,0.5245901639344263,0.41379310344827586,3.0,4,5,-0.3333333333333333,-0.2112068965517242,2,28.0,LOW
H003,Diarrhoea + Fever + Vomiting,7,3,3,0.000749063670411985,0.000664451827242525,-0.11295681063122923,0.11475409836065574,0.10344827586206896,1.5,2,2,1.0,-0.09852216748768476,1,24.5,LOW
H003,Bleeding + Fever + Headache + Joint Pain + Muscle Pain + Nausea + Rash + Retro-orbital Pain + Vomiting,10,3,3,0.001070090957731407,0.000664451827242525,-0.3790697674418604,0.16393442622950818,0.10344827586206896,1.5,2,2,1.0,-0.36896551724137927,1,24.5,LOW
H003,Dry Cough + Fever + Loss of Smell + Loss of Taste,11,3,3,0.001177100053504548,0.000664451827242525,-0.4355179704016913,0.18032786885245902,0.10344827586206896,1.5,2,2,1.0,-0.4263322884012539,1,24.5,LOW
H003,Breathlessness + Dry Cough + Fever + Loss of Smell + Loss of Taste + Sore Throat,6,3,3,0.0006420545746388443,0.000664451827242525,0.03488372093023263,0.09836065573770492,0.10344827586206896,1.0,3,1,0.0,0.05172413793103449,3,20.55,LOW
H003,Bleeding + Fever + Headache + Joint Pain + Muscle Pain + Nausea + Rash + Retro-orbital Pain,10,5,5,0.001070090957731407,0.0011074197120708748,0.03488372093023259,0.16393442622950818,0.1724137931034483,1.6666666666666667,3,2,-0.5,0.051724137931034635,2,18.55,LOW
H003,Fatigue + Fever + Night Sweats + Persistent Cough + Weight Loss,13,3,3,0.0013911182450508292,0.000664451827242525,-0.5223613595706619,0.21311475409836064,0.10344827586206896,1.0,3,1,0.0,-0.5145888594164456,2,14.5,LOW
H003,Breathlessness + Dry Cough + Fatigue + Fever + Loss of Smell + Loss of Taste,4,2,2,0.00042803638309256285,0.00044296788482834997,0.03488372093023267,0.06557377049180328,0.06896551724137931,1.0,2,1,0.0,0.05172413793103441,2,14.05,LOW
H003,Fatigue + Night Sweats + Persistent Cough,13,6,6,0.0013911182450508292,0.00132890365448505,-0.04472271914132368,0.21311475409836064,0.20689655172413793,2.0,3,3,-0.6666666666666666,-0.0291777188328912,1,14.0,LOW
H003,Abdominal Pain + Fatigue + Fever + Loss of Appetite,9,3,3,0.0009630818619582664,0.000664451827242525,-0.3100775193798449,0.14754098360655737,0.10344827586206896,1.5,2,2,-0.5,-0.2988505747126437,1,9.5,LOW
H003,Anaemia + Chills + Fatigue + Fever + Headache + Nausea + Sweating + Vomiting,6,2,2,0.0006420545746388443,0.00044296788482834997,-0.3100775193798449,0.09836065573770492,0.06896551724137931,2.0,1,2,0.0,-0.2988505747126437,1,8.0,LOW
H003,Breathlessness + Dry Cough + Fatigue + Fever + Loss of Taste + Sore Throat,9,2,2,0.0009630818619582664,0.00044296788482834997,-0.5400516795865633,0.14754098360655737,0.06896551724137931,2.0,1,2,0.0,-0.5325670498084292,1,8.0,LOW
H003,Anaemia + Chills + Fatigue + Fever + Headache + Sweating + Vomiting,10,2,2,0.001070090957731407,0.00044296788482834997,-0.5860465116279069,0.16393442622950818,0.06896551724137931,1.0,2,1,0.0,-0.5793103448275861,1,8.0,LOW
H004,Dry Cough + Fever + Loss of Smell,1,7,7,0.00011243534967393749,0.00167986561075114,13.940724742020638,0.01639344262295082,0.2413793103448276,2.3333333333333335,3,3,2.0,13.724137931034484,3,70.5,HIGH
H004,Breathlessness + Dry Cough + Fatigue + Fever + Loss of Smell + Loss of Taste + Sore Throat,64,43,43,0.007195862379131999,0.010319174466042717,0.4340427765778738,1.0491803278688525,1.4827586206896552,8.6,5,14,-0.5384615384615384,0.41325431034482757,5,68.02,HIGH
H004,Fever + Headache + Joint Pain + Muscle Pain + Nausea + Rash,13,10,10,0.0014616595457611872,0.0023998080153587713,0.6418378837385318,0.21311475409836064,0.3448275862068966,2.0,5,3,0.5,0.6180371352785148,5,66.76,HIGH
H004,Fever + Headache + Joint Pain + Muscle Pain + Nausea + Rash + Vomiting,13,9,9,0.0014616595457611872,0.0021598272138228943,0.4776540953646787,0.21311475409836064,0.3103448275862069,1.8,5,3,0.5,0.4562334217506633,5,60.33,HIGH
H004,Dry Cough + Fever + Loss of Smell + Loss of Taste + Sore Throat,29,13,13,0.003260625140544187,0.0031197504199664025,-0.043204819476510885,0.47540983606557374,0.4482758620689655,2.6,5,5,1.5,-0.057074910820451775,5,59.5,HIGH
H004,Abdominal Pain + Diarrhoea + Fatigue + Fever + Headache + Loss of Appetite,32,10,10,0.0035979311895659996,0.0023998080153587713,-0.33300335973122147,0.5245901639344263,0.3448275862068966,2.0,5,4,3.0,-0.3426724137931034,5,55.0,HIGH
H004,Anaemia + Chills + Fatigue + Fever + Headache + Sweating,3,4,4,0.00033730604902181243,0.0009599232061435085,1.8458523318134552,0.04918032786885246,0.13793103448275862,1.3333333333333333,3,2,-0.5,1.8045977011494252,3,51.0,MODERATE
H004,Chest Pain + Fatigue + Night Sweats + Persistent Cough + Weight Loss,2,3,3,0.00022487069934787497,0.0007199424046076314,2.2015838732901365,0.03278688524590164,0.10344827586206896,1.0,3,1,0.0,2.1551724137931036,3,49.5,MODERATE
H004,Diarrhoea + Fatigue + Fever + Loss of Appetite,2,2,2,0.00022487069934787497,0.00047996160307175426,1.134389248860091,0.03278688524590164,0.06896551724137931,1.0,2,1,0.0,1.1034482758620687,2,43.0,MODERATE
H004,Breathlessness + Dry Cough + Fatigue + Fever + Loss of Smell + Loss of Taste,5,4,4,0.0005621767483696875,0.0009599232061435085,0.7075113990880728,0.08196721311475409,0.13793103448275862,1.3333333333333333,3,2,-0.5,0.6827586206896553,3,42.23,MODERATE
H004,Abdominal Pain + Fever + Headache + Loss of Appetite,1,3,3,0.00011243534967393749,0.0007199424046076314,5.403167746580273,0.01639344262295082,0.10344827586206896,1.5,2,2,-0.5,5.310344827586206,1,39.5,MODERATE
H004,Fatigue + Fever + Night Sweats + Persistent Cough + Weight Loss,16,8,8,0.0017989655947829998,0.001919846412287017,0.06719462443004559,0.26229508196721313,0.27586206896551724,2.6666666666666665,3,4,2.0,0.05172413793103441,2,39.02,MODERATE
H004,Abdominal Pain + Fatigue + Fever + Headache + Loss of Appetite,26,9,9,0.0029233190915223745,0.0021598272138228943,-0.26117295231766063,0.4262295081967213,0.3103448275862069,3.0,3,5,0.6666666666666666,-0.27188328912466836,3,38.5,MODERATE
H004,Fever + Joint Pain + Muscle Pain + Nausea + Rash,2,2,2,0.00022487069934787497,0.00047996160307175426,1.134389248860091,0.03278688524590164,0.06896551724137931,1.0,2,1,0.0,1.1034482758620687,1,38.0,LOW
H004,Abdominal Pain + Dehydration + Diarrhoea + Fever + Nausea + Vomiting,25,9,9,0.002810883741848437,0.0021598272138228943,-0.23161987041036708,0.4098360655737705,0.3103448275862069,2.25,4,3,0.5,-0.24275862068965517,3,36.0,MODERATE
H004,Bleeding + Fever + Headache + Joint Pain + Muscle Pain + Nausea + Rash + Retro-orbital Pain + Vomiting,5,4,4,0.0005621767483696875,0.0009599232061435085,0.7075113990880728,0.08196721311475409,0.13793103448275862,2.0,2,2,0.0,0.6827586206896553,1,32.23,LOW
H004,Dry Cough + Fever + Loss of Smell + Loss of Taste,8,3,3,0.0008994827973914999,0.0007199424046076314,-0.19960403167746585,0.13114754098360656,0.10344827586206896,1.5,2,2,1.0,-0.2112068965517242,2,29.5,LOW
H004,Chest Pain + Fatigue + Fever + Night Sweats + Persistent Cough + Weight Loss,14,6,6,0.0015740948954351248,0.0014398848092152627,-0.08526175048853235,0.22950819672131148,0.20689655172413793,1.5,4,3,0.0,-0.09852216748768476,4,29.0,LOW
H004,Abdominal Pain + Diarrhoea + Fever + Headache + Loss of Appetite,11,3,3,0.0012367888464133124,0.0007199424046076314,-0.4178938412199752,0.18032786885245902,0.10344827586206896,1.5,2,2,1.0,-0.4263322884012539,1,24.5,LOW
H004,Fever + Muscle Pain + Rash + Retro-orbital Pain + Vomiting,3,2,2,0.00033730604902181243,0.00047996160307175426,0.42292616590672755,0.04918032786885246,0.06896551724137931,1.0,2,1,0.0,0.40229885057471265,1,20.69,LOW
H004,Fever + Muscle Pain + Rash,3,2,2,0.00033730604902181243,0.00047996160307175426,0.42292616590672755,0.04918032786885246,0.06896551724137931,2.0,1,2,0.0,0.40229885057471265,1,20.69,LOW
H004,Diarrhoea + Fatigue + Fever + Headache + Loss of Appetite,8,3,3,0.0008994827973914999,0.0007199424046076314,-0.19960403167746585,0.13114754098360656,0.10344827586206896,1.0,3,1,0.0,-0.2112068965517242,3,19.5,LOW
H004,Fever + Headache + Muscle Pain + Rash + Retro-orbital Pain + Vomiting,18,6,6,0.002023836294130875,0.0014398848092152627,-0.2885369170466363,0.29508196721311475,0.20689655172413793,3.0,2,4,-0.5,-0.2988505747126437,2,19.0,LOW
H004,Dry Cough + Fatigue + Fever + Loss of Smell + Loss of Taste,37,4,4,0.004160107937935687,0.0009599232061435085,-0.7692552163394496,0.6065573770491803,0.13793103448275862,2.0,2,3,-0.6666666666666666,-0.7726001863932899,2,16.0,LOW
H004,Fever + Headache + Joint Pain + Muscle Pain + Nausea,4,2,2,0.00044974139869574995,0.00047996160307175426,0.06719462443004559,0.06557377049180328,0.06896551724137931,1.0,2,1,0.0,0.05172413793103441,2,15.02,LOW
H004,Breathlessness + Dry Cough + Fatigue + Fever + Loss of Taste + Sore Throat,4,2,2,0.00044974139869574995,0.00047996160307175426,0.06719462443004559,0.06557377049180328,0.06896551724137931,1.0,2,1,0.0,0.05172413793103441,2,15.02,LOW
H004,Fever + Headache + Muscle Pain + Nausea + Rash + Vomiting,4,2,2,0.00044974139869574995,0.00047996160307175426,0.06719462443004559,0.06557377049180328,0.06896551724137931,1.0,2,1,0.0,0.05172413793103441,1,10.02,LOW
H004,Fever + Headache + Joint Pain + Muscle Pain + Rash + Vomiting,10,3,3,0.001124353496739375,0.0007199424046076314,-0.3596832253419727,0.16393442622950818,0.10344827586206896,1.5,2,2,-0.5,-0.36896551724137927,1,9.5,LOW
H004,Breathlessness + Dry Cough + Fatigue + Fever + Loss of Smell + Sore Throat,5,2,2,0.0005621767483696875,0.00047996160307175426,-0.14624430045596357,0.08196721311475409,0.06896551724137931,1.0,2,1,0.0,-0.15862068965517237,1,8.0,LOW
H004,Fever + Headache + Muscle Pain + Rash,5,2,2,0.0005621767483696875,0.00047996160307175426,-0.14624430045596357,0.08196721311475409,0.06896551724137931,1.0,2,1,0.0,-0.15862068965517237,1,8.0,LOW
H005,Fever + Headache + Muscle Pain + Nausea + Rash + Vomiting,2,3,3,0.00024289531212047608,0.0007505629221916438,2.0900675506629973,0.03278688524590164,0.10344827586206896,1.5,2,2,1.0,2.1551724137931036,2,59.5,MODERATE
H005,Fever + Night Sweats + Persistent Cough,9,8,8,0.0010930289045421424,0.0020015011258443832,0.8311511411336279,0.14754098360655737,0.27586206896551724,2.0,4,3,-0.6666666666666666,0.8697318007662835,4,56.93,HIGH
H005,Dry Cough + Fatigue + Fever + Loss of Smell + Loss of Taste + Sore Throat,73,36,36,0.008865678892397377,0.009006755066299724,0.01591261939605386,1.1967213114754098,1.2413793103448276,7.2,5,14,-0.7857142857142857,0.037316957959376514,5,55.48,HIGH
H005,Breathlessness + Dry Cough + Fatigue + Fever + Loss of Smell + Loss of Taste + Sore Throat,66,21,21,0.00801554529997571,0.005253940455341506,-0.34453112561693994,1.0819672131147542,0.7241379310344828,4.2,5,5,0.0,-0.3307210031347963,5,55.0,HIGH
H005,Fever + Headache + Joint Pain + Muscle Pain + Nausea,2,5,5,0.00024289531212047608,0.0012509382036527395,4.150112584438328,0.03278688524590164,0.1724137931034483,1.6666666666666667,3,2,-0.5,4.258620689655173,3,52.5,MODERATE
H005,Fever + Joint Pain + Muscle Pain + Nausea + Rash,2,4,4,0.00024289531212047608,0.0010007505629221916,3.1200900675506626,0.03278688524590164,0.13793103448275862,1.3333333333333333,3,2,0.0,3.2068965517241375,3,51.0,MODERATE
H005,Dry Cough + Fever + Loss of Smell + Loss of Taste + Sore Throat,30,15,15,0.0036434296818071412,0.0037528146109582186,0.030022516887665707,0.4918032786885246,0.5172413793103449,3.0,5,5,-0.6,0.05172413793103457,5,48.4,MODERATE
H005,Fever + Muscle Pain + Rash + Retro-orbital Pain,2,5,5,0.00024289531212047608,0.0012509382036527395,4.150112584438328,0.03278688524590164,0.1724137931034483,1.6666666666666667,3,3,-0.6666666666666666,4.258620689655173,2,47.5,MODERATE
H005,Fever + Headache + Joint Pain + Muscle Pain + Rash + Vomiting,10,6,6,0.0012144765606023804,0.0015011258443832875,0.23602702026519892,0.16393442622950818,0.20689655172413793,1.5,4,2,1.0,0.26206896551724146,3,46.08,MODERATE
H005,Fever + Muscle Pain + Rash + Retro-orbital Pain + Vomiting,5,4,4,0.0006072382803011902,0.0010007505629221916,0.6480360270202651,0.08196721311475409,0.13793103448275862,1.3333333333333333,3,2,1.0,0.6827586206896553,1,45.44,MODERATE
H005,Fever + Headache + Joint Pain + Muscle Pain + Nausea + Rash,13,8,8,0.0015788195287830945,0.0020015011258443832,0.2677200207848193,0.21311475409836064,0.27586206896551724,2.6666666666666665,3,4,2.0,0.2944297082228117,2,45.03,MODERATE
H005,Abdominal Pain + Fever + Loss of Appetite,3,3,3,0.0003643429681807141,0.0007505629221916438,1.0600450337753315,0.04918032786885246,0.10344827586206896,1.0,3,1,0.0,1.103448275862069,2,44.5,MODERATE
H005,Breathlessness + Dry Cough + Fatigue + Fever + Loss of Smell + Sore Throat,1,2,2,0.00012144765606023804,0.0005003752814610958,3.1200900675506626,0.01639344262295082,0.06896551724137931,1.0,2,1,0.0,3.2068965517241375,2,43.0,MODERATE
H005,Fever + Muscle Pain + Nausea + Rash + Vomiting,2,2,2,0.00024289531212047608,0.0005003752814610958,1.0600450337753313,0.03278688524590164,0.06896551724137931,1.0,2,1,0.0,1.1034482758620687,2,43.0,MODERATE
H005,Dry Cough + Fever + Loss of Smell,2,2,2,0.00024289531212047608,0.0005003752814610958,1.0600450337753313,0.03278688524590164,0.06896551724137931,1.0,2,1,0.0,1.1034482758620687,2,43.0,MODERATE
H005,Abdominal Pain + Dehydration + Diarrhoea + Fever + Vomiting,1,2,2,0.00012144765606023804,0.0005003752814610958,3.1200900675506626,0.01639344262295082,0.06896551724137931,2.0,1,2,0.0,3.2068965517241375,1,38.0,LOW
H005,Diarrhoea + Fatigue + Fever + Headache + Loss of Appetite,1,2,2,0.00012144765606023804,0.0005003752814610958,3.1200900675506626,0.01639344262295082,0.06896551724137931,1.0,2,1,0.0,3.2068965517241375,1,38.0,LOW
H005,Chest Pain + Fever + Night Sweats + Persistent Cough + Weight Loss,1,2,2,0.00012144765606023804,0.0005003752814610958,3.1200900675506626,0.01639344262295082,0.06896551724137931,2.0,1,2,0.0,3.2068965517241375,1,38.0,LOW
H005,Abdominal Pain + Dehydration + Diarrhoea + Fever + Nausea + Vomiting,22,11,11,0.002671848433325237,0.0027520640480360272,0.030022516887665794,0.36065573770491804,0.3793103448275862,2.75,4,4,-0.5,0.05172413793103439,4,37.4,MODERATE
H005,Chest Pain + Fatigue + Fever + Night Sweats + Persistent Cough + Weight Loss,15,7,7,0.0018217148409035706,0.0017513134851138354,-0.03864565090484533,0.2459016393442623,0.2413793103448276,1.4,5,2,-0.5,-0.018390804597701087,5,35.5,MODERATE
H005,Fatigue + Fever + Night Sweats + Persistent Cough + Weight Loss,14,8,8,0.0017002671848433326,0.0020015011258443832,0.1771685907287608,0.22950819672131148,0.27586206896551724,2.6666666666666665,3,3,0.0,0.20197044334975364,3,32.32,LOW
H005,Dry Cough + Fatigue + Fever + Loss of Smell + Loss of Taste,24,8,8,0.002914743745445713,0.0020015011258443832,-0.3133183220748895,0.39344262295081966,0.27586206896551724,2.0,4,4,-0.5,-0.2988505747126437,4,32.0,LOW
H005,Breathlessness + Dry Cough + Fatigue + Fever + Loss of Taste + Sore Throat,3,2,2,0.0003643429681807141,0.0005003752814610958,0.3733633558502209,0.04918032786885246,0.06896551724137931,1.0,2,1,0.0,0.40229885057471265,2,24.2,LOW
H005,Fever + Headache + Muscle Pain + Rash,3,2,2,0.0003643429681807141,0.0005003752814610958,0.3733633558502209,0.04918032786885246,0.06896551724137931,1.0,2,1,0.0,0.40229885057471265,2,24.2,LOW
H005,Abdominal Pain + Fatigue + Fever + Loss of Appetite,3,2,2,0.0003643429681807141,0.0005003752814610958,0.3733633558502209,0.04918032786885246,0.06896551724137931,2.0,1,2,0.0,0.40229885057471265,1,19.2,LOW
H005,Fever + Headache + Muscle Pain + Rash + Retro-orbital Pain + Vomiting,11,5,5,0.0013359242166626185,0.0012509382036527395,-0.06361589373848578,0.18032786885245902,0.1724137931034483,2.5,2,3,-0.3333333333333333,-0.04388714733542316,2,17.5,LOW
H005,Bleeding + Fever + Headache + Joint Pain + Muscle Pain + Rash + Retro-orbital Pain + Vomiting,6,3,3,0.0007286859363614282,0.0007505629221916438,0.030022516887665766,0.09836065573770492,0.10344827586206896,1.5,2,2,-0.5,0.05172413793103449,2,15.4,LOW
H005,Anaemia + Chills + Fatigue + Fever + Headache + Nausea + Sweating + Vomiting,9,3,3,0.0010930289045421424,0.0007505629221916438,-0.31331832207488947,0.14754098360655737,0.10344827586206896,1.5,2,2,-0.5,-0.2988505747126437,2,14.5,LOW
H005,Anaemia + Chills + Fatigue + Fever + Headache + Sweating + Vomiting,4,2,2,0.00048579062424095217,0.0005003752814610958,0.03002251688766569,0.06557377049180328,0.06896551724137931,1.0,2,1,0.0,0.05172413793103441,2,13.9,LOW
H005,Bleeding + Fever + Headache + Joint Pain + Muscle Pain + Rash + Retro-orbital Pain,5,2,2,0.0006072382803011902,0.0005003752814610958,-0.17598198648986746,0.08196721311475409,0.06896551724137931,1.0,2,1,0.0,-0.15862068965517237,2,13.0,LOW
H005,Breathlessness + Dry Cough + Fever + Loss of Smell + Loss of Taste + Sore Throat,7,2,2,0.0008501335924216663,0.0005003752814610958,-0.4114157046356196,0.11475409836065574,0.06896551724137931,1.0,2,1,0.0,-0.39901477832512317,2,13.0,LOW
H005,Fever + Headache + Joint Pain + Muscle Pain + Nausea + Rash + Vomiting,7,3,3,0.0008501335924216663,0.0007505629221916438,-0.11712355695342934,0.11475409836065574,0.10344827586206896,1.5,2,2,-0.5,-0.09852216748768476,1,9.5,LOW
H005,Anaemia + Chills + Fatigue + Fever + Headache + Nausea + Sweating,4,2,2,0.00048579062424095217,0.0005003752814610958,0.03002251688766569,0.06557377049180328,0.06896551724137931,1.0,2,1,0.0,0.05172413793103441,1,8.9,LOW
H005,Fever + Joint Pain + Muscle Pain + Rash + Vomiting,7,2,2,0.0008501335924216663,0.0005003752814610958,-0.4114157046356196,0.11475409836065574,0.06896551724137931,1.0,2,1,0.0,-0.39901477832512317,1,8.0,LOW
H005,Bleeding + Fever + Headache + Joint Pain + Muscle Pain + Nausea + Rash + Retro-orbital Pain,14,2,2,0.0017002671848433326,0.0005003752814610958,-0.7057078523178099,0.22950819672131148,0.06896551724137931,2.0,1,2,0.0,-0.6995073891625616,1,8.0,LOW
H006,Fever + Headache + Joint Pain + Muscle Pain + Rash + Vomiting,12,10,10,0.0018253726802555522,0.003202049311559398,0.75418934784929,0.19672131147540983,0.3448275862068966,2.5,4,4,3.0,0.7528735632183909,4,72.63,HIGH
H006,Chest Pain + Fatigue + Night Sweats + Persistent Cough + Weight Loss,0,3,3,0.0,0.0009606147934678194,1.0,0.0,0.10344827586206896,1.5,2,2,1.0,1.0,2,59.5,MODERATE
H006,Anaemia + Chills + Fatigue + Fever + Headache + Nausea + Sweating + Vomiting,5,4,4,0.0007605719501064801,0.001280819724623759,0.6840217739353185,0.08196721311475409,0.13793103448275862,1.3333333333333333,3,2,1.0,0.6827586206896553,3,56.52,MODERATE
H006,Breathlessness + Dry Cough + Fatigue + Fever + Loss of Smell + Loss of Taste + Sore Throat,54,23,23,0.008214177061149984,0.007364713416586615,-0.10341433332147383,0.8852459016393442,0.7931034482758621,4.6,5,7,-0.2857142857142857,-0.10408684546615576,5,55.0,HIGH
H006,Dry Cough + Fever + Loss of Smell + Loss of Taste + Sore Throat,15,11,11,0.0022817158503194404,0.0035222542427153377,0.5436866261073752,0.2459016393442623,0.3793103448275862,2.75,4,5,0.0,0.5425287356321838,4,52.81,MODERATE
H006,Dry Cough + Fatigue + Fever + Loss of Smell + Loss of Taste,14,10,10,0.0021296014602981443,0.003202049311559398,0.5035908695851058,0.22950819672131148,0.3448275862068966,2.5,4,4,-0.25,0.5024630541871922,3,45.11,MODERATE
H006,Fever + Joint Pain + Muscle Pain + Rash + Vomiting,1,3,3,0.000152114390021296,0.0009606147934678194,5.315081652257445,0.01639344262295082,0.10344827586206896,1.0,3,1,0.0,5.310344827586206,2,44.5,MODERATE
H006,Fever + Joint Pain + Muscle Pain + Nausea + Rash + Vomiting,1,3,3,0.000152114390021296,0.0009606147934678194,5.315081652257445,0.01639344262295082,0.10344827586206896,1.5,2,2,-0.5,5.310344827586206,1,39.5,MODERATE
H006,Abdominal Pain + Diarrhoea + Fatigue + Fever + Headache + Loss of Appetite,29,12,12,0.004411317310617584,0.0038424591738712775,-0.1289542548610421,0.47540983606557374,0.41379310344827586,3.0,4,6,2.0,-0.12960760998810936,1,38.0,MODERATE
H006,Abdominal Pain + Diarrhoea + Fever + Headache + Loss of Appetite,2,2,2,0.000304228780042592,0.0006404098623118795,1.1050272174191482,0.03278688524590164,0.06896551724137931,2.0,1,2,0.0,1.1034482758620687,1,38.0,LOW
H006,Fever + Headache + Muscle Pain + Nausea + Rash,2,2,2,0.000304228780042592,0.0006404098623118795,1.1050272174191482,0.03278688524590164,0.06896551724137931,1.0,2,1,0.0,1.1034482758620687,1,38.0,LOW
H006,Breathlessness + Dry Cough + Fatigue + Fever + Loss of Smell + Sore Throat,2,2,2,0.000304228780042592,0.0006404098623118795,1.1050272174191482,0.03278688524590164,0.06896551724137931,1.0,2,1,0.0,1.1034482758620687,1,38.0,LOW
H006,Bleeding + Fever + Headache + Joint Pain + Muscle Pain + Nausea + Retro-orbital Pain + Vomiting,0,2,2,0.0,0.0006404098623118795,1.0,0.0,0.06896551724137931,2.0,1,2,0.0,1.0,1,38.0,LOW
H006,Abdominal Pain + Dehydration + Diarrhoea + Fever + Nausea + Vomiting,15,5,5,0.0022817158503194404,0.001601024655779699,-0.298324260860284,0.2459016393442623,0.1724137931034483,1.25,4,2,1.0,-0.2988505747126436,3,37.5,MODERATE
H006,Fatigue + Fever + Night Sweats + Persistent Cough + Weight Loss,10,6,6,0.0015211439002129601,0.0019212295869356388,0.2630163304514889,0.16393442622950818,0.20689655172413793,1.5,4,2,-0.5,0.26206896551724146,4,36.89,MODERATE
H006,Fever + Headache + Muscle Pain + Rash + Retro-orbital Pain + Vomiting,11,4,4,0.001673258290234256,0.001280819724623759,-0.23453555730212794,0.18032786885245902,0.13793103448275862,2.0,2,3,2.0,-0.2351097178683386,2,31.0,LOW
H006,Chest Pain + Fatigue + Fever + Night Sweats + Persistent Cough + Weight Loss,21,6,6,0.0031944021904472164,0.0019212295869356388,-0.3985636521659577,0.3442622950819672,0.20689655172413793,1.5,4,2,-0.5,-0.39901477832512317,4,29.0,LOW
H006,Abdominal Pain + Fatigue + Fever + Loss of Appetite,7,4,4,0.0010648007301490721,0.001280819724623759,0.20287269566808458,0.11475409836065574,0.13793103448275862,1.3333333333333333,3,2,-0.5,0.20197044334975364,3,27.09,LOW
H006,Fever + Night Sweats + Persistent Cough,12,4,4,0.0018253726802555522,0.001280819724623759,-0.29832426086028396,0.19672131147540983,0.13793103448275862,1.0,4,1,0.0,-0.2988505747126437,3,21.0,LOW
H006,Breathlessness + Dry Cough + Fatigue + Fever + Loss of Smell + Loss of Taste,5,3,3,0.0007605719501064801,0.0009606147934678194,0.2630163304514889,0.08196721311475409,0.10344827586206896,3.0,1,3,0.0,0.26206896551724146,1,17.39,LOW
H006,Anaemia + Chills + Fatigue + Fever + Headache + Nausea + Sweating,5,2,2,0.0007605719501064801,0.0006404098623118795,-0.15798911303234076,0.08196721311475409,0.06896551724137931,1.0,2,1,0.0,-0.15862068965517237,2,13.0,LOW
H006,Bleeding + Fever + Headache + Joint Pain + Muscle Pain + Rash + Retro-orbital Pain,4,2,2,0.000608457560085184,0.0006404098623118795,0.05251360870957408,0.06557377049180328,0.06896551724137931,2.0,1,2,0.0,0.05172413793103441,1,9.58,LOW
H006,Bleeding + Fever + Headache + Joint Pain + Muscle Pain + Nausea + Rash + Retro-orbital Pain + Vomiting,5,2,2,0.0007605719501064801,0.0006404098623118795,-0.15798911303234076,0.08196721311475409,0.06896551724137931,2.0,1,2,0.0,-0.15862068965517237,1,8.0,LOW
H006,Bleeding + Fever + Headache + Joint Pain + Muscle Pain + Rash + Retro-orbital Pain + Vomiting,5,2,2,0.0007605719501064801,0.0006404098623118795,-0.15798911303234076,0.08196721311475409,0.06896551724137931,1.0,2,1,0.0,-0.15862068965517237,1,8.0,LOW
H006,Fever + Headache + Joint Pain + Muscle Pain + Nausea + Rash + Vomiting,6,2,2,0.0009126863401277761,0.0006404098623118795,-0.29832426086028396,0.09836065573770492,0.06896551724137931,1.0,2,1,0.0,-0.2988505747126437,1,8.0,LOW
H007,Dry Cough + Fatigue + Fever + Loss of Smell + Loss of Taste,12,12,12,0.002073613271124935,0.004413387274733358,1.128356013240162,0.19672131147540983,0.41379310344827586,2.4,5,5,-0.4,1.103448275862069,5,73.0,HIGH
H007,Dry Cough + Fever + Loss of Smell + Loss of Taste + Sore Throat,13,9,9,0.0022464143770520133,0.0033100404560500183,0.4734772399354965,0.21311475409836064,0.3103448275862069,1.8,5,4,1.0,0.4562334217506633,5,67.7,HIGH
H007,Bleeding + Fever + Headache + Joint Pain + Muscle Pain + Rash + Retro-orbital Pain,2,3,3,0.0003456022118541559,0.0011033468186833395,2.1925340198602425,0.03278688524590164,0.10344827586206896,1.5,2,2,1.0,2.1551724137931036,2,59.5,MODERATE
H007,Breathlessness + Dry Cough + Fatigue + Fever + Loss of Smell + Loss of Taste + Sore Throat,58,24,24,0.01002246414377052,0.008826774549466716,-0.11930096003855367,0.9508196721311475,0.8275862068965517,4.8,5,7,-0.14285714285714285,-0.12960760998810936,5,55.0,HIGH
H007,Fever + Headache + Joint Pain + Muscle Pain + Nausea + Rash + Vomiting,8,8,8,0.0013824088474166235,0.002942258183155572,1.1283560132401618,0.13114754098360656,0.27586206896551724,2.6666666666666665,3,4,-0.75,1.1034482758620687,2,52.0,MODERATE
H007,Breathlessness + Dry Cough + Fatigue + Fever + Loss of Taste + Sore Throat,2,3,3,0.0003456022118541559,0.0011033468186833395,2.1925340198602425,0.03278688524590164,0.10344827586206896,1.0,3,1,0.0,2.1551724137931036,3,49.5,MODERATE
H007,Bleeding + Fever + Headache + Joint Pain + Muscle Pain + Nausea + Rash + Retro-orbital Pain + Vomiting,4,3,3,0.0006912044237083118,0.0011033468186833395,0.5962670099301214,0.06557377049180328,0.10344827586206896,1.5,2,2,1.0,0.5775862068965516,2,47.39,MODERATE
H007,Abdominal Pain + Fever + Headache + Loss of Appetite,4,3,3,0.0006912044237083118,0.0011033468186833395,0.5962670099301214,0.06557377049180328,0.10344827586206896,1.5,2,2,1.0,0.5775862068965516,2,47.39,MODERATE
H007,Anaemia + Chills + Fatigue + Fever + Headache + Nausea + Sweating + Vomiting,2,2,2,0.0003456022118541559,0.000735564545788893,1.1283560132401618,0.03278688524590164,0.06896551724137931,1.0,2,1,0.0,1.1034482758620687,2,43.0,MODERATE
H007,Fever + Headache + Muscle Pain + Rash + Retro-orbital Pain + Vomiting,10,5,5,0.0017280110592707793,0.0018389113644722325,0.06417800662008098,0.16393442622950818,0.1724137931034483,1.6666666666666667,3,2,1.0,0.051724137931034635,3,39.43,MODERATE
H007,Abdominal Pain + Diarrhoea + Fatigue + Fever + Headache + Loss of Appetite,20,10,10,0.0034560221185415585,0.003677822728944465,0.06417800662008098,0.32786885245901637,0.3448275862068966,2.5,4,5,-0.5,0.051724137931034635,4,36.93,MODERATE
H007,Abdominal Pain + Dehydration + Diarrhoea + Fever + Nausea + Vomiting,14,7,7,0.002419215482979091,0.0025744759102611253,0.06417800662008091,0.22950819672131148,0.2413793103448276,1.75,4,2,-0.5,0.0517241379310345,4,32.43,LOW
H007,Fever + Muscle Pain + Rash + Vomiting,3,2,2,0.0005184033177812338,0.000735564545788893,0.4189040088267746,0.04918032786885246,0.06896551724137931,1.0,2,1,0.0,0.40229885057471265,2,25.57,LOW
H007,Diarrhoea + Fatigue + Fever + Headache + Loss of Appetite,7,3,3,0.0012096077414895455,0.0011033468186833395,-0.08784742289707342,0.11475409836065574,0.10344827586206896,1.5,2,2,1.0,-0.09852216748768476,1,24.5,LOW
H007,Fatigue + Fever + Night Sweats + Persistent Cough + Weight Loss,12,4,4,0.002073613271124935,0.001471129091577786,-0.2905479955866127,0.19672131147540983,0.13793103448275862,1.3333333333333333,3,2,-0.5,-0.2988505747126437,3,21.0,LOW
H007,Bleeding + Fever + Headache + Joint Pain + Muscle Pain + Rash + Retro-orbital Pain + Vomiting,5,3,3,0.0008640055296353896,0.0011033468186833395,0.2770136079440972,0.08196721311475409,0.10344827586206896,1.5,2,2,-0.5,0.26206896551724146,1,17.81,LOW
H007,Fever + Headache + Joint Pain + Muscle Pain + Nausea + Vomiting,4,2,2,0.0006912044237083118,0.000735564545788893,0.06417800662008089,0.06557377049180328,0.06896551724137931,1.0,2,1,0.0,0.05172413793103441,2,14.93,LOW
H007,Abdominal Pain + Diarrhoea + Fever + Headache + Loss of Appetite,4,2,2,0.0006912044237083118,0.000735564545788893,0.06417800662008089,0.06557377049180328,0.06896551724137931,1.0,2,1,0.0,0.05172413793103441,2,14.93,LOW
H007,Abdominal Pain + Fatigue + Fever + Loss of Appetite,6,2,2,0.0010368066355624676,0.000735564545788893,-0.2905479955866127,0.09836065573770492,0.06896551724137931,1.0,2,1,0.0,-0.2988505747126437,2,13.0,LOW
H007,Anaemia + Chills + Fatigue + Fever + Headache + Nausea + Sweating,4,2,2,0.0006912044237083118,0.000735564545788893,0.06417800662008089,0.06557377049180328,0.06896551724137931,2.0,1,2,0.0,0.05172413793103441,1,9.93,LOW
H007,Chest Pain + Fatigue + Fever + Night Sweats + Persistent Cough + Weight Loss,13,3,3,0.0022464143770520133,0.0011033468186833395,-0.5088409200215012,0.21311475409836064,0.10344827586206896,1.5,2,2,-0.5,-0.5145888594164456,1,9.5,LOW
H007,Fever + Headache + Joint Pain + Muscle Pain + Nausea + Rash,6,2,2,0.0010368066355624676,0.000735564545788893,-0.2905479955866127,0.09836065573770492,0.06896551724137931,1.0,2,1,0.0,-0.2988505747126437,1,8.0,LOW
H008,Dry Cough + Fatigue + Fever + Loss of Smell + Loss of Taste,22,16,16,0.003233392122281011,0.004898958971218616,0.5151144018259757,0.36065573770491804,0.5517241379310345,4.0,4,9,-0.5,0.5297805642633228,4,59.45,HIGH
H008,Dry Cough + Fever + Loss of Taste,1,4,4,0.00014697236919459142,0.001224739742804654,7.333129210042866,0.01639344262295082,0.13793103448275862,2.0,2,3,2.0,7.413793103448275,1,56.0,MODERATE
H008,Breathlessness + Dry Cough + Fatigue + Fever + Loss of Smell + Loss of Taste + Sore Throat,66,26,26,0.009700176366843033,0.007960808328230252,-0.1793130323442631,1.0819672131147542,0.896551724137931,5.2,5,10,-0.7142857142857143,-0.17136886102403348,5,55.0,HIGH
H008,Abdominal Pain + Diarrhoea + Fatigue + Fever + Headache + Loss of Appetite,22,12,12,0.003233392122281011,0.003674219228413962,0.13633580136948173,0.36065573770491804,0.41379310344827586,2.4,5,3,0.5,0.1473354231974921,5,54.59,MODERATE
H008,Fever + Headache + Joint Pain + Muscle Pain + Nausea + Rash,7,6,6,0.00102880658436214,0.001837109614206981,0.7856705450091854,0.11475409836065574,0.20689655172413793,1.5,4,3,0.0,0.8029556650246304,4,52.57,MODERATE
H008,Abdominal Pain + Diarrhoea + Fever + Loss of Appetite,2,3,3,0.00029394473838918284,0.0009185548071034905,2.124923453766075,0.03278688524590164,0.10344827586206896,1.0,3,1,0.0,2.1551724137931036,3,49.5,MODERATE
H008,Fever + Joint Pain + Muscle Pain + Nausea + Rash,2,3,3,0.00029394473838918284,0.0009185548071034905,2.124923453766075,0.03278688524590164,0.10344827586206896,1.0,3,1,0.0,2.1551724137931036,3,49.5,MODERATE
H008,Fatigue + Fever + Night Sweats + Persistent Cough + Weight Loss,9,7,7,0.0013227513227513227,0.0021432945499081446,0.6203306797305574,0.14754098360655737,0.2413793103448276,1.75,4,3,-0.6666666666666666,0.6360153256704982,4,49.11,MODERATE
H008,Fever + Muscle Pain + Rash + Retro-orbital Pain + Vomiting,1,2,2,0.00014697236919459142,0.000612369871402327,3.1665646050214327,0.01639344262295082,0.06896551724137931,1.0,2,1,0.0,3.2068965517241375,2,43.0,MODERATE
H008,Diarrhoea + Fatigue + Fever + Loss of Appetite,2,2,2,0.00029394473838918284,0.000612369871402327,1.0832823025107166,0.03278688524590164,0.06896551724137931,1.0,2,1,0.0,1.1034482758620687,1,38.0,LOW
H008,Fever + Headache + Joint Pain + Muscle Pain + Nausea + Rash + Vomiting,6,4,4,0.0008818342151675485,0.001224739742804654,0.3888548683404777,0.09836065573770492,0.13793103448275862,1.0,4,1,0.0,0.40229885057471265,4,37.67,MODERATE
H008,Bleeding + Fever + Headache + Joint Pain + Muscle Pain + Nausea + Rash + Retro-orbital Pain + Vomiting,6,4,4,0.0008818342151675485,0.001224739742804654,0.3888548683404777,0.09836065573770492,0.13793103448275862,1.3333333333333333,3,2,1.0,0.40229885057471265,1,37.67,MODERATE
H008,Chest Pain + Fatigue + Fever + Night Sweats + Persistent Cough + Weight Loss,10,5,5,0.0014697236919459142,0.0015309246785058174,0.041641151255358125,0.16393442622950818,0.1724137931034483,1.0,5,1,0.0,0.051724137931034635,5,33.75,LOW
H008,Abdominal Pain + Fatigue + Fever + Headache + Loss of Appetite,20,9,9,0.0029394473838918285,0.0027556644213104714,-0.06252296387017765,0.32786885245901637,0.3103448275862069,2.25,4,4,-0.75,-0.053448275862068864,4,33.5,LOW
H008,Abdominal Pain + Fever + Headache + Loss of Appetite,5,4,4,0.0007348618459729571,0.001224739742804654,0.6666258420085731,0.08196721311475409,0.13793103448275862,1.3333333333333333,3,2,0.0,0.6827586206896553,1,31.0,LOW
H008,Bleeding + Fever + Headache + Joint Pain + Muscle Pain + Rash + Retro-orbital Pain + Vomiting,8,3,3,0.0011757789535567313,0.0009185548071034905,-0.21876913655848132,0.13114754098360656,0.10344827586206896,1.5,2,2,1.0,-0.2112068965517242,2,29.5,LOW
H008,Abdominal Pain + Dehydration + Diarrhoea + Fever + Nausea + Vomiting,14,8,8,0.00205761316872428,0.002449479485609308,0.19044703000612362,0.22950819672131148,0.27586206896551724,2.0,4,5,-0.8,0.20197044334975364,2,27.71,LOW
H008,Breathlessness + Dry Cough + Fever + Loss of Smell + Loss of Taste + Sore Throat,6,4,4,0.0008818342151675485,0.001224739742804654,0.3888548683404777,0.09836065573770492,0.13793103448275862,1.0,4,1,0.0,0.40229885057471265,2,27.67,LOW
H008,Abdominal Pain + Diarrhoea + Fatigue + Fever + Headache,3,2,2,0.0004409171075837742,0.000612369871402327,0.3888548683404777,0.04918032786885246,0.06896551724137931,1.0,2,1,0.0,0.40229885057471265,2,24.67,LOW
H008,Fever + Headache + Muscle Pain + Rash + Retro-orbital Pain + Vomiting,12,5,5,0.001763668430335097,0.0015309246785058174,-0.13196570728720147,0.19672131147540983,0.1724137931034483,1.6666666666666667,3,2,-0.5,-0.12356321839080452,3,22.5,LOW
H008,Dry Cough + Fever + Loss of Smell + Loss of Taste,7,4,4,0.00102880658436214,0.001224739742804654,0.19044703000612362,0.11475409836065574,0.13793103448275862,1.3333333333333333,3,2,-0.5,0.20197044334975364,2,21.71,LOW
H008,Abdominal Pain + Fatigue + Fever + Loss of Appetite,8,4,4,0.0011757789535567313,0.001224739742804654,0.041641151255358236,0.13114754098360656,0.13793103448275862,2.0,2,3,-0.6666666666666666,0.05172413793103441,2,17.25,LOW
H008,Fever + Headache + Joint Pain + Muscle Pain + Rash + Vomiting,10,4,4,0.0014697236919459142,0.001224739742804654,-0.16668707899571344,0.16393442622950818,0.13793103448275862,1.3333333333333333,3,2,-0.5,-0.15862068965517237,1,11.0,LOW
H008,Abdominal Pain + Diarrhoea + Fatigue + Fever + Loss of Appetite,7,2,2,0.00102880658436214,0.000612369871402327,-0.4047764849969382,0.11475409836065574,0.06896551724137931,1.0,2,1,0.0,-0.39901477832512317,1,8.0,LOW
H008,Anaemia + Chills + Fatigue + Fever + Headache + Nausea + Sweating + Vomiting,8,2,2,0.0011757789535567313,0.000612369871402327,-0.47917942437232086,0.13114754098360656,0.06896551724137931,1.0,2,1,0.0,-0.4741379310344828,1,8.0,LOW
H009,Abdominal Pain + Dehydration + Diarrhoea + Fever + Nausea + Vomiting,17,14,14,0.003082502266545784,0.005380476556495004,0.7454898946511734,0.2786885245901639,0.4827586206896552,3.5,4,6,1.0,0.7322515212981746,4,78.36,CRITICAL
H009,Dry Cough + Fatigue + Fever + Loss of Smell + Loss of Taste,18,15,15,0.0032638259292837716,0.005764796310530361,0.7662695362541633,0.29508196721311475,0.5172413793103449,3.0,5,6,-0.5,0.7528735632183909,5,70.49,HIGH
H009,Breathlessness + Dry Cough + Fatigue + Fever + Loss of Smell + Loss of Taste + Sore Throat,45,18,18,0.008159564823209429,0.006917755572636433,-0.15219062259800156,0.7377049180327869,0.6206896551724138,3.6,5,6,-0.2,-0.15862068965517243,5,52.0,MODERATE
H009,Fatigue + Fever + Night Sweats + Persistent Cough,20,12,12,0.003626473254759746,0.004611837048424289,0.2717140661029976,0.32786885245901637,0.41379310344827586,3.0,4,7,-0.8571428571428571,0.26206896551724146,4,46.15,MODERATE
H009,Fever + Headache + Muscle Pain + Nausea + Rash + Vomiting,1,3,3,0.00018132366273798732,0.0011529592621060721,5.358570330514988,0.01639344262295082,0.10344827586206896,1.5,2,2,-0.5,5.310344827586206,2,44.5,MODERATE
H009,Bleeding + Fever + Headache + Joint Pain + Muscle Pain + Nausea + Rash + Retro-orbital Pain + Vomiting,2,3,3,0.00036264732547597464,0.0011529592621060721,2.1792851652574936,0.03278688524590164,0.10344827586206896,1.0,3,1,0.0,2.1551724137931036,2,44.5,MODERATE
H009,Abdominal Pain + Diarrhoea + Fever + Headache + Loss of Appetite,3,3,3,0.0005439709882139619,0.0011529592621060721,1.119523443504996,0.04918032786885246,0.10344827586206896,1.5,2,2,-0.5,1.103448275862069,2,44.5,MODERATE
H009,Diarrhoea + Fatigue + Fever + Headache + Loss of Appetite,4,3,3,0.0007252946509519493,0.0011529592621060721,0.5896425826287469,0.06557377049180328,0.10344827586206896,1.5,2,2,1.0,0.5775862068965516,1,42.19,MODERATE
H009,Anaemia + Chills + Fatigue + Fever + Headache + Sweating + Vomiting,2,4,4,0.00036264732547597464,0.0015372790161414297,3.239046887009992,0.03278688524590164,0.13793103448275862,2.0,2,2,0.0,3.2068965517241375,1,41.0,MODERATE
H009,Dry Cough + Fever + Loss of Smell + Loss of Taste,3,3,3,0.0005439709882139619,0.0011529592621060721,1.119523443504996,0.04918032786885246,0.10344827586206896,1.0,3,1,0.0,1.103448275862069,1,39.5,MODERATE
H009,Breathlessness + Dry Cough + Fatigue + Fever + Loss of Smell + Sore Throat,1,2,2,0.00018132366273798732,0.0007686395080707148,3.239046887009992,0.01639344262295082,0.06896551724137931,1.0,2,1,0.0,3.2068965517241375,1,38.0,LOW
H009,Abdominal Pain + Diarrhoea + Fatigue + Fever + Loss of Appetite,1,2,2,0.00018132366273798732,0.0007686395080707148,3.239046887009992,0.01639344262295082,0.06896551724137931,1.0,2,1,0.0,3.2068965517241375,1,38.0,LOW
H009,Abdominal Pain + Diarrhoea + Fatigue + Fever + Headache + Loss of Appetite,20,8,8,0.003626473254759746,0.0030745580322828594,-0.15219062259800153,0.32786885245901637,0.27586206896551724,2.0,4,4,-0.5,-0.15862068965517237,2,22.0,LOW
H009,Abdominal Pain + Fatigue + Fever + Loss of Appetite,6,3,3,0.0010879419764279238,0.0011529592621060721,0.059761721752498026,0.09836065573770492,0.10344827586206896,1.0,3,1,0.0,0.05172413793103449,3,21.29,LOW
H009,Fatigue + Fever + Night Sweats + Persistent Cough + Weight Loss,5,3,3,0.0009066183136899365,0.0011529592621060721,0.2717140661029976,0.08196721311475409,0.10344827586206896,1.0,3,1,0.0,0.26206896551724146,1,17.65,LOW
H009,Dry Cough + Fever + Loss of Smell + Loss of Taste + Sore Throat,21,6,6,0.0038077969174977336,0.0023059185242121443,-0.3944218732842869,0.3442622950819672,0.20689655172413793,2.0,3,2,0.0,-0.39901477832512317,1,14.0,LOW
H009,Fever + Headache + Muscle Pain + Rash + Retro-orbital Pain + Vomiting,5,2,2,0.0009066183136899365,0.0007686395080707148,-0.15219062259800153,0.08196721311475409,0.06896551724137931,1.0,2,1,0.0,-0.15862068965517237,1,8.0,LOW
H009,Fever + Headache + Joint Pain + Muscle Pain + Nausea + Rash,8,2,2,0.0014505893019038985,0.0007686395080707148,-0.470119139123751,0.13114754098360656,0.06896551724137931,1.0,2,1,0.0,-0.4741379310344828,1,8.0,LOW
H009,Chest Pain + Fatigue + Fever + Night Sweats + Persistent Cough + Weight Loss,12,2,2,0.0021758839528558476,0.0007686395080707148,-0.6467460927491673,0.19672131147540983,0.06896551724137931,1.0,2,1,0.0,-0.6494252873563219,1,8.0,LOW
H010,Abdominal Pain + Dehydration + Diarrhoea + Fever + Nausea + Vomiting,20,15,15,0.0023236900197513653,0.003622313450857281,0.5588625935764309,0.32786885245901637,0.5172413793103449,3.0,5,6,0.5,0.5775862068965519,5,71.77,HIGH
H010,Fever + Muscle Pain + Nausea + Rash + Vomiting,1,3,3,0.00011618450098756825,0.0007244626901714562,5.2354503743057235,0.01639344262295082,0.10344827586206896,1.5,2,2,1.0,5.310344827586206,2,59.5,MODERATE
H010,Dry Cough + Fatigue + Fever + Loss of Smell + Loss of Taste,33,16,16,0.0038340885325897525,0.003863801014247766,0.00774955544334921,0.5409836065573771,0.5517241379310345,4.0,4,7,6.0,0.019853709508881823,4,59.23,HIGH
H010,Breathlessness + Dry Cough + Fatigue + Fever + Loss of Smell + Loss of Taste + Sore Throat,60,21,21,0.006971070059254096,0.005071238831200193,-0.2725307896643323,0.9836065573770492,0.7241379310344828,4.2,5,8,0.14285714285714285,-0.26379310344827583,5,57.14,HIGH
H010,Dry Cough + Fatigue + Fever + Loss of Smell + Loss of Taste + Sore Throat,66,31,31,0.007668177065179505,0.007486114465105047,-0.02374261816425548,1.0819672131147542,1.0689655172413792,6.2,5,11,-0.5,-0.012016718913270798,5,55.0,HIGH
H010,Abdominal Pain + Fever + Loss of Appetite,3,4,4,0.0003485535029627048,0.0009659502535619416,1.7713112774692101,0.04918032786885246,0.13793103448275862,1.0,4,1,0.0,1.8045977011494252,3,51.0,MODERATE
H010,Breathlessness + Dry Cough + Fever + Loss of Smell + Loss of Taste + Sore Throat,4,3,3,0.000464738003950273,0.0007244626901714562,0.5588625935764309,0.06557377049180328,0.10344827586206896,1.5,2,2,1.0,0.5775862068965516,2,46.27,MODERATE
H010,Fever + Muscle Pain + Rash + Retro-orbital Pain,2,3,3,0.0002323690019751365,0.0007244626901714562,2.1177251871528617,0.03278688524590164,0.10344827586206896,1.5,2,2,-0.5,2.1551724137931036,2,44.5,MODERATE
H010,Bleeding + Fever + Headache + Joint Pain + Muscle Pain + Rash + Retro-orbital Pain,2,3,3,0.0002323690019751365,0.0007244626901714562,2.1177251871528617,0.03278688524590164,0.10344827586206896,1.5,2,2,-0.5,2.1551724137931036,2,44.5,MODERATE
H010,Diarrhoea + Fatigue + Fever + Loss of Appetite,2,2,2,0.0002323690019751365,0.0004829751267809708,1.0784834581019078,0.03278688524590164,0.06896551724137931,1.0,2,1,0.0,1.1034482758620687,2,43.0,MODERATE
H010,Fever + Headache + Joint Pain + Muscle Pain + Nausea + Rash + Vomiting,8,5,5,0.000929476007900546,0.001207437816952427,0.2990521613136924,0.13114754098360656,0.1724137931034483,2.5,2,4,3.0,0.31465517241379315,2,41.47,MODERATE
H010,Chest Pain + Fever + Night Sweats + Persistent Cough + Weight Loss,1,3,3,0.00011618450098756825,0.0007244626901714562,5.2354503743057235,0.01639344262295082,0.10344827586206896,1.0,3,1,0.0,5.310344827586206,1,39.5,MODERATE
H010,Fever + Headache + Muscle Pain + Rash,2,3,3,0.0002323690019751365,0.0007244626901714562,2.1177251871528617,0.03278688524590164,0.10344827586206896,1.5,2,2,-0.5,2.1551724137931036,1,39.5,MODERATE
H010,Fever + Headache + Muscle Pain + Nausea + Rash,1,2,2,0.00011618450098756825,0.0004829751267809708,3.1569669162038156,0.01639344262295082,0.06896551724137931,1.0,2,1,0.0,3.2068965517241375,1,38.0,LOW
H010,Fever + Joint Pain + Muscle Pain + Nausea + Rash + Vomiting,2,2,2,0.0002323690019751365,0.0004829751267809708,1.0784834581019078,0.03278688524590164,0.06896551724137931,1.0,2,1,0.0,1.1034482758620687,1,38.0,LOW
H010,Fever + Joint Pain + Muscle Pain + Nausea + Rash,2,2,2,0.0002323690019751365,0.0004829751267809708,1.0784834581019078,0.03278688524590164,0.06896551724137931,1.0,2,1,0.0,1.1034482758620687,1,38.0,LOW
H010,Fever + Headache + Joint Pain + Muscle Pain + Rash + Vomiting,14,8,8,0.0016265830138259556,0.001931900507123883,0.18770483320109016,0.22950819672131148,0.27586206896551724,2.0,4,3,-0.5,0.20197044334975364,4,37.63,MODERATE
H010,Abdominal Pain + Fatigue + Fever + Loss of Appetite,8,5,5,0.000929476007900546,0.001207437816952427,0.2990521613136924,0.13114754098360656,0.1724137931034483,1.6666666666666667,3,3,2.0,0.31465517241379315,1,36.47,MODERATE
H010,Fever + Headache + Joint Pain + Muscle Pain + Nausea,5,4,4,0.0005809225049378413,0.0009659502535619416,0.6627867664815261,0.08196721311475409,0.13793103448275862,2.0,2,2,0.0,0.6827586206896553,2,35.88,MODERATE
H010,Fever + Headache + Muscle Pain + Rash + Retro-orbital Pain + Vomiting,17,4,4,0.00197513651678866,0.0009659502535619416,-0.510945068681904,0.2786885245901639,0.13793103448275862,2.0,2,3,2.0,-0.5050709939148073,2,31.0,LOW
H010,Fatigue + Fever + Night Sweats + Persistent Cough + Weight Loss,18,5,5,0.0020913210177762286,0.001207437816952427,-0.42264348386058115,0.29508196721311475,0.1724137931034483,1.25,4,2,0.0,-0.41570881226053635,4,27.5,LOW
H010,Bleeding + Fever + Headache + Joint Pain + Muscle Pain + Nausea + Rash + Retro-orbital Pain + Vomiting,8,3,3,0.000929476007900546,0.0007244626901714562,-0.22056870321178457,0.13114754098360656,0.10344827586206896,1.5,2,2,1.0,-0.2112068965517242,1,24.5,LOW
H010,Abdominal Pain + Diarrhoea + Fatigue + Fever + Loss of Appetite,10,3,3,0.0011618450098756826,0.0007244626901714562,-0.37645496256942773,0.16393442622950818,0.10344827586206896,1.5,2,2,1.0,-0.36896551724137927,1,24.5,LOW
H010,Anaemia + Chills + Fatigue + Fever + Headache + Nausea + Sweating,5,3,3,0.0005809225049378413,0.0007244626901714562,0.2470900748611446,0.08196721311475409,0.10344827586206896,1.5,2,2,-0.5,0.26206896551724146,2,21.91,LOW
H010,Dry Cough + Fever + Loss of Smell + Loss of Taste + Sore Throat,27,11,11,0.003136981526664343,0.0026563631972953395,-0.15321044299551898,0.4426229508196721,0.3793103448275862,5.5,2,8,-0.625,-0.1430395913154534,1,21.5,LOW
H010,Abdominal Pain + Diarrhoea + Fever + Headache + Loss of Appetite,3,2,2,0.0003485535029627048,0.0004829751267809708,0.3856556387346051,0.04918032786885246,0.06896551724137931,1.0,2,1,0.0,0.40229885057471265,1,19.57,LOW
H010,Bleeding + Fever + Headache + Joint Pain + Muscle Pain + Nausea + Rash + Retro-orbital Pain,9,5,5,0.0010456605088881143,0.001207437816952427,0.15471303227883768,0.14754098360655737,0.1724137931034483,1.25,4,2,0.0,0.1685823754789273,1,17.14,LOW
H010,Fever + Headache + Joint Pain + Muscle Pain + Nausea + Rash,11,3,3,0.0012780295108632508,0.0007244626901714562,-0.43314087506311605,0.18032786885245902,0.10344827586206896,1.5,2,2,-0.5,-0.4263322884012539,2,14.5,LOW
H010,Fever + Night Sweats + Persistent Cough,10,4,4,0.0011618450098756826,0.0009659502535619416,-0.16860661675923694,0.16393442622950818,0.13793103448275862,1.3333333333333333,3,2,-0.5,-0.15862068965517237,1,11.0,LOW
H010,Chest Pain + Fatigue + Fever + Night Sweats + Persistent Cough + Weight Loss,22,4,4,0.0025560590217265015,0.0009659502535619416,-0.622093916708744,0.36065573770491804,0.13793103448275862,2.0,2,2,0.0,-0.6175548589341693,1,11.0,LOW
H010,Fever + Headache + Muscle Pain + Rash + Vomiting,6,3,3,0.0006971070059254096,0.0007244626901714562,0.039241729050953855,0.09836065573770492,0.10344827586206896,1.5,2,2,-0.5,0.05172413793103449,1,10.68,LOW
H010,Anaemia + Chills + Fatigue + Fever + Headache + Nausea + Sweating + Vomiting,7,2,2,0.0008132915069129778,0.0004829751267809708,-0.40614758339945495,0.11475409836065574,0.06896551724137931,1.0,2,1,0.0,-0.39901477832512317,1,8.0,LOW
H010,Breathlessness + Dry Cough + Fatigue + Fever + Loss of Smell + Sore Throat,7,2,2,0.0008132915069129778,0.0004829751267809708,-0.40614758339945495,0.11475409836065574,0.06896551724137931,1.0,2,1,0.0,-0.39901477832512317,1,8.0,LOW
H010,Diarrhoea + Fatigue + Fever + Headache + Loss of Appetite,11,2,2,0.0012780295108632508,0.0004829751267809708,-0.622093916708744,0.18032786885245902,0.06896551724137931,1.0,2,1,0.0,-0.6175548589341693,1,8.0,LOW
