hospital_id,symptom,baseline_mean,baseline_std,baseline_min,baseline_max,baseline_days,recent_mean,absolute_change,relative_change,change_status,baseline_quality,baseline_end_date,baseline_start_date,recent_start_date,latest_observation_date,new_recent_mean,previous_recent_mean,baseline_version
H001,Abdominal Pain,0.0901338030468579,0.0164147425063603,0.0588235294117647,0.1325301204819277,42,0.09676103333654672,0.0066272302896888124,0.07352658010273361,STABLE,ADEQUATE,2026-08-28,2026-07-18,2026-08-29,2026-09-12,0.09676103333654672,0.1261349693251533,A8-20260912
H001,Anaemia,0.0020766981813711,0.0032809003479239,0.0,0.0125,42,0.0021789248504231096,0.00010222666905200951,0.04922557835752344,STABLE,ADEQUATE,2026-08-28,2026-07-18,2026-08-29,2026-09-12,0.0021789248504231096,0.0004089979550102,A8-20260912
H001,Bleeding,0.0036196084051496,0.004478515415916,0.0,0.0136054421768707,42,0.0042743037923872965,0.0006546953872376966,0.1808746455296834,STABLE,ADEQUATE,2026-08-28,2026-07-18,2026-08-29,2026-09-12,0.0042743037923872965,0.01,A8-20260912
H001,Breathlessness,0.0121648872474524,0.0081350130857762,0.0,0.0379746835443038,42,0.07219367253542412,0.060028785287971724,4.9345944657681144,HIGH_INCREASE,ADEQUATE,2026-08-28,2026-07-18,2026-08-29,2026-09-12,0.07219367253542412,0.4270756646216769,A8-20260912
H001,Chest Pain,0.0022286251302388,0.0035823948399457,0.0,0.0122699386503067,42,0.06363796039995565,0.06140933526971685,27.55480696887626,HIGH_INCREASE,ADEQUATE,2026-08-28,2026-07-18,2026-08-29,2026-09-12,0.06363796039995565,0.4274846625766871,A8-20260912
H001,Chills,0.120454961916927,0.0311686932374614,0.0710059171597633,0.18562874251497,42,0.11856146900916156,-0.0018934929077654428,-0.015719509413579073,STABLE,ADEQUATE,2026-08-28,2026-07-18,2026-08-29,2026-09-12,0.11856146900916156,0.0894069529652351,A8-20260912
H001,Dehydration,0.0049202940717648,0.0053750353667961,0.0,0.0236686390532544,42,0.0039062603626558905,-0.0010140337091089097,-0.20609209415509555,STABLE,ADEQUATE,2026-08-28,2026-07-18,2026-08-29,2026-09-12,0.0039062603626558905,0.0,A8-20260912
H001,Diarrhoea,0.1308023043716384,0.0237731042306843,0.0858895705521472,0.1927710843373494,42,0.18731600899825754,0.05651370462661914,0.43205435025098,MODERATE_INCREASE,ADEQUATE,2026-08-28,2026-07-18,2026-08-29,2026-09-12,0.18731600899825754,0.5227402862985685,A8-20260912
H001,Dry Cough,0.4656724331759639,0.0396438177250426,0.3716216216216216,0.5918367346938775,42,0.45802706286415634,-0.0076453703118075644,-0.016417914755367545,STABLE,ADEQUATE,2026-08-28,2026-07-18,2026-08-29,2026-09-12,0.45802706286415634,0.4540081799591002,A8-20260912
H001,Fatigue,0.2142389684590986,0.0315573991148789,0.1474358974358974,0.3190184049079754,42,0.20949726804893493,-0.004741700410163668,-0.02213276344760281,STABLE,ADEQUATE,2026-08-28,2026-07-18,2026-08-29,2026-09-12,0.20949726804893493,0.2064212678936605,A8-20260912
H001,Fever,0.8691411581926692,0.0235598750642335,0.8253012048192772,0.91156462585034,42,0.8633281838519018,-0.005812974340767441,-0.006688182104797795,STABLE,ADEQUATE,2026-08-28,2026-07-18,2026-08-29,2026-09-12,0.8633281838519018,0.8251533742331288,A8-20260912
H001,Headache,0.4471510354651279,0.0420729938164902,0.3691275167785235,0.5620915032679739,42,0.43565236614616387,-0.011498669318964039,-0.025715403536979594,STABLE,ADEQUATE,2026-08-28,2026-07-18,2026-08-29,2026-09-12,0.43565236614616387,0.3920245398773005,A8-20260912
H001,Joint Pain,0.1456611956960998,0.0297479338423998,0.0927152317880794,0.2108843537414966,42,0.14582369322835537,0.00016249753225555663,0.0011155855990265472,STABLE,ADEQUATE,2026-08-28,2026-07-18,2026-08-29,2026-09-12,0.14582369322835537,0.126482617586912,A8-20260912
H001,Loss of Appetite,0.0360162806989357,0.0153686777043534,0.0130718954248366,0.081081081081081,42,0.0955585125744731,0.05954223187553741,1.653203238092736,HIGH_INCREASE,ADEQUATE,2026-08-28,2026-07-18,2026-08-29,2026-09-12,0.0955585125744731,0.4349693251533742,A8-20260912
H001,Loss of Smell,0.0360341108544903,0.0179427152866179,0.0061728395061728,0.0952380952380952,42,0.035484933011818195,-0.0005491778426721036,-0.015240499339354983,STABLE,ADEQUATE,2026-08-28,2026-07-18,2026-08-29,2026-09-12,0.035484933011818195,0.0328629856850715,A8-20260912
H001,Loss of Taste,0.0348193490631152,0.0160687377726892,0.0118343195266272,0.0816326530612244,42,0.03449178919437345,-0.00032755986874175025,-0.009407409315665256,STABLE,ADEQUATE,2026-08-28,2026-07-18,2026-08-29,2026-09-12,0.03449178919437345,0.0357873210633946,A8-20260912
H001,Muscle Pain,0.392932544579323,0.0392747933868145,0.3012048192771084,0.4693877551020408,42,0.38476981217184153,-0.008162732407481443,-0.0207738771453012,STABLE,ADEQUATE,2026-08-28,2026-07-18,2026-08-29,2026-09-12,0.38476981217184153,0.3449488752556237,A8-20260912
H001,Nausea,0.1231619544422767,0.0233878585251916,0.0736196319018405,0.180722891566265,42,0.12486333363727131,0.0017013791949946067,0.013814162033227604,STABLE,ADEQUATE,2026-08-28,2026-07-18,2026-08-29,2026-09-12,0.12486333363727131,0.1489979550102249,A8-20260912
H001,Night Sweats,0.0113415360675587,0.0081768084083173,0.0,0.0337837837837837,42,0.07069815808291555,0.059356622015356846,5.233561103344756,HIGH_INCREASE,ADEQUATE,2026-08-28,2026-07-18,2026-08-29,2026-09-12,0.07069815808291555,0.4278936605316973,A8-20260912
H001,Persistent Cough,0.0307555662304398,0.0145468370796174,0.0,0.0617283950617283,42,0.032211856341919205,0.0014562901114794045,0.04735045684309548,STABLE,ADEQUATE,2026-08-28,2026-07-18,2026-08-29,2026-09-12,0.032211856341919205,0.0420449897750511,A8-20260912
H001,Rash,0.0508522234410366,0.0135202452720558,0.0245398773006134,0.081081081081081,42,0.04849293658429839,-0.0023592868567382103,-0.04639495969087399,STABLE,ADEQUATE,2026-08-28,2026-07-18,2026-08-29,2026-09-12,0.04849293658429839,0.0411656441717791,A8-20260912
H001,Retro-orbital Pain,0.1075230127246534,0.0229198674621759,0.0429447852760736,0.1486486486486486,42,0.10624990816346305,-0.0012731045611903413,-0.011840298452671963,STABLE,ADEQUATE,2026-08-28,2026-07-18,2026-08-29,2026-09-12,0.10624990816346305,0.0948466257668711,A8-20260912
H001,Runny Nose,0.184212693844677,0.0318270151089005,0.1204819277108433,0.2547770700636942,42,0.22541200010327644,0.04119930625859944,0.22365074522680584,STABLE,ADEQUATE,2026-08-28,2026-07-18,2026-08-29,2026-09-12,0.22541200010327644,0.488118609406953,A8-20260912
H001,Sore Throat,0.2905909718268671,0.0334823243427412,0.2119205298013245,0.3673469387755102,42,0.28537864914643873,-0.005212322680428372,-0.017936973910992155,STABLE,ADEQUATE,2026-08-28,2026-07-18,2026-08-29,2026-09-12,0.28537864914643873,0.2533742331288343,A8-20260912
H001,Sweating,0.120454961916927,0.0311686932374614,0.0710059171597633,0.18562874251497,42,0.11856146900916156,-0.0018934929077654428,-0.015719509413579073,STABLE,ADEQUATE,2026-08-28,2026-07-18,2026-08-29,2026-09-12,0.11856146900916156,0.0894069529652351,A8-20260912
H001,Vomiting,0.1684357031345162,0.0279974823754077,0.1088435374149659,0.253012048192771,42,0.17286029399316977,0.004424590858653571,0.026268723176344638,STABLE,ADEQUATE,2026-08-28,2026-07-18,2026-08-29,2026-09-12,0.17286029399316977,0.2122699386503067,A8-20260912
H001,Weight Loss,0.0051050957287955,0.0052386919127634,0.0,0.0135135135135135,42,0.004785313925446729,-0.00031978180334877107,-0.06263972711520938,STABLE,ADEQUATE,2026-08-28,2026-07-18,2026-08-29,2026-09-12,0.004785313925446729,0.0074846625766871,A8-20260912
H002,Abdominal Pain,0.0977792118864779,0.0280606229775654,0.0350877192982456,0.1666666666666666,42,0.09433155043095567,-0.003447661455522222,-0.03525965682281191,STABLE,ADEQUATE,2026-08-28,2026-07-18,2026-08-29,2026-09-12,0.09433155043095567,0.1031746031746031,A8-20260912
H002,Anaemia,0.0024501242923737,0.0041167869481163,0.0,0.0161290322580645,42,0.0016765246480357036,-0.0007735996443379964,-0.31573893893706384,DECREASE,ADEQUATE,2026-08-28,2026-07-18,2026-08-29,2026-09-12,0.0016765246480357036,0.0,A8-20260912
H002,Bleeding,0.0054298841231932,0.0065776589023599,0.0,0.0217391304347826,42,0.0041782221211988406,-0.0012516620019943593,-0.23051357516968216,STABLE,ADEQUATE,2026-08-28,2026-07-18,2026-08-29,2026-09-12,0.0041782221211988406,0.0,A8-20260912
H002,Breathlessness,0.010513184123008,0.0070040161509628,0.0,0.0298507462686567,42,0.011507719954299604,0.0009945358312916045,0.09459891690806334,STABLE,ADEQUATE,2026-08-28,2026-07-18,2026-08-29,2026-09-12,0.011507719954299604,0.0,A8-20260912
H002,Chest Pain,0.0028661564743003,0.0059416916197077,0.0,0.0263157894736842,42,0.002459296637206093,-0.00040685983709420675,-0.14195311412421452,STABLE,ADEQUATE,2026-08-28,2026-07-18,2026-08-29,2026-09-12,0.002459296637206093,0.0,A8-20260912
H002,Chills,0.1124997626410362,0.0249071764577836,0.0608695652173913,0.1825396825396825,42,0.1151216401384358,0.0026218774973996023,0.02330562692621387,STABLE,ADEQUATE,2026-08-28,2026-07-18,2026-08-29,2026-09-12,0.1151216401384358,0.119047619047619,A8-20260912
H002,Dehydration,0.0046209415737339,0.0057796652815896,0.0,0.0175438596491228,42,0.004210009675789912,-0.00041093189794398806,-0.08892817435298997,STABLE,ADEQUATE,2026-08-28,2026-07-18,2026-08-29,2026-09-12,0.004210009675789912,0.0,A8-20260912
H002,Diarrhoea,0.1379296742718627,0.0269845926197468,0.0614035087719298,0.1983471074380165,42,0.13565118674586849,-0.002278487525994216,-0.01651919746800288,STABLE,ADEQUATE,2026-08-28,2026-07-18,2026-08-29,2026-09-12,0.13565118674586849,0.1428571428571428,A8-20260912
H002,Dry Cough,0.434711423106211,0.047050521734663,0.3333333333333333,0.5431034482758621,42,0.44399777954235015,0.00928635643613912,0.021362117355425987,STABLE,ADEQUATE,2026-08-28,2026-07-18,2026-08-29,2026-09-12,0.44399777954235015,0.3888888888888889,A8-20260912
H002,Fatigue,0.2070816430211235,0.0333094057951488,0.1338582677165354,0.2846715328467153,42,0.2031608783864261,-0.003920764634697399,-0.018933424409315985,STABLE,ADEQUATE,2026-08-28,2026-07-18,2026-08-29,2026-09-12,0.2031608783864261,0.1428571428571428,A8-20260912
H002,Fever,0.866934482029567,0.0281259519057416,0.8015873015873016,0.9298245614035088,42,0.8647543834899409,-0.0021800985396260852,-0.002514721221518713,STABLE,ADEQUATE,2026-08-28,2026-07-18,2026-08-29,2026-09-12,0.8647543834899409,0.8650793650793651,A8-20260912
H002,Headache,0.4341893434273261,0.0386868694671581,0.3709677419354839,0.5275590551181102,42,0.4320785788364103,-0.0021107645909158035,-0.004861391977643273,STABLE,ADEQUATE,2026-08-28,2026-07-18,2026-08-29,2026-09-12,0.4320785788364103,0.4523809523809524,A8-20260912
H002,Joint Pain,0.1704649402205974,0.0327510461163557,0.0948275862068965,0.2260869565217391,42,0.16317979296246898,-0.007285147258128427,-0.04273692437108048,STABLE,ADEQUATE,2026-08-28,2026-07-18,2026-08-29,2026-09-12,0.16317979296246898,0.1746031746031746,A8-20260912
H002,Loss of Appetite,0.0405239131628185,0.0166285941918762,0.0075187969924812,0.0725806451612903,42,0.035897272298608354,-0.004626640864210149,-0.11417063415423524,STABLE,ADEQUATE,2026-08-28,2026-07-18,2026-08-29,2026-09-12,0.035897272298608354,0.0476190476190476,A8-20260912
H002,Loss of Smell,0.0298850218032799,0.0139739870094665,0.0075187969924812,0.0620155038759689,42,0.03369746118221347,0.003812439378933573,0.12757023916626875,STABLE,ADEQUATE,2026-08-28,2026-07-18,2026-08-29,2026-09-12,0.03369746118221347,0.0,A8-20260912
H002,Loss of Taste,0.0285983233516702,0.011733727555695,0.0077519379844961,0.0656934306569343,42,0.031997554081326436,0.003399230729656238,0.1188611894430418,STABLE,ADEQUATE,2026-08-28,2026-07-18,2026-08-29,2026-09-12,0.031997554081326436,0.0,A8-20260912
H002,Muscle Pain,0.4068077165081189,0.0438091376211417,0.2619047619047619,0.4916666666666666,42,0.40320641129217133,-0.0036013052159475922,-0.008852598094401483,STABLE,ADEQUATE,2026-08-28,2026-07-18,2026-08-29,2026-09-12,0.40320641129217133,0.4206349206349206,A8-20260912
H002,Nausea,0.1276426208522603,0.0293166009983396,0.0583333333333333,0.1904761904761904,42,0.12728105438904283,-0.000361566463217472,-0.0028326468134492974,STABLE,ADEQUATE,2026-08-28,2026-07-18,2026-08-29,2026-09-12,0.12728105438904283,0.1428571428571428,A8-20260912
H002,Night Sweats,0.0146082998791672,0.0094016796727194,0.0,0.0350877192982456,42,0.01284014502968055,-0.0017681548494866504,-0.12103768844506022,STABLE,ADEQUATE,2026-08-28,2026-07-18,2026-08-29,2026-09-12,0.01284014502968055,0.0158730158730158,A8-20260912
H002,Persistent Cough,0.0331233715304507,0.0163727265949505,0.0,0.065040650406504,42,0.03283781373076082,-0.00028555779968988254,-0.00862103664258229,STABLE,ADEQUATE,2026-08-28,2026-07-18,2026-08-29,2026-09-12,0.03283781373076082,0.0238095238095238,A8-20260912
H002,Rash,0.0572954556109203,0.0189942335209046,0.0074626865671641,0.09375,42,0.05347866800325427,-0.0038167876076660306,-0.06661588719330412,STABLE,ADEQUATE,2026-08-28,2026-07-18,2026-08-29,2026-09-12,0.05347866800325427,0.0396825396825396,A8-20260912
H002,Retro-orbital Pain,0.1279938309073061,0.0340048995881514,0.0598290598290598,0.2105263157894736,42,0.12452787043266601,-0.0034659604746400813,-0.02707912131444953,STABLE,ADEQUATE,2026-08-28,2026-07-18,2026-08-29,2026-09-12,0.12452787043266601,0.119047619047619,A8-20260912
H002,Runny Nose,0.1746310395371531,0.0346683866604675,0.0714285714285714,0.2347826086956521,42,0.17566092863898583,0.0010298891018327427,0.0058975145802395105,STABLE,ADEQUATE,2026-08-28,2026-07-18,2026-08-29,2026-09-12,0.17566092863898583,0.1666666666666666,A8-20260912
H002,Sore Throat,0.2779345425237474,0.0421306656724041,0.1842105263157894,0.3941605839416058,42,0.2889818612839282,0.011047318760180835,0.039747915677796425,STABLE,ADEQUATE,2026-08-28,2026-07-18,2026-08-29,2026-09-12,0.2889818612839282,0.2142857142857142,A8-20260912
H002,Sweating,0.1124997626410362,0.0249071764577836,0.0608695652173913,0.1825396825396825,42,0.1151216401384358,0.0026218774973996023,0.02330562692621387,STABLE,ADEQUATE,2026-08-28,2026-07-18,2026-08-29,2026-09-12,0.1151216401384358,0.119047619047619,A8-20260912
H002,Vomiting,0.1767126956804106,0.0290701072316266,0.1119402985074626,0.2396694214876033,42,0.17299877124033533,-0.0037139244400752613,-0.021016738077449672,STABLE,ADEQUATE,2026-08-28,2026-07-18,2026-08-29,2026-09-12,0.17299877124033533,0.1825396825396825,A8-20260912
H002,Weight Loss,0.0046051357533467,0.0065951118921801,0.0,0.0263157894736842,42,0.004578744053295251,-2.6391700051448842e-05,-0.0057309277000725,STABLE,ADEQUATE,2026-08-28,2026-07-18,2026-08-29,2026-09-12,0.004578744053295251,0.0,A8-20260912
H003,Abdominal Pain,0.0958377858752292,0.0241276063114292,0.0428571428571428,0.1543624161073825,42,0.094700974767328,-0.0011368111079012033,-0.011861825662178931,STABLE,ADEQUATE,2026-08-28,2026-07-18,2026-08-29,2026-09-12,0.094700974767328,0.0864646464646464,A8-20260912
H003,Anaemia,0.0022870641737504,0.0037509794351633,0.0,0.014388489208633,42,0.0021534262239302606,-0.00013363794982013946,-0.058432094452774246,STABLE,ADEQUATE,2026-08-28,2026-07-18,2026-08-29,2026-09-12,0.0021534262239302606,0.0,A8-20260912
H003,Bleeding,0.0037311945399111,0.0048097752210851,0.0,0.0137931034482758,42,0.0032134241098623517,-0.0005177704300487482,-0.13876800700428896,STABLE,ADEQUATE,2026-08-28,2026-07-18,2026-08-29,2026-09-12,0.0032134241098623517,0.0,A8-20260912
H003,Breathlessness,0.0087713488263961,0.0079337836917185,0.0,0.0266666666666666,42,0.06779266634749702,0.059021317521100916,6.728875876362918,HIGH_INCREASE,ADEQUATE,2026-08-28,2026-07-18,2026-08-29,2026-09-12,0.06779266634749702,0.42,A8-20260912
H003,Chest Pain,0.002287500825912,0.0033922603330483,0.0,0.0121212121212121,42,0.06275346297489114,0.06046596214897913,26.43319795299836,HIGH_INCREASE,ADEQUATE,2026-08-28,2026-07-18,2026-08-29,2026-09-12,0.06275346297489114,0.4233333333333333,A8-20260912
H003,Chills,0.1447302771304346,0.0301185986219476,0.0493827160493827,0.2158273381294964,42,0.14986038806593757,0.005130110935502974,0.03544601058753993,STABLE,ADEQUATE,2026-08-28,2026-07-18,2026-08-29,2026-09-12,0.14986038806593757,0.1842424242424242,A8-20260912
H003,Dehydration,0.0044333141735079,0.0052067070022208,0.0,0.014388489208633,42,0.0043572400435308595,-7.607412997704018e-05,-0.017159652350297077,STABLE,ADEQUATE,2026-08-28,2026-07-18,2026-08-29,2026-09-12,0.0043572400435308595,0.0,A8-20260912
H003,Diarrhoea,0.142694486183051,0.0274082431290152,0.0928571428571428,0.2013422818791946,42,0.19410807873658606,0.05141359255353506,0.3603053904099756,MODERATE_INCREASE,ADEQUATE,2026-08-28,2026-07-18,2026-08-29,2026-09-12,0.19410807873658606,0.5205050505050505,A8-20260912
H003,Dry Cough,0.3677942964475247,0.0431524973229997,0.2875,0.4642857142857143,42,0.36701295354271085,-0.0007813429048138532,-0.0021244019071550006,STABLE,ADEQUATE,2026-08-28,2026-07-18,2026-08-29,2026-09-12,0.36701295354271085,0.3535353535353536,A8-20260912
H003,Fatigue,0.1845587180396251,0.0354089452797293,0.120253164556962,0.272189349112426,42,0.19439706346785227,0.009838345428227174,0.05330740012029594,STABLE,ADEQUATE,2026-08-28,2026-07-18,2026-08-29,2026-09-12,0.19439706346785227,0.2158585858585858,A8-20260912
H003,Fever,0.8577766966464989,0.0297311973953124,0.7962962962962963,0.920863309352518,42,0.86448226537587,0.006705568729371114,0.007817382723949853,STABLE,ADEQUATE,2026-08-28,2026-07-18,2026-08-29,2026-09-12,0.86448226537587,0.8741414141414141,A8-20260912
H003,Headache,0.4427416315616678,0.0445417332629719,0.345679012345679,0.5443786982248521,42,0.4461937958596807,0.0034521642980129275,0.007797243475469482,STABLE,ADEQUATE,2026-08-28,2026-07-18,2026-08-29,2026-09-12,0.4461937958596807,0.4357575757575757,A8-20260912
H003,Joint Pain,0.1930664796780878,0.0347517769118956,0.1204819277108433,0.2662337662337662,42,0.19904231519846385,0.0059758355203760605,0.030952216720064284,STABLE,ADEQUATE,2026-08-28,2026-07-18,2026-08-29,2026-09-12,0.19904231519846385,0.2270707070707071,A8-20260912
H003,Loss of Appetite,0.0405629568716601,0.0176897993877708,0.0123456790123456,0.0933333333333333,42,0.09588007351876758,0.05531711664710748,1.3637348189908607,HIGH_INCREASE,ADEQUATE,2026-08-28,2026-07-18,2026-08-29,2026-09-12,0.09588007351876758,0.4324242424242424,A8-20260912
H003,Loss of Smell,0.0282438244146103,0.0142520227670186,0.0,0.06,42,0.028352873948673942,0.00010904953406364049,0.0038610045319227393,STABLE,ADEQUATE,2026-08-28,2026-07-18,2026-08-29,2026-09-12,0.028352873948673942,0.0274747474747474,A8-20260912
H003,Loss of Taste,0.0294126723237487,0.0141361569374814,0.0,0.0625,42,0.02812434665234664,-0.0012883256714020588,-0.043801721150030455,STABLE,ADEQUATE,2026-08-28,2026-07-18,2026-08-29,2026-09-12,0.02812434665234664,0.0249494949494949,A8-20260912
H003,Muscle Pain,0.4057417377076356,0.0409673338917384,0.30625,0.4797297297297297,42,0.4100614565124286,0.004319718804792982,0.010646473860930797,STABLE,ADEQUATE,2026-08-28,2026-07-18,2026-08-29,2026-09-12,0.4100614565124286,0.4141414141414141,A8-20260912
H003,Nausea,0.139369680075856,0.0222573921285106,0.0909090909090909,0.186335403726708,42,0.1372246593800106,-0.0021450206958454066,-0.015390870486880048,STABLE,ADEQUATE,2026-08-28,2026-07-18,2026-08-29,2026-09-12,0.1372246593800106,0.1317171717171717,A8-20260912
H003,Night Sweats,0.0100436542621018,0.0084039658053229,0.0,0.032258064516129,42,0.06962463567182248,0.05958098140972068,5.932201552829277,HIGH_INCREASE,ADEQUATE,2026-08-28,2026-07-18,2026-08-29,2026-09-12,0.06962463567182248,0.4270707070707071,A8-20260912
H003,Persistent Cough,0.031859326883347,0.0162751251788593,0.0059171597633136,0.0967741935483871,42,0.027832739697460442,-0.004026587185886558,-0.1263864487981782,STABLE,ADEQUATE,2026-08-28,2026-07-18,2026-08-29,2026-09-12,0.027832739697460442,0.0224242424242424,A8-20260912
H003,Rash,0.0538675301418103,0.0172347535833893,0.0179640718562874,0.0909090909090909,42,0.053951281081783035,8.375093997273209e-05,0.0015547573789303402,STABLE,ADEQUATE,2026-08-28,2026-07-18,2026-08-29,2026-09-12,0.053951281081783035,0.0344444444444444,A8-20260912
H003,Retro-orbital Pain,0.1436053771962373,0.0238188503807499,0.09375,0.1948051948051948,42,0.14520054141055946,0.0015951642143221534,0.011107969948384002,STABLE,ADEQUATE,2026-08-28,2026-07-18,2026-08-29,2026-09-12,0.14520054141055946,0.1179797979797979,A8-20260912
H003,Runny Nose,0.1390905463624941,0.0253171715714284,0.0769230769230769,0.2,42,0.19015631016319529,0.051065763800701186,0.3671404357533757,MODERATE_INCREASE,ADEQUATE,2026-08-28,2026-07-18,2026-08-29,2026-09-12,0.19015631016319529,0.4947474747474747,A8-20260912
H003,Sore Throat,0.2263075867607441,0.0339046679740936,0.1548387096774193,0.3,42,0.22534684296867702,-0.0009607437920670925,-0.004245300857203721,STABLE,ADEQUATE,2026-08-28,2026-07-18,2026-08-29,2026-09-12,0.22534684296867702,0.2033333333333333,A8-20260912
H003,Sweating,0.1447302771304346,0.0301185986219476,0.0493827160493827,0.2158273381294964,42,0.14986038806593757,0.005130110935502974,0.03544601058753993,STABLE,ADEQUATE,2026-08-28,2026-07-18,2026-08-29,2026-09-12,0.14986038806593757,0.1842424242424242,A8-20260912
H003,Vomiting,0.1810197310772441,0.0285776410191016,0.1272727272727272,0.2453987730061349,42,0.17878136809035955,-0.00223836298688454,-0.012365298376945406,STABLE,ADEQUATE,2026-08-28,2026-07-18,2026-08-29,2026-09-12,0.17878136809035955,0.1704040404040404,A8-20260912
H003,Weight Loss,0.0033592893219426,0.0045276264202834,0.0,0.0137931034482758,42,0.0032274868855088107,-0.00013180243643378916,-0.03923521429752018,STABLE,ADEQUATE,2026-08-28,2026-07-18,2026-08-29,2026-09-12,0.0032274868855088107,0.0033333333333333,A8-20260912
H004,Abdominal Pain,0.1027979802577103,0.0308660774762931,0.0458015267175572,0.1969696969696969,42,0.10411950454136147,0.0013215242836511765,0.01285554716481948,STABLE,ADEQUATE,2026-08-28,2026-07-18,2026-08-29,2026-09-12,0.10411950454136147,0.1,A8-20260912
H004,Anaemia,0.0014967424000002,0.0033274830857993,0.0,0.0147058823529411,42,0.0018825061414427299,0.0003857637414425299,0.25773556053632096,MODERATE_INCREASE,ADEQUATE,2026-08-28,2026-07-18,2026-08-29,2026-09-12,0.0018825061414427299,0.0133333333333333,A8-20260912
H004,Bleeding,0.0024556470558791,0.0045365257050005,0.0,0.0204081632653061,42,0.002768319106154235,0.00031267205027513513,0.12732776460141634,STABLE,ADEQUATE,2026-08-28,2026-07-18,2026-08-29,2026-09-12,0.002768319106154235,0.0,A8-20260912
H004,Breathlessness,0.0122525648046927,0.009517557988862,0.0,0.0416666666666666,42,0.010518703025327909,-0.0017338617793647912,-0.14151010886314405,STABLE,ADEQUATE,2026-08-28,2026-07-18,2026-08-29,2026-09-12,0.010518703025327909,0.0133333333333333,A8-20260912
H004,Chest Pain,0.0022789335720572,0.003620624643073,0.0,0.0140845070422535,42,0.002429863761030451,0.00015093018897325075,0.0662284284297965,STABLE,ADEQUATE,2026-08-28,2026-07-18,2026-08-29,2026-09-12,0.002429863761030451,0.0,A8-20260912
H004,Chills,0.1224096350646555,0.0302340800553324,0.0606060606060606,0.1764705882352941,42,0.12136831071281698,-0.0010413243518385268,-0.00850688225063746,STABLE,ADEQUATE,2026-08-28,2026-07-18,2026-08-29,2026-09-12,0.12136831071281698,0.08,A8-20260912
H004,Dehydration,0.0056156885973739,0.0058750314797847,0.0,0.0227272727272727,42,0.005777305218855116,0.00016161662148121616,0.028779484239349375,STABLE,ADEQUATE,2026-08-28,2026-07-18,2026-08-29,2026-09-12,0.005777305218855116,0.0066666666666666,A8-20260912
H004,Diarrhoea,0.1482244744544952,0.0330483518733397,0.0909090909090909,0.2236842105263158,42,0.1500022508076336,0.001777776353138416,0.011993811141386049,STABLE,ADEQUATE,2026-08-28,2026-07-18,2026-08-29,2026-09-12,0.1500022508076336,0.1333333333333333,A8-20260912
H004,Dry Cough,0.4179451795920349,0.0507689522033755,0.3020134228187919,0.5294117647058824,42,0.4222466089362834,0.004301429344248486,0.010291850592575806,STABLE,ADEQUATE,2026-08-28,2026-07-18,2026-08-29,2026-09-12,0.4222466089362834,0.52,A8-20260912
H004,Fatigue,0.2126034931623996,0.0345504664314594,0.131578947368421,0.2720588235294117,42,0.2076658739176025,-0.0049376192447971035,-0.02322454429770562,STABLE,ADEQUATE,2026-08-28,2026-07-18,2026-08-29,2026-09-12,0.2076658739176025,0.2266666666666666,A8-20260912
H004,Fever,0.8479991295335019,0.0293982656807679,0.7870967741935484,0.9025974025974026,42,0.85522709954158,0.007227970008078177,0.008523558287205319,STABLE,ADEQUATE,2026-08-28,2026-07-18,2026-08-29,2026-09-12,0.85522709954158,0.9133333333333332,A8-20260912
H004,Headache,0.4187287040077522,0.041295826732758,0.3469387755102041,0.4967320261437908,42,0.4207597890455691,0.0020310850378169043,0.004850599011667711,STABLE,ADEQUATE,2026-08-28,2026-07-18,2026-08-29,2026-09-12,0.4207597890455691,0.46,A8-20260912
H004,Joint Pain,0.1624108540645699,0.0344543847460217,0.0844155844155844,0.2352941176470588,42,0.16169933536193223,-0.0007115187026376646,-0.004380979995061076,STABLE,ADEQUATE,2026-08-28,2026-07-18,2026-08-29,2026-09-12,0.16169933536193223,0.1533333333333333,A8-20260912
H004,Loss of Appetite,0.0325511398173133,0.0126338759342215,0.0136054421768707,0.0579710144927536,42,0.035060851675948045,0.0025097118586347444,0.07710058304317438,STABLE,ADEQUATE,2026-08-28,2026-07-18,2026-08-29,2026-09-12,0.035060851675948045,0.02,A8-20260912
H004,Loss of Smell,0.0322401310870126,0.0153003839632324,0.0130718954248366,0.0671140939597315,42,0.03258513425140402,0.0003450031643914206,0.010701047196746647,STABLE,ADEQUATE,2026-08-28,2026-07-18,2026-08-29,2026-09-12,0.03258513425140402,0.0666666666666666,A8-20260912
H004,Loss of Taste,0.0330762885662988,0.0160244700872346,0.0069444444444444,0.0671140939597315,42,0.03292158455316531,-0.00015470401313349286,-0.004677187793406775,STABLE,ADEQUATE,2026-08-28,2026-07-18,2026-08-29,2026-09-12,0.03292158455316531,0.0533333333333333,A8-20260912
H004,Muscle Pain,0.3834609161632685,0.0516266286759134,0.2697368421052631,0.5163398692810458,42,0.38775374914686983,0.004292832983601336,0.011194968776879336,STABLE,ADEQUATE,2026-08-28,2026-07-18,2026-08-29,2026-09-12,0.38775374914686983,0.4,A8-20260912
H004,Nausea,0.135745573875763,0.0255694905511017,0.0785714285714285,0.1907894736842105,42,0.140695522728932,0.0049499488531689895,0.03646490056242482,STABLE,ADEQUATE,2026-08-28,2026-07-18,2026-08-29,2026-09-12,0.140695522728932,0.1533333333333333,A8-20260912
H004,Night Sweats,0.009480566295497,0.0059865307938085,0.0,0.0211267605633802,42,0.010012785728920972,0.0005322194334239725,0.056137937000320506,STABLE,ADEQUATE,2026-08-28,2026-07-18,2026-08-29,2026-09-12,0.010012785728920972,0.0,A8-20260912
H004,Persistent Cough,0.0335913756197663,0.0129122558620066,0.0138888888888888,0.0642857142857142,42,0.029081898866718837,-0.004509476753047463,-0.13424507540542444,STABLE,ADEQUATE,2026-08-28,2026-07-18,2026-08-29,2026-09-12,0.029081898866718837,0.0,A8-20260912
H004,Rash,0.0532238808768098,0.0241465823609301,0.0196078431372549,0.1323529411764706,42,0.05505765970788064,0.0018337788310708383,0.0344540608625523,STABLE,ADEQUATE,2026-08-28,2026-07-18,2026-08-29,2026-09-12,0.05505765970788064,0.06,A8-20260912
H004,Retro-orbital Pain,0.1277304569094426,0.0316232890311329,0.065359477124183,0.1973684210526315,42,0.13023847889459256,0.0025080219851499608,0.019635269816094682,STABLE,ADEQUATE,2026-08-28,2026-07-18,2026-08-29,2026-09-12,0.13023847889459256,0.12,A8-20260912
H004,Runny Nose,0.1498411282231625,0.0257386210492669,0.0902777777777777,0.2045454545454545,42,0.15631852889313136,0.0064774006699688524,0.043228456344254707,STABLE,ADEQUATE,2026-08-28,2026-07-18,2026-08-29,2026-09-12,0.15631852889313136,0.2333333333333333,A8-20260912
H004,Sore Throat,0.2735927536670547,0.042581544624885,0.1842105263157894,0.3507462686567164,42,0.2750565942697001,0.001463840602645372,0.005350436307340123,STABLE,ADEQUATE,2026-08-28,2026-07-18,2026-08-29,2026-09-12,0.2750565942697001,0.3066666666666666,A8-20260912
H004,Sweating,0.1224096350646555,0.0302340800553324,0.0606060606060606,0.1764705882352941,42,0.12136831071281698,-0.0010413243518385268,-0.00850688225063746,STABLE,ADEQUATE,2026-08-28,2026-07-18,2026-08-29,2026-09-12,0.12136831071281698,0.08,A8-20260912
H004,Vomiting,0.1880204478698553,0.0337478461897566,0.1319444444444444,0.2651515151515151,42,0.18940320027800944,0.0013827524081541365,0.007354266112115929,STABLE,ADEQUATE,2026-08-28,2026-07-18,2026-08-29,2026-09-12,0.18940320027800944,0.1666666666666666,A8-20260912
H004,Weight Loss,0.004080406806014,0.0043106212826318,0.0,0.0140845070422535,42,0.004739863937721344,0.0006594571317073434,0.16161553567046,STABLE,ADEQUATE,2026-08-28,2026-07-18,2026-08-29,2026-09-12,0.004739863937721344,0.0,A8-20260912
H005,Abdominal Pain,0.1173497900552449,0.0378232232462922,0.0544217687074829,0.2338709677419354,42,0.11112945677652594,-0.006220333278718959,-0.053006769554428734,STABLE,ADEQUATE,2026-08-28,2026-07-18,2026-08-29,2026-09-12,0.11112945677652594,0.0916666666666666,A8-20260912
H005,Anaemia,0.0031330293076246,0.0049478036297449,0.0,0.0161290322580645,42,0.00368275351450929,0.0005497242068846901,0.17546092069642333,STABLE,ADEQUATE,2026-08-28,2026-07-18,2026-08-29,2026-09-12,0.00368275351450929,0.01,A8-20260912
H005,Bleeding,0.0029159844596362,0.0042422790484347,0.0,0.0151515151515151,42,0.004890928453674896,0.0019749439940386962,0.6772820710728655,HIGH_INCREASE,ADEQUATE,2026-08-28,2026-07-18,2026-08-29,2026-09-12,0.004890928453674896,0.01,A8-20260912
H005,Breathlessness,0.0075450204456222,0.0067812098568657,0.0,0.0300751879699248,42,0.05684889949362544,0.04930387904800324,6.534624975948279,HIGH_INCREASE,ADEQUATE,2026-08-28,2026-07-18,2026-08-29,2026-09-12,0.05684889949362544,0.3404629629629629,A8-20260912
H005,Chest Pain,0.0022476931441479,0.0050914738653825,0.0,0.0279720279720279,42,0.05092376168152955,0.048676068537381656,21.65601148186744,HIGH_INCREASE,ADEQUATE,2026-08-28,2026-07-18,2026-08-29,2026-09-12,0.05092376168152955,0.3399999999999999,A8-20260912
H005,Chills,0.1243214024119398,0.0280856101877539,0.0697674418604651,0.1830985915492957,42,0.12887142060537204,0.004550018193432245,0.03659883258359433,STABLE,ADEQUATE,2026-08-28,2026-07-18,2026-08-29,2026-09-12,0.12887142060537204,0.1535185185185185,A8-20260912
H005,Dehydration,0.0049244565348519,0.0058750192596879,0.0,0.016,42,0.0054487422136408935,0.0005242856787889931,0.10646569323507302,STABLE,ADEQUATE,2026-08-28,2026-07-18,2026-08-29,2026-09-12,0.0054487422136408935,0.0033333333333333,A8-20260912
H005,Diarrhoea,0.1680433487188264,0.0404722338272086,0.0859375,0.282258064516129,42,0.20511572446609766,0.03707237574727126,0.22061197917033615,STABLE,ADEQUATE,2026-08-28,2026-07-18,2026-08-29,2026-09-12,0.20511572446609766,0.441574074074074,A8-20260912
H005,Dry Cough,0.3902323239167154,0.041457320140857,0.3175675675675675,0.544,42,0.3940216283849798,0.003789304468264365,0.00971038080657073,STABLE,ADEQUATE,2026-08-28,2026-07-18,2026-08-29,2026-09-12,0.3940216283849798,0.4012037037037037,A8-20260912
H005,Fatigue,0.1945693120097424,0.0314264967500922,0.1428571428571428,0.2554744525547445,42,0.19508886286617094,0.0005195508564285467,0.002670261055363818,STABLE,ADEQUATE,2026-08-28,2026-07-18,2026-08-29,2026-09-12,0.19508886286617094,0.2005555555555555,A8-20260912
H005,Fever,0.8351276483102554,0.0413349139873713,0.7258064516129032,0.9197080291970804,42,0.8443723369164423,0.00924468860618688,0.011069791097075997,STABLE,ADEQUATE,2026-08-28,2026-07-18,2026-08-29,2026-09-12,0.8443723369164423,0.8612037037037037,A8-20260912
H005,Headache,0.4162076004937211,0.0395228320816632,0.3358208955223881,0.4932432432432432,42,0.43709922591274236,0.020891625419021287,0.050195204014147884,STABLE,ADEQUATE,2026-08-28,2026-07-18,2026-08-29,2026-09-12,0.43709922591274236,0.462037037037037,A8-20260912
H005,Joint Pain,0.1588406307831206,0.0337529001124374,0.0709219858156028,0.2275862068965517,42,0.15853665960277205,-0.00030397118034855564,-0.0019136865602327833,STABLE,ADEQUATE,2026-08-28,2026-07-18,2026-08-29,2026-09-12,0.15853665960277205,0.1373148148148148,A8-20260912
H005,Loss of Appetite,0.0413435152585939,0.0179568176788436,0.0072463768115942,0.0697674418604651,42,0.08771475166148647,0.04637123640289257,1.1216084581306516,HIGH_INCREASE,ADEQUATE,2026-08-28,2026-07-18,2026-08-29,2026-09-12,0.08771475166148647,0.3637037037037037,A8-20260912
H005,Loss of Smell,0.0300405712603872,0.0147503858151492,0.0,0.0634920634920634,42,0.027663871840111317,-0.002376699420275883,-0.07911631904982785,STABLE,ADEQUATE,2026-08-28,2026-07-18,2026-08-29,2026-09-12,0.027663871840111317,0.0189814814814814,A8-20260912
H005,Loss of Taste,0.0305051213175547,0.0165741190431683,0.0067114093959731,0.0638297872340425,42,0.027395418131714665,-0.003109703185840036,-0.10194036448727394,STABLE,ADEQUATE,2026-08-28,2026-07-18,2026-08-29,2026-09-12,0.027395418131714665,0.0180555555555555,A8-20260912
H005,Muscle Pain,0.381293204094579,0.0425568295470819,0.282258064516129,0.4765100671140939,42,0.387032739945487,0.005739535850907973,0.015052814446397247,STABLE,ADEQUATE,2026-08-28,2026-07-18,2026-08-29,2026-09-12,0.387032739945487,0.3755555555555556,A8-20260912
H005,Nausea,0.1560540798196192,0.0316208308852743,0.1081081081081081,0.2419354838709677,42,0.1527108016486699,-0.0033432781709492876,-0.021423843418984866,STABLE,ADEQUATE,2026-08-28,2026-07-18,2026-08-29,2026-09-12,0.1527108016486699,0.1582407407407407,A8-20260912
H005,Night Sweats,0.0108720930738792,0.0104860009121142,0.0,0.0419580419580419,42,0.06026318806743764,0.04939109499355844,4.542924224243743,HIGH_INCREASE,ADEQUATE,2026-08-28,2026-07-18,2026-08-29,2026-09-12,0.06026318806743764,0.350925925925926,A8-20260912
H005,Persistent Cough,0.0337513131877555,0.0180477464621806,0.0075187969924812,0.081081081081081,42,0.03083992681155335,-0.0029113863762021477,-0.08625994372445211,STABLE,ADEQUATE,2026-08-28,2026-07-18,2026-08-29,2026-09-12,0.03083992681155335,0.0261111111111111,A8-20260912
H005,Rash,0.0529357625112153,0.0233646051949943,0.0069444444444444,0.0955882352941176,42,0.05645026685311297,0.0035145043418976715,0.06639187149052717,STABLE,ADEQUATE,2026-08-28,2026-07-18,2026-08-29,2026-09-12,0.05645026685311297,0.0699074074074074,A8-20260912
H005,Retro-orbital Pain,0.133272438586487,0.0263549592309326,0.0671641791044776,0.1774193548387097,42,0.1339528612434734,0.0006804226569863958,0.005105501664133176,STABLE,ADEQUATE,2026-08-28,2026-07-18,2026-08-29,2026-09-12,0.1339528612434734,0.1197222222222222,A8-20260912
H005,Runny Nose,0.1499708251729266,0.0275337172613626,0.0845070422535211,0.2105263157894736,42,0.19643231129648353,0.04646148612355694,0.30980349724677236,MODERATE_INCREASE,ADEQUATE,2026-08-28,2026-07-18,2026-08-29,2026-09-12,0.19643231129648353,0.434537037037037,A8-20260912
H005,Sore Throat,0.2463542090165436,0.0365643197122848,0.1748251748251748,0.336,42,0.2502243251452591,0.0038701161287155172,0.015709559597805064,STABLE,ADEQUATE,2026-08-28,2026-07-18,2026-08-29,2026-09-12,0.2502243251452591,0.2328703703703703,A8-20260912
H005,Sweating,0.1243214024119398,0.0280856101877539,0.0697674418604651,0.1830985915492957,42,0.12887142060537204,0.004550018193432245,0.03659883258359433,STABLE,ADEQUATE,2026-08-28,2026-07-18,2026-08-29,2026-09-12,0.12887142060537204,0.1535185185185185,A8-20260912
H005,Vomiting,0.2126333216073828,0.0388891101728242,0.15625,0.3064516129032258,42,0.2060469857695795,-0.006586335837803298,-0.030975087949595456,STABLE,ADEQUATE,2026-08-28,2026-07-18,2026-08-29,2026-09-12,0.2060469857695795,0.2114814814814815,A8-20260912
H005,Weight Loss,0.0039314179888374,0.0056525965932239,0.0,0.0279720279720279,42,0.005191355027797913,0.0012599370389605128,0.32047903391038346,MODERATE_INCREASE,ADEQUATE,2026-08-28,2026-07-18,2026-08-29,2026-09-12,0.005191355027797913,0.0109259259259259,A8-20260912
H006,Abdominal Pain,0.1091793946561835,0.0241491406176921,0.0490196078431372,0.1616161616161616,42,0.10648070822662624,-0.0026986864295572566,-0.02471790980391201,STABLE,ADEQUATE,2026-08-28,2026-07-18,2026-08-29,2026-09-12,0.10648070822662624,0.1752577319587628,A8-20260912
H006,Anaemia,0.002668599628035,0.0047418576688931,0.0,0.0185185185185185,42,0.002898556809792464,0.00022995718175746393,0.08617148085521951,STABLE,ADEQUATE,2026-08-28,2026-07-18,2026-08-29,2026-09-12,0.002898556809792464,0.0,A8-20260912
H006,Bleeding,0.002751575096476,0.0063020013104825,0.0,0.0309278350515463,42,0.003269324149555351,0.0005177490530793509,0.18816460933319354,STABLE,ADEQUATE,2026-08-28,2026-07-18,2026-08-29,2026-09-12,0.003269324149555351,0.0,A8-20260912
H006,Breathlessness,0.0094796724591598,0.0102772656694236,0.0,0.0380952380952381,42,0.010239990932420907,0.0007603184732611068,0.08020514174268159,STABLE,ADEQUATE,2026-08-28,2026-07-18,2026-08-29,2026-09-12,0.010239990932420907,0.0,A8-20260912
H006,Chest Pain,0.0039312777022176,0.0054648057534364,0.0,0.0188679245283018,42,0.0034610027900097927,-0.0004702749122078077,-0.11962393598969862,STABLE,ADEQUATE,2026-08-28,2026-07-18,2026-08-29,2026-09-12,0.0034610027900097927,0.0,A8-20260912
H006,Chills,0.1352529314030681,0.0388208845111751,0.0504201680672268,0.2075471698113207,42,0.13332827174923575,-0.0019246596538323446,-0.014230077188468873,STABLE,ADEQUATE,2026-08-28,2026-07-18,2026-08-29,2026-09-12,0.13332827174923575,0.1030927835051546,A8-20260912
H006,Dehydration,0.0052500830790174,0.0068388653810329,0.0,0.0202020202020202,42,0.005533197094871614,0.0002831140158542139,0.05392562586022947,STABLE,ADEQUATE,2026-08-28,2026-07-18,2026-08-29,2026-09-12,0.005533197094871614,0.0,A8-20260912
H006,Diarrhoea,0.1545812535558914,0.0308613755015578,0.0588235294117647,0.2075471698113207,42,0.14924981690026334,-0.005331436655628047,-0.03448954212096862,STABLE,ADEQUATE,2026-08-28,2026-07-18,2026-08-29,2026-09-12,0.14924981690026334,0.2061855670103092,A8-20260912
H006,Dry Cough,0.3867320406778901,0.0512626141278923,0.2924528301886792,0.5294117647058824,42,0.3872671392624189,0.0005350985845288259,0.0013836417163441356,STABLE,ADEQUATE,2026-08-28,2026-07-18,2026-08-29,2026-09-12,0.3872671392624189,0.422680412371134,A8-20260912
H006,Fatigue,0.2078986124470004,0.0373248136521333,0.1052631578947368,0.2828282828282828,42,0.20719251192897334,-0.000706100518027053,-0.0033963695558913804,STABLE,ADEQUATE,2026-08-28,2026-07-18,2026-08-29,2026-09-12,0.20719251192897334,0.1752577319587628,A8-20260912
H006,Fever,0.844623518704721,0.0352214324648272,0.7522123893805309,0.9215686274509804,42,0.8454661833396562,0.0008426646349352085,0.0009976807610418941,STABLE,ADEQUATE,2026-08-28,2026-07-18,2026-08-29,2026-09-12,0.8454661833396562,0.8247422680412371,A8-20260912
H006,Headache,0.4330615479591989,0.0494738387193294,0.3217391304347826,0.5811965811965812,42,0.4324601875034304,-0.0006013604557684737,-0.001388625839912093,STABLE,ADEQUATE,2026-08-28,2026-07-18,2026-08-29,2026-09-12,0.4324601875034304,0.4123711340206185,A8-20260912
H006,Joint Pain,0.164877102895889,0.0348521206941309,0.1034482758620689,0.2666666666666666,42,0.17115155154518227,0.006274448649293274,0.03805530628018888,STABLE,ADEQUATE,2026-08-28,2026-07-18,2026-08-29,2026-09-12,0.17115155154518227,0.134020618556701,A8-20260912
H006,Loss of Appetite,0.0393375235547179,0.0204830048425437,0.0,0.0808080808080808,42,0.037895638073534146,-0.0014418854811837564,-0.03665420064326407,STABLE,ADEQUATE,2026-08-28,2026-07-18,2026-08-29,2026-09-12,0.037895638073534146,0.0412371134020618,A8-20260912
H006,Loss of Smell,0.030821785722741,0.016261728567345,0.0,0.0686274509803921,42,0.029969426665105357,-0.0008523590576356432,-0.027654434603597733,STABLE,ADEQUATE,2026-08-28,2026-07-18,2026-08-29,2026-09-12,0.029969426665105357,0.0103092783505154,A8-20260912
H006,Loss of Taste,0.0322469000997625,0.0161410358094812,0.0,0.0707964601769911,42,0.031098651904692423,-0.0011482481950700757,-0.035608017872035165,STABLE,ADEQUATE,2026-08-28,2026-07-18,2026-08-29,2026-09-12,0.031098651904692423,0.0103092783505154,A8-20260912
H006,Muscle Pain,0.3774061483270913,0.046182587821209,0.2844827586206896,0.4571428571428571,42,0.38396175505021507,0.006555606723123775,0.01737016408498503,STABLE,ADEQUATE,2026-08-28,2026-07-18,2026-08-29,2026-09-12,0.38396175505021507,0.4020618556701031,A8-20260912
H006,Nausea,0.1421674314041033,0.0295149187534014,0.09009009009009,0.2061855670103092,42,0.139515902014831,-0.0026515293892722946,-0.018650751181791173,STABLE,ADEQUATE,2026-08-28,2026-07-18,2026-08-29,2026-09-12,0.139515902014831,0.1546391752577319,A8-20260912
H006,Night Sweats,0.0142225825064097,0.0109184291004871,0.0,0.043103448275862,42,0.014001482736004,-0.00022109977040569995,-0.015545683795896896,STABLE,ADEQUATE,2026-08-28,2026-07-18,2026-08-29,2026-09-12,0.014001482736004,0.0,A8-20260912
H006,Persistent Cough,0.0379836876662143,0.0191895105183311,0.008695652173913,0.0884955752212389,42,0.0423899280573929,0.004406240391178602,0.11600349154876453,STABLE,ADEQUATE,2026-08-28,2026-07-18,2026-08-29,2026-09-12,0.0423899280573929,0.0309278350515463,A8-20260912
H006,Rash,0.0577552754461403,0.020802197989085,0.0,0.0990990990990991,42,0.056445065031251754,-0.0013102104148885463,-0.02268555391291283,STABLE,ADEQUATE,2026-08-28,2026-07-18,2026-08-29,2026-09-12,0.056445065031251754,0.0412371134020618,A8-20260912
H006,Retro-orbital Pain,0.1288333730504643,0.0330290440511645,0.0686274509803921,0.2450980392156862,42,0.13328329238988137,0.004449919339417074,0.0345401135905526,STABLE,ADEQUATE,2026-08-28,2026-07-18,2026-08-29,2026-09-12,0.13328329238988137,0.1134020618556701,A8-20260912
H006,Runny Nose,0.1469326441509938,0.0337887452354089,0.081081081081081,0.2181818181818181,42,0.14534944677653197,-0.001583197374461831,-0.010774987298498996,STABLE,ADEQUATE,2026-08-28,2026-07-18,2026-08-29,2026-09-12,0.14534944677653197,0.2371134020618556,A8-20260912
H006,Sore Throat,0.2488878746153122,0.0411707906856221,0.1538461538461538,0.3361344537815126,42,0.2469085626399044,-0.0019793119754077937,-0.007952625166923345,STABLE,ADEQUATE,2026-08-28,2026-07-18,2026-08-29,2026-09-12,0.2469085626399044,0.2474226804123711,A8-20260912
H006,Sweating,0.1352529314030681,0.0388208845111751,0.0504201680672268,0.2075471698113207,42,0.13332827174923575,-0.0019246596538323446,-0.014230077188468873,STABLE,ADEQUATE,2026-08-28,2026-07-18,2026-08-29,2026-09-12,0.13332827174923575,0.1030927835051546,A8-20260912
H006,Vomiting,0.1982319843938112,0.0371774141938713,0.1176470588235294,0.2735849056603773,42,0.1915749544648205,-0.006657029928990699,-0.03358201729830704,STABLE,ADEQUATE,2026-08-28,2026-07-18,2026-08-29,2026-09-12,0.1915749544648205,0.2371134020618556,A8-20260912
H006,Weight Loss,0.0058624583839749,0.0063322834120728,0.0,0.0188679245283018,42,0.0054184909569719025,-0.00044396742700299717,-0.07573058910176445,STABLE,ADEQUATE,2026-08-28,2026-07-18,2026-08-29,2026-09-12,0.0054184909569719025,0.0,A8-20260912
H007,Abdominal Pain,0.0945830477434763,0.0360300856888305,0.0112359550561797,0.1847826086956521,42,0.0974898789305238,0.002906831187047501,0.03073310975272516,STABLE,ADEQUATE,2026-08-28,2026-07-18,2026-08-29,2026-09-12,0.0974898789305238,0.1115730337078651,A8-20260912
H007,Anaemia,0.0028145055370782,0.0058861217484068,0.0,0.0224719101123595,42,0.002631793035555038,-0.00018271250152316221,-0.06491815315909454,STABLE,ADEQUATE,2026-08-28,2026-07-18,2026-08-29,2026-09-12,0.002631793035555038,0.0033333333333333,A8-20260912
H007,Bleeding,0.0040738334364729,0.006120544363278,0.0,0.0202020202020202,42,0.004526029584597097,0.00045219614812419713,0.11100015628417684,STABLE,ADEQUATE,2026-08-28,2026-07-18,2026-08-29,2026-09-12,0.004526029584597097,0.01,A8-20260912
H007,Breathlessness,0.0103402150627906,0.0093463670521526,0.0,0.0309278350515463,42,0.06327159705252185,0.05293138198973125,5.118982697004584,HIGH_INCREASE,ADEQUATE,2026-08-28,2026-07-18,2026-08-29,2026-09-12,0.06327159705252185,0.3681647940074906,A8-20260912
H007,Chest Pain,0.0017373860902187,0.0039373418220036,0.0,0.0112359550561797,42,0.054912699611876045,0.053175313521657344,30.606503540593962,HIGH_INCREASE,ADEQUATE,2026-08-28,2026-07-18,2026-08-29,2026-09-12,0.054912699611876045,0.3666666666666666,A8-20260912
H007,Chills,0.1181864285877689,0.0324677835148648,0.0444444444444444,0.1888888888888888,42,0.11783845641013989,-0.00034797217762901067,-0.002944265105452406,STABLE,ADEQUATE,2026-08-28,2026-07-18,2026-08-29,2026-09-12,0.11783845641013989,0.1000749063670412,A8-20260912
H007,Dehydration,0.0052404869715448,0.0070864531871348,0.0,0.0232558139534883,42,0.004348764888591803,-0.0008917220829529971,-0.17016015645014257,STABLE,ADEQUATE,2026-08-28,2026-07-18,2026-08-29,2026-09-12,0.004348764888591803,0.0033333333333333,A8-20260912
H007,Diarrhoea,0.1325854275196547,0.0436908357833498,0.0224719101123595,0.2209302325581395,42,0.1793616274704348,0.046776199950780084,0.35280046099972706,MODERATE_INCREASE,ADEQUATE,2026-08-28,2026-07-18,2026-08-29,2026-09-12,0.1793616274704348,0.4497378277153558,A8-20260912
H007,Dry Cough,0.4522626197793418,0.0581072415342211,0.3235294117647059,0.5544554455445545,42,0.4494113350569331,-0.002851284722408698,-0.006304489024098067,STABLE,ADEQUATE,2026-08-28,2026-07-18,2026-08-29,2026-09-12,0.4494113350569331,0.459625468164794,A8-20260912
H007,Fatigue,0.2215875978929543,0.0420663434848713,0.1212121212121212,0.303030303030303,42,0.21994860972125801,-0.0016389881716962762,-0.0073965699672778945,STABLE,ADEQUATE,2026-08-28,2026-07-18,2026-08-29,2026-09-12,0.21994860972125801,0.2320599250936329,A8-20260912
H007,Fever,0.862146381906959,0.0396117160681335,0.8,0.9887640449438202,42,0.8622035857763131,5.720386935403887e-05,6.635052997324088e-05,STABLE,ADEQUATE,2026-08-28,2026-07-18,2026-08-29,2026-09-12,0.8622035857763131,0.8584269662921348,A8-20260912
H007,Headache,0.439828620313985,0.0499472127414497,0.348314606741573,0.5977011494252874,42,0.43435342183783854,-0.00547519847614647,-0.012448481575023092,STABLE,ADEQUATE,2026-08-28,2026-07-18,2026-08-29,2026-09-12,0.43435342183783854,0.4099625468164794,A8-20260912
H007,Joint Pain,0.1412749857244631,0.0352119667672755,0.0824742268041237,0.2333333333333333,42,0.14882782915309575,0.007552843428632661,0.05346200100393862,STABLE,ADEQUATE,2026-08-28,2026-07-18,2026-08-29,2026-09-12,0.14882782915309575,0.1408239700374531,A8-20260912
H007,Loss of Appetite,0.0393767361801682,0.0197693450772755,0.0099009900990099,0.101010101010101,42,0.09185404205416632,0.05247730587399812,1.3326982112963421,HIGH_INCREASE,ADEQUATE,2026-08-28,2026-07-18,2026-08-29,2026-09-12,0.09185404205416632,0.4108239700374531,A8-20260912
H007,Loss of Smell,0.0327723189363739,0.021336046991772,0.0,0.0808080808080808,42,0.03333215726626801,0.000559838329894112,0.017082658416116815,STABLE,ADEQUATE,2026-08-28,2026-07-18,2026-08-29,2026-09-12,0.03333215726626801,0.0296629213483146,A8-20260912
H007,Loss of Taste,0.032081931903025,0.0182670278983163,0.0,0.0909090909090909,42,0.032109407369644835,2.747546661983208e-05,0.000856415589400382,STABLE,ADEQUATE,2026-08-28,2026-07-18,2026-08-29,2026-09-12,0.032109407369644835,0.0274157303370786,A8-20260912
H007,Muscle Pain,0.3972038779606467,0.0554754109606208,0.3232323232323232,0.532608695652174,42,0.3924830025066614,-0.004720875453985307,-0.0118852703005408,STABLE,ADEQUATE,2026-08-28,2026-07-18,2026-08-29,2026-09-12,0.3924830025066614,0.3698876404494381,A8-20260912
H007,Nausea,0.1259891625638626,0.0351304520864238,0.0561797752808988,0.202020202020202,42,0.12561397240489514,-0.00037519015896747554,-0.0029779558124874077,STABLE,ADEQUATE,2026-08-28,2026-07-18,2026-08-29,2026-09-12,0.12561397240489514,0.1264044943820224,A8-20260912
H007,Night Sweats,0.0135680678486105,0.0125756521953828,0.0,0.0425531914893617,42,0.06555126004716742,0.051983192198556925,3.831289228398169,HIGH_INCREASE,ADEQUATE,2026-08-28,2026-07-18,2026-08-29,2026-09-12,0.06555126004716742,0.3740823970037453,A8-20260912
H007,Persistent Cough,0.0352840115118386,0.0217723806373422,0.0,0.0898876404494382,42,0.03256981518013396,-0.002714196331704645,-0.07692425592804178,STABLE,ADEQUATE,2026-08-28,2026-07-18,2026-08-29,2026-09-12,0.03256981518013396,0.0248314606741573,A8-20260912
H007,Rash,0.0461162134584915,0.0208159375578598,0.010204081632653,0.1022727272727272,42,0.04837730627224091,0.0022610928137494143,0.04903032240026796,STABLE,ADEQUATE,2026-08-28,2026-07-18,2026-08-29,2026-09-12,0.04837730627224091,0.0481647940074906,A8-20260912
H007,Retro-orbital Pain,0.119911752432303,0.0291206458649147,0.0707070707070707,0.1888888888888888,42,0.12239436609733115,0.002482613665028152,0.02070367261482338,STABLE,ADEQUATE,2026-08-28,2026-07-18,2026-08-29,2026-09-12,0.12239436609733115,0.1352434456928839,A8-20260912
H007,Runny Nose,0.1787635260638856,0.0370136132122597,0.101010101010101,0.2758620689655172,42,0.21840141670451135,0.039637890640625756,0.22173365850067295,STABLE,ADEQUATE,2026-08-28,2026-07-18,2026-08-29,2026-09-12,0.21840141670451135,0.4601498127340824,A8-20260912
H007,Sore Throat,0.2805546280416003,0.0450652023221632,0.2022471910112359,0.3563218390804598,42,0.289174216550825,0.008619588509224674,0.030723387346675925,STABLE,ADEQUATE,2026-08-28,2026-07-18,2026-08-29,2026-09-12,0.289174216550825,0.3217228464419476,A8-20260912
H007,Sweating,0.1181864285877689,0.0324677835148648,0.0444444444444444,0.1888888888888888,42,0.11783845641013989,-0.00034797217762901067,-0.002944265105452406,STABLE,ADEQUATE,2026-08-28,2026-07-18,2026-08-29,2026-09-12,0.11783845641013989,0.1000749063670412,A8-20260912
H007,Vomiting,0.1712657515941406,0.0530580747092935,0.0449438202247191,0.2828282828282828,42,0.1748688895822954,0.0036031379881548142,0.021038286724676867,STABLE,ADEQUATE,2026-08-28,2026-07-18,2026-08-29,2026-09-12,0.1748688895822954,0.1904868913857678,A8-20260912
H007,Weight Loss,0.0037626756826857,0.0055835201882398,0.0,0.0202020202020202,42,0.004612158087415571,0.0008494824047298711,0.22576551272777584,STABLE,ADEQUATE,2026-08-28,2026-07-18,2026-08-29,2026-09-12,0.004612158087415571,0.0033333333333333,A8-20260912
H008,Abdominal Pain,0.0914135955108289,0.0283993013800056,0.0423728813559322,0.1779661016949152,42,0.09003455994595018,-0.001379035564878714,-0.015085672510445701,STABLE,ADEQUATE,2026-08-28,2026-07-18,2026-08-29,2026-09-12,0.09003455994595018,0.042016806722689,A8-20260912
H008,Anaemia,0.0010573086889434,0.00292008630011,0.0,0.0098039215686274,42,0.0018224870729943773,0.0007651783840509773,0.7237038643989985,HIGH_INCREASE,ADEQUATE,2026-08-28,2026-07-18,2026-08-29,2026-09-12,0.0018224870729943773,0.0,A8-20260912
H008,Bleeding,0.0038081566518846,0.0056060698685604,0.0,0.0192307692307692,42,0.004272060334522798,0.0004639036826381976,0.12181843475599108,STABLE,ADEQUATE,2026-08-28,2026-07-18,2026-08-29,2026-09-12,0.004272060334522798,0.0,A8-20260912
H008,Breathlessness,0.0106752053565616,0.0092628462193767,0.0,0.0388349514563106,42,0.011763766359934473,0.0010885610033728732,0.10197096608579811,STABLE,ADEQUATE,2026-08-28,2026-07-18,2026-08-29,2026-09-12,0.011763766359934473,0.0252100840336134,A8-20260912
H008,Chest Pain,0.0016544219154235,0.0034590581627694,0.0,0.0097087378640776,42,0.002182343347424662,0.0005279214320011623,0.31909721884095366,MODERATE_INCREASE,ADEQUATE,2026-08-28,2026-07-18,2026-08-29,2026-09-12,0.002182343347424662,0.0084033613445378,A8-20260912
H008,Chills,0.1250534361536522,0.0279375814391941,0.0642201834862385,0.2049180327868852,42,0.12818703014207797,0.0031335939884257757,0.025058039865258504,STABLE,ADEQUATE,2026-08-28,2026-07-18,2026-08-29,2026-09-12,0.12818703014207797,0.1512605042016806,A8-20260912
H008,Dehydration,0.0048196213118735,0.0073232032132938,0.0,0.0267857142857142,42,0.004137645428843209,-0.0006819758830302908,-0.14149988949343217,STABLE,ADEQUATE,2026-08-28,2026-07-18,2026-08-29,2026-09-12,0.004137645428843209,0.0,A8-20260912
H008,Diarrhoea,0.1336936412844578,0.0351130203823105,0.0762711864406779,0.2434782608695652,42,0.13065411832086377,-0.003039522963594027,-0.02273498525727849,STABLE,ADEQUATE,2026-08-28,2026-07-18,2026-08-29,2026-09-12,0.13065411832086377,0.0588235294117647,A8-20260912
H008,Dry Cough,0.4165146618995948,0.0467916202900106,0.3217391304347826,0.5175438596491229,42,0.4151123059863453,-0.0014023559132494978,-0.0033668824690439116,STABLE,ADEQUATE,2026-08-28,2026-07-18,2026-08-29,2026-09-12,0.4151123059863453,0.4117647058823529,A8-20260912
H008,Fatigue,0.2046940379561374,0.0376865124249944,0.1393442622950819,0.2752293577981651,42,0.21030629925888952,0.005612261302752136,0.027417805417247927,STABLE,ADEQUATE,2026-08-28,2026-07-18,2026-08-29,2026-09-12,0.21030629925888952,0.2184873949579832,A8-20260912
H008,Fever,0.8637692400455483,0.0380481878311791,0.7391304347826086,0.923728813559322,42,0.8684955063354685,0.004726266289920122,0.005471677006778913,STABLE,ADEQUATE,2026-08-28,2026-07-18,2026-08-29,2026-09-12,0.8684955063354685,0.9411764705882352,A8-20260912
H008,Headache,0.4248952212678771,0.053323375757692,0.3035714285714285,0.5137614678899083,42,0.4307391200098824,0.005843898742005305,0.01375374080359683,STABLE,ADEQUATE,2026-08-28,2026-07-18,2026-08-29,2026-09-12,0.4307391200098824,0.4453781512605042,A8-20260912
H008,Joint Pain,0.1736743354958863,0.0411609592962032,0.0982142857142857,0.2666666666666666,42,0.17683666487862726,0.0031623293827409693,0.018208386251841298,STABLE,ADEQUATE,2026-08-28,2026-07-18,2026-08-29,2026-09-12,0.17683666487862726,0.2100840336134453,A8-20260912
H008,Loss of Appetite,0.0381577412675219,0.018808948030152,0.0096153846153846,0.0980392156862745,42,0.03574989810416773,-0.0024078431633541703,-0.06310235048958766,STABLE,ADEQUATE,2026-08-28,2026-07-18,2026-08-29,2026-09-12,0.03574989810416773,0.0588235294117647,A8-20260912
H008,Loss of Smell,0.0341021130462316,0.0195468085992039,0.0,0.0970873786407767,42,0.03516209883708736,0.0010599857908557622,0.03108270122202572,STABLE,ADEQUATE,2026-08-28,2026-07-18,2026-08-29,2026-09-12,0.03516209883708736,0.0756302521008403,A8-20260912
H008,Loss of Taste,0.0367736157629055,0.0215824747730235,0.008130081300813,0.1067961165048543,42,0.03681727081278715,4.3655049881650976e-05,0.0011871296573911277,STABLE,ADEQUATE,2026-08-28,2026-07-18,2026-08-29,2026-09-12,0.03681727081278715,0.0504201680672268,A8-20260912
H008,Muscle Pain,0.3916908031692425,0.0493460918581825,0.2457627118644068,0.4907407407407407,42,0.39735541238819266,0.0056646092189501784,0.014461940829646193,STABLE,ADEQUATE,2026-08-28,2026-07-18,2026-08-29,2026-09-12,0.39735541238819266,0.4117647058823529,A8-20260912
H008,Nausea,0.1349117098152705,0.0354734193301259,0.0825688073394495,0.2521739130434782,42,0.13177605761335265,-0.00313565220191786,-0.02324225381333755,STABLE,ADEQUATE,2026-08-28,2026-07-18,2026-08-29,2026-09-12,0.13177605761335265,0.1008403361344537,A8-20260912
H008,Night Sweats,0.0103059745486928,0.0109248928616287,0.0,0.0571428571428571,42,0.01030263096932496,-3.3435793678395637e-06,-0.00032443116874023915,STABLE,ADEQUATE,2026-08-28,2026-07-18,2026-08-29,2026-09-12,0.01030263096932496,0.0336134453781512,A8-20260912
H008,Persistent Cough,0.0348941815954636,0.0184578141402732,0.0,0.0769230769230769,42,0.03368115161519458,-0.0012130299802690162,-0.03476310160622066,STABLE,ADEQUATE,2026-08-28,2026-07-18,2026-08-29,2026-09-12,0.03368115161519458,0.0504201680672268,A8-20260912
H008,Rash,0.059068236105027,0.025068677574513,0.0089285714285714,0.1217391304347826,42,0.058479217362036755,-0.0005890187429902424,-0.009971835657034526,STABLE,ADEQUATE,2026-08-28,2026-07-18,2026-08-29,2026-09-12,0.058479217362036755,0.0588235294117647,A8-20260912
H008,Retro-orbital Pain,0.1417513820155975,0.0253747023853327,0.0932203389830508,0.2083333333333333,42,0.1454584884071814,0.003707106391583892,0.02615217106790524,STABLE,ADEQUATE,2026-08-28,2026-07-18,2026-08-29,2026-09-12,0.1454584884071814,0.1512605042016806,A8-20260912
H008,Runny Nose,0.1599997915406051,0.0355329031116625,0.0916666666666666,0.2288135593220339,42,0.15338936688137947,-0.006610424659225622,-0.04131520794855545,STABLE,ADEQUATE,2026-08-28,2026-07-18,2026-08-29,2026-09-12,0.15338936688137947,0.1176470588235294,A8-20260912
H008,Sore Throat,0.263972999916244,0.0415531644528238,0.1862745098039215,0.3559322033898305,42,0.26493710366310214,0.0009641037468581248,0.003652281662003407,STABLE,ADEQUATE,2026-08-28,2026-07-18,2026-08-29,2026-09-12,0.26493710366310214,0.2773109243697479,A8-20260912
H008,Sweating,0.1250534361536522,0.0279375814391941,0.0642201834862385,0.2049180327868852,42,0.12818703014207797,0.0031335939884257757,0.025058039865258504,STABLE,ADEQUATE,2026-08-28,2026-07-18,2026-08-29,2026-09-12,0.12818703014207797,0.1512605042016806,A8-20260912
H008,Vomiting,0.1764678827371887,0.0395630610805854,0.1166666666666666,0.3130434782608696,42,0.1754437623470936,-0.0010241203900950846,-0.005803437850616102,STABLE,ADEQUATE,2026-08-28,2026-07-18,2026-08-29,2026-09-12,0.1754437623470936,0.1260504201680672,A8-20260912
H008,Weight Loss,0.0040442048983848,0.0063967683501317,0.0,0.029126213592233,42,0.0042928081944000685,0.00024860329601526874,0.061471488775100766,STABLE,ADEQUATE,2026-08-28,2026-07-18,2026-08-29,2026-09-12,0.0042928081944000685,0.0168067226890756,A8-20260912
H009,Abdominal Pain,0.1145004221799351,0.0334953073485389,0.0465116279069767,0.1910112359550561,42,0.11392875269813346,-0.0005716694818016371,-0.004992728156960592,STABLE,ADEQUATE,2026-08-28,2026-07-18,2026-08-29,2026-09-12,0.11392875269813346,0.1309722222222222,A8-20260912
H009,Anaemia,0.0031678379061751,0.0055590443275569,0.0,0.0204081632653061,42,0.002466618719659801,-0.0007012191865152992,-0.22135576607262802,STABLE,ADEQUATE,2026-08-28,2026-07-18,2026-08-29,2026-09-12,0.002466618719659801,0.0,A8-20260912
H009,Bleeding,0.0033918779762438,0.0056377177072611,0.0,0.0210526315789473,42,0.0032198095342894965,-0.0001720684419543035,-0.050729549576796346,STABLE,ADEQUATE,2026-08-28,2026-07-18,2026-08-29,2026-09-12,0.0032198095342894965,0.0,A8-20260912
H009,Breathlessness,0.008698367330217,0.007909963789675,0.0,0.024390243902439,42,0.07100220446093976,0.06230383713072276,7.162704765788323,HIGH_INCREASE,ADEQUATE,2026-08-28,2026-07-18,2026-08-29,2026-09-12,0.07100220446093976,0.4340277777777778,A8-20260912
H009,Chest Pain,0.0013279174183902,0.0044537742886389,0.0,0.0229885057471264,42,0.06419977614800389,0.06287185872961369,47.34621133732218,HIGH_INCREASE,ADEQUATE,2026-08-28,2026-07-18,2026-08-29,2026-09-12,0.06419977614800389,0.4340277777777778,A8-20260912
H009,Chills,0.1405426242512724,0.0341431990777058,0.072289156626506,0.1954022988505747,42,0.1371923491777585,-0.003350275073513903,-0.023838142281476373,STABLE,ADEQUATE,2026-08-28,2026-07-18,2026-08-29,2026-09-12,0.1371923491777585,0.1256944444444444,A8-20260912
H009,Dehydration,0.0082666532406219,0.010738426439606,0.0,0.048780487804878,42,0.0055134517766681716,-0.002753201463953728,-0.33304910509910357,DECREASE,ADEQUATE,2026-08-28,2026-07-18,2026-08-29,2026-09-12,0.0055134517766681716,0.0033333333333333,A8-20260912
H009,Diarrhoea,0.1582022444587543,0.0347641106786016,0.0736842105263157,0.2183908045977011,42,0.21226547620487585,0.05406323174612154,0.3417349224790337,MODERATE_INCREASE,ADEQUATE,2026-08-28,2026-07-18,2026-08-29,2026-09-12,0.21226547620487585,0.5404166666666667,A8-20260912
H009,Dry Cough,0.3859210051469415,0.0467558315320744,0.2804878048780488,0.5104166666666666,42,0.38159274978123486,-0.004328255365706635,-0.011215392030964026,STABLE,ADEQUATE,2026-08-28,2026-07-18,2026-08-29,2026-09-12,0.38159274978123486,0.4105555555555555,A8-20260912
H009,Fatigue,0.2129724119349225,0.0393684587414391,0.144578313253012,0.3023255813953488,42,0.20786338080154793,-0.005109031133374575,-0.02398916877053414,STABLE,ADEQUATE,2026-08-28,2026-07-18,2026-08-29,2026-09-12,0.20786338080154793,0.2145833333333333,A8-20260912
H009,Fever,0.8473579535865939,0.0352400892595734,0.7906976744186046,0.936842105263158,42,0.8460649405857404,-0.0012930130008534935,-0.0015259348134759165,STABLE,ADEQUATE,2026-08-28,2026-07-18,2026-08-29,2026-09-12,0.8460649405857404,0.8443055555555555,A8-20260912
H009,Headache,0.4398010830218865,0.0463673544842103,0.3614457831325301,0.5487804878048781,42,0.4396463037662978,-0.00015477925558865513,-0.0003519301374274984,STABLE,ADEQUATE,2026-08-28,2026-07-18,2026-08-29,2026-09-12,0.4396463037662978,0.4390277777777778,A8-20260912
H009,Joint Pain,0.1747791927175839,0.0310130445489948,0.1,0.2558139534883721,42,0.18074970999739776,0.005970517279813847,0.034160343614020906,STABLE,ADEQUATE,2026-08-28,2026-07-18,2026-08-29,2026-09-12,0.18074970999739776,0.185,A8-20260912
H009,Loss of Appetite,0.0348997532715693,0.0145951515109471,0.010752688172043,0.0638297872340425,42,0.09505431319589358,0.06015455992432428,1.7236385442681204,HIGH_INCREASE,ADEQUATE,2026-08-28,2026-07-18,2026-08-29,2026-09-12,0.09505431319589358,0.4406944444444444,A8-20260912
H009,Loss of Smell,0.0329408042031505,0.0179293669144414,0.0,0.0795454545454545,42,0.03240880677756383,-0.0005319974255866694,-0.016150104360105104,STABLE,ADEQUATE,2026-08-28,2026-07-18,2026-08-29,2026-09-12,0.03240880677756383,0.0275,A8-20260912
H009,Loss of Taste,0.0340972706289759,0.020763466300041,0.0,0.1022727272727272,42,0.03222701853405285,-0.0018702520949230514,-0.054850492735148984,STABLE,ADEQUATE,2026-08-28,2026-07-18,2026-08-29,2026-09-12,0.03222701853405285,0.0275,A8-20260912
H009,Muscle Pain,0.3802279072515263,0.0423844370734492,0.2528735632183908,0.4574468085106383,42,0.3826093605751054,0.0023814533235791413,0.006263226023553751,STABLE,ADEQUATE,2026-08-28,2026-07-18,2026-08-29,2026-09-12,0.3826093605751054,0.3648611111111111,A8-20260912
H009,Nausea,0.1470348759581842,0.0398811497977453,0.0795454545454545,0.2289156626506024,42,0.14628453711891615,-0.000750338839268061,-0.005103135119326741,STABLE,ADEQUATE,2026-08-28,2026-07-18,2026-08-29,2026-09-12,0.14628453711891615,0.1381944444444444,A8-20260912
H009,Night Sweats,0.0076484807224716,0.0105849973088505,0.0,0.0459770114942528,42,0.07071379029927159,0.0630653095768,8.245468853900764,HIGH_INCREASE,ADEQUATE,2026-08-28,2026-07-18,2026-08-29,2026-09-12,0.07071379029927159,0.4373611111111111,A8-20260912
H009,Persistent Cough,0.0285897630590227,0.0204166380919296,0.0,0.0804597701149425,42,0.027518716415641558,-0.0010710466433811426,-0.03746259250802461,STABLE,ADEQUATE,2026-08-28,2026-07-18,2026-08-29,2026-09-12,0.027518716415641558,0.0161111111111111,A8-20260912
H009,Rash,0.0532824177102374,0.0239905177904431,0.0104166666666666,0.0987654320987654,42,0.057927789862302806,0.004645372152065404,0.0871839595817152,STABLE,ADEQUATE,2026-08-28,2026-07-18,2026-08-29,2026-09-12,0.057927789862302806,0.05875,A8-20260912
H009,Retro-orbital Pain,0.1339850459326746,0.0327075780664536,0.0659340659340659,0.2247191011235955,42,0.1374094091479809,0.0034243632153062864,0.025557801555159937,STABLE,ADEQUATE,2026-08-28,2026-07-18,2026-08-29,2026-09-12,0.1374094091479809,0.1429166666666666,A8-20260912
H009,Runny Nose,0.1448533753116312,0.0357912427423237,0.0674157303370786,0.2365591397849462,42,0.19680378969997173,0.05195041438834053,0.3586413797854326,MODERATE_INCREASE,ADEQUATE,2026-08-28,2026-07-18,2026-08-29,2026-09-12,0.19680378969997173,0.5458333333333333,A8-20260912
H009,Sore Throat,0.2486650856156274,0.0504733634519865,0.1684210526315789,0.3541666666666667,42,0.24376652418936715,-0.004898561426260245,-0.019699433935941323,STABLE,ADEQUATE,2026-08-28,2026-07-18,2026-08-29,2026-09-12,0.24376652418936715,0.2527777777777777,A8-20260912
H009,Sweating,0.1405426242512724,0.0341431990777058,0.072289156626506,0.1954022988505747,42,0.1371923491777585,-0.003350275073513903,-0.023838142281476373,STABLE,ADEQUATE,2026-08-28,2026-07-18,2026-08-29,2026-09-12,0.1371923491777585,0.1256944444444444,A8-20260912
H009,Vomiting,0.2055831124753724,0.037433742802085,0.1263157894736842,0.2906976744186046,42,0.2039418376259761,-0.0016412748493963014,-0.007983510073537368,STABLE,ADEQUATE,2026-08-28,2026-07-18,2026-08-29,2026-09-12,0.2039418376259761,0.2130555555555555,A8-20260912
H009,Weight Loss,0.0021140815379408,0.0050933510744401,0.0,0.0229885057471264,42,0.0026575585061039317,0.0005434769681631319,0.25707474305484934,MODERATE_INCREASE,ADEQUATE,2026-08-28,2026-07-18,2026-08-29,2026-09-12,0.0026575585061039317,0.0006944444444444,A8-20260912
H010,Abdominal Pain,0.113426267580948,0.0228950009270857,0.0615384615384615,0.1567164179104477,42,0.11217006151220948,-0.0012562060687385107,-0.011075089531990502,STABLE,ADEQUATE,2026-08-28,2026-07-18,2026-08-29,2026-09-12,0.11217006151220948,0.1136363636363636,A8-20260912
H010,Anaemia,0.0022358342433051,0.0037213813953983,0.0,0.0139860139860139,42,0.0026206094658784464,0.00038477522257334643,0.17209469965204408,STABLE,ADEQUATE,2026-08-28,2026-07-18,2026-08-29,2026-09-12,0.0026206094658784464,0.0,A8-20260912
H010,Bleeding,0.0039253570951044,0.005812898062104,0.0,0.0263157894736842,42,0.003921235110734951,-4.12198436944896e-06,-0.0010500915635394772,STABLE,ADEQUATE,2026-08-28,2026-07-18,2026-08-29,2026-09-12,0.003921235110734951,0.0,A8-20260912
H010,Breathlessness,0.0068343611846953,0.007271508981518,0.0,0.0296296296296296,42,0.008194706037123252,0.0013603448524279523,0.19904491665940557,STABLE,ADEQUATE,2026-08-28,2026-07-18,2026-08-29,2026-09-12,0.008194706037123252,0.0,A8-20260912
H010,Chest Pain,0.0023159790727265,0.0036175133857102,0.0,0.0128205128205128,42,0.0026565252564273597,0.0003405461837008598,0.14704199520246522,STABLE,ADEQUATE,2026-08-28,2026-07-18,2026-08-29,2026-09-12,0.0026565252564273597,0.0075757575757575,A8-20260912
H010,Chills,0.119027084319999,0.0312382056204547,0.0579710144927536,0.1907894736842105,42,0.12343777015201778,0.004410685832018771,0.037056152868206356,STABLE,ADEQUATE,2026-08-28,2026-07-18,2026-08-29,2026-09-12,0.12343777015201778,0.1363636363636363,A8-20260912
H010,Dehydration,0.0059070132530215,0.0055630508122968,0.0,0.0208333333333333,42,0.006075825353729086,0.00016881210070758632,0.02857824986616327,STABLE,ADEQUATE,2026-08-28,2026-07-18,2026-08-29,2026-09-12,0.006075825353729086,0.0151515151515151,A8-20260912
H010,Diarrhoea,0.166499120534055,0.0270582677785962,0.0884353741496598,0.2152777777777778,42,0.16194954753594637,-0.004549572998108625,-0.02732490708368682,STABLE,ADEQUATE,2026-08-28,2026-07-18,2026-08-29,2026-09-12,0.16194954753594637,0.1666666666666666,A8-20260912
H010,Dry Cough,0.3873256419281344,0.0396849664017242,0.3157894736842105,0.4743589743589743,42,0.39098367822947955,0.0036580363013451467,0.009444343222760011,STABLE,ADEQUATE,2026-08-28,2026-07-18,2026-08-29,2026-09-12,0.39098367822947955,0.3560606060606061,A8-20260912
H010,Fatigue,0.1847275427633274,0.0329842858382273,0.1041666666666666,0.2516556291390728,42,0.18657313809087323,0.0018455953275458292,0.00999090498329425,STABLE,ADEQUATE,2026-08-28,2026-07-18,2026-08-29,2026-09-12,0.18657313809087323,0.106060606060606,A8-20260912
H010,Fever,0.8354383308314884,0.0290316282712409,0.762962962962963,0.8979591836734694,42,0.8415106597986983,0.0060723289672098835,0.00726843471637968,STABLE,ADEQUATE,2026-08-28,2026-07-18,2026-08-29,2026-09-12,0.8415106597986983,0.8257575757575758,A8-20260912
H010,Headache,0.4320822127134364,0.0458251271612521,0.3422818791946309,0.5290322580645161,42,0.43568688401649647,0.0036046713030600808,0.008342558885780274,STABLE,ADEQUATE,2026-08-28,2026-07-18,2026-08-29,2026-09-12,0.43568688401649647,0.4545454545454545,A8-20260912
H010,Joint Pain,0.1731261029979133,0.0326936024430046,0.0972222222222222,0.238095238095238,42,0.17139008172384285,-0.001736021274070465,-0.010027495819572565,STABLE,ADEQUATE,2026-08-28,2026-07-18,2026-08-29,2026-09-12,0.17139008172384285,0.1893939393939394,A8-20260912
H010,Loss of Appetite,0.0371513886683433,0.0142309298485015,0.0138888888888888,0.0666666666666666,42,0.039011455967386435,0.0018600672990431374,0.050067234784903235,STABLE,ADEQUATE,2026-08-28,2026-07-18,2026-08-29,2026-09-12,0.039011455967386435,0.0303030303030303,A8-20260912
H010,Loss of Smell,0.0249113301644268,0.0120924950985583,0.0,0.0476190476190476,42,0.027300765827661538,0.0023894356632347367,0.09591762653633139,STABLE,ADEQUATE,2026-08-28,2026-07-18,2026-08-29,2026-09-12,0.027300765827661538,0.0151515151515151,A8-20260912
H010,Loss of Taste,0.0254680415807233,0.0120446276408404,0.0,0.047945205479452,42,0.027559119290485896,0.002091077709762596,0.08210594847408008,STABLE,ADEQUATE,2026-08-28,2026-07-18,2026-08-29,2026-09-12,0.027559119290485896,0.0151515151515151,A8-20260912
H010,Muscle Pain,0.4074548981370703,0.0417398031739462,0.3333333333333333,0.4930555555555556,42,0.4024870221704223,-0.004967875966647994,-0.012192456120571094,STABLE,ADEQUATE,2026-08-28,2026-07-18,2026-08-29,2026-09-12,0.4024870221704223,0.3712121212121212,A8-20260912
H010,Nausea,0.1525982149760489,0.0295764869713444,0.0884353741496598,0.2105263157894736,42,0.1470012931340051,-0.0055969218420438005,-0.036677505322865456,STABLE,ADEQUATE,2026-08-28,2026-07-18,2026-08-29,2026-09-12,0.1470012931340051,0.1515151515151515,A8-20260912
H010,Night Sweats,0.0084454058484313,0.0069617388915318,0.0,0.0390625,42,0.010679358341181869,0.0022339524927505686,0.2645168903476103,MODERATE_INCREASE,ADEQUATE,2026-08-28,2026-07-18,2026-08-29,2026-09-12,0.010679358341181869,0.0303030303030303,A8-20260912
H010,Persistent Cough,0.0297742968492051,0.0126640532144399,0.0068965517241379,0.0592592592592592,42,0.030624469565929045,0.0008501727167239438,0.02855391417065963,STABLE,ADEQUATE,2026-08-28,2026-07-18,2026-08-29,2026-09-12,0.030624469565929045,0.0606060606060606,A8-20260912
H010,Rash,0.0568654569049936,0.019093225145201,0.0223880597014925,0.1006711409395973,42,0.05377856772321639,-0.0030868891817772137,-0.054284082987929715,STABLE,ADEQUATE,2026-08-28,2026-07-18,2026-08-29,2026-09-12,0.05377856772321639,0.0227272727272727,A8-20260912
H010,Retro-orbital Pain,0.1424439884650929,0.0322145490822159,0.0833333333333333,0.2170542635658914,42,0.13514072954610468,-0.007303258918988226,-0.05127109257248824,STABLE,ADEQUATE,2026-08-28,2026-07-18,2026-08-29,2026-09-12,0.13514072954610468,0.0757575757575757,A8-20260912
H010,Runny Nose,0.1566564492932274,0.0332995429790738,0.0974025974025974,0.2307692307692307,42,0.1612533162072767,0.0045968669140493135,0.029343617417531026,STABLE,ADEQUATE,2026-08-28,2026-07-18,2026-08-29,2026-09-12,0.1612533162072767,0.1515151515151515,A8-20260912
H010,Sore Throat,0.2527974213824371,0.0348277617567001,0.1870967741935484,0.3571428571428571,42,0.24994625088856748,-0.002851170493869626,-0.011278479338427731,STABLE,ADEQUATE,2026-08-28,2026-07-18,2026-08-29,2026-09-12,0.24994625088856748,0.2045454545454545,A8-20260912
H010,Sweating,0.119027084319999,0.0312382056204547,0.0579710144927536,0.1907894736842105,42,0.12343777015201778,0.004410685832018771,0.037056152868206356,STABLE,ADEQUATE,2026-08-28,2026-07-18,2026-08-29,2026-09-12,0.12343777015201778,0.1363636363636363,A8-20260912
H010,Vomiting,0.2072696764812044,0.0327468549308115,0.1360544217687075,0.2751677852348993,42,0.20117628382613756,-0.006093392655066837,-0.029398379726903262,STABLE,ADEQUATE,2026-08-28,2026-07-18,2026-08-29,2026-09-12,0.20117628382613756,0.1818181818181818,A8-20260912
H010,Weight Loss,0.003677210688361,0.0041067762158158,0.0,0.0132450331125827,42,0.004599686182758963,0.000922475494397963,0.25086283397297726,MODERATE_INCREASE,ADEQUATE,2026-08-28,2026-07-18,2026-08-29,2026-09-12,0.004599686182758963,0.0075757575757575,A8-20260912
